customer_id,default_flag,join_date,loan_amount,loan_purpose,transaction_count,spending_ratio,age,gender,region,education_level,employment_type,annual_income,credit_score,repayment_history,year,month,day,weekday,education_level_encoded,employment_type_encoded,gender_encoded,region_North,region_South,region_West,loan_purpose_Car,loan_purpose_Education,loan_purpose_Home,loan_purpose_Other,debt_to_income_ratio,average_monthly_transactions,spending_to_income_ratio
CUST00001,0,2022-03-04,25700.13,Car,26.0,19.0994,59.0,Female,South,Graduate,Self-Employed,38384.98286511906,565.5203039824149,3.0,2022,3,4,4,2.0,1,0,0.0,1.0,0.0,1.0,0.0,0.0,0.0,0.6695360550324498,2.0634920634920637,0.0006773482247305246
CUST00002,0,2016-04-01,19264.58,Business,2.0,27.1723,49.0,Female,West,Secondary,Self-Employed,54156.78644391384,580.9115574628298,2.0,2016,4,1,4,1.0,1,0,0.0,0.0,1.0,0.0,0.0,0.0,0.0,0.3557186691634832,0.023612750885478158,3.692981307285009e-05
CUST00003,0,2015-04-13,23983.44,Education,28.0,41.93,35.0,Female,East,Graduate,Self-Employed,88523.0138038225,621.473061895565,1.0,2015,4,13,0,2.0,1,0,0.0,0.0,0.0,0.0,1.0,0.0,0.0,0.27092886888318274,0.29015544041450775,0.0003163019286945124
CUST00004,0,2018-01-31,58439.1,Car,48.0,44.8451,63.0,Female,East,Graduate,Self-Employed,139662.12185188758,620.0760816569634,1.0,2018,1,31,2,2.0,1,0,0.0,0.0,0.0,1.0,0.0,0.0,0.0,0.41843199304944667,0.7696419027258151,0.00034368660137431
CUST00005,0,2017-09-30,63903.19,Education,10.0,46.2541,28.0,Female,South,Graduate,Self-Employed,58780.06399818446,533.7455548901194,2.0,2017,9,30,5,2.0,1,0,0.0,1.0,0.0,0.0,1.0,0.0,0.0,1.0871575437885501,0.15045135406218654,0.0001701257079323505
CUST00007,0,2016-07-25,17727.11,Home,37.0,17.6691,59.0,Female,North,Primary,Salaried,47573.71400984002,548.8645172999874,0.0,2016,7,25,0,0.0,0,0,1.0,0.0,0.0,0.0,0.0,1.0,0.0,0.3726240502545875,0.4575432811211872,0.000777740413379267
CUST00008,0,2016-02-24,20571.9,Car,39.0,31.2673,39.0,Male,East,Graduate,Unemployed,177943.21290388203,587.4978930635965,0.0,2016,2,24,2,2.0,2,1,0.0,0.0,0.0,1.0,0.0,0.0,0.0,0.11560935460411259,0.4538401861908456,0.00021917104543383892
CUST00009,0,2022-08-03,34501.93,Car,21.0,42.1541,43.0,Male,South,Graduate,Self-Employed,276619.6310430049,654.9419256402684,2.0,2022,8,3,2,2.0,1,1,0.0,1.0,0.0,1.0,0.0,0.0,0.0,0.12472697570273357,2.7876106194690267,7.591652089484284e-05
CUST00010,0,2021-02-11,9447.24,Car,28.0,27.3012,31.0,Female,South,Secondary,Self-Employed,259255.54505416623,548.6542876844527,0.0,2021,2,11,3,1.0,1,0,0.0,1.0,0.0,1.0,0.0,0.0,0.0,0.03643987633138643,1.099476439790576,0.00010800154725388792
CUST00011,0,2015-12-23,17977.47,Business,38.0,46.7115,31.0,Male,East,Primary,Salaried,176131.7776125039,554.451886113509,2.0,2015,12,23,2,0.0,0,1,0.0,0.0,0.0,0.0,0.0,0.0,0.0,0.10206829365880282,0.43165467625899284,0.0002157475528555746
CUST00012,0,2021-08-15,11986.48,Education,33.0,55.4512,44.0,Female,West,Graduate,Salaried,165629.05762196903,647.3334439754505,2.0,2021,8,15,6,2.0,0,0,0.0,0.0,1.0,0.0,1.0,0.0,0.0,0.07236942703228974,1.709844559585492,0.00019924040185822372
CUST00013,0,2019-09-25,50030.38,Other,11.0,5.9051,56.0,Other,North,Post-Graduate,Self-Employed,28477.577019895325,531.3813458715985,1.0,2019,9,25,2,3.0,1,2,1.0,0.0,0.0,0.0,0.0,0.0,1.0,1.7568341563977585,0.2600472813238771,0.0003862688174740097
CUST00014,0,2015-05-11,35463.53,Car,45.0,51.5232,60.0,Female,West,Post-Graduate,Salaried,109787.71750096622,569.2166381116743,0.0,2015,5,11,0,3.0,0,0,0.0,0.0,1.0,1.0,0.0,0.0,0.0,0.32301910274879236,0.4708754795953959,0.0004098819159766571
CUST00015,0,2015-05-03,25083.41,Car,44.0,49.2501,44.0,Male,North,Graduate,Salaried,73302.09186006713,644.4593742434314,0.0,2015,5,3,6,2.0,0,1,1.0,0.0,0.0,1.0,0.0,0.0,0.0,0.3421922807862557,0.45913043478260873,0.000600255720996278
CUST00017,0,2017-06-14,25395.39,Education,47.0,11.758,42.0,Male,North,Primary,Salaried,21535.139484864678,648.4323603810197,2.0,2017,6,14,2,0.0,0,1,1.0,0.0,0.0,0.0,1.0,0.0,0.0,1.1792535645217614,0.6707897240723121,0.0021824794788551302
CUST00018,0,2017-08-10,23115.21,Education,33.0,43.4453,22.0,Male,South,Graduate,Salaried,110833.0863140576,637.811181039201,0.0,2017,8,10,3,2.0,0,1,0.0,1.0,0.0,0.0,1.0,0.0,0.0,0.20855875053863013,0.48410757946210264,0.000297745024500093
CUST00020,0,2021-10-01,80629.17,Car,26.0,29.4651,64.0,Female,North,Graduate,Salaried,193118.2471402707,514.1447780746361,1.0,2021,10,1,4,2.0,0,0,1.0,0.0,0.0,1.0,0.0,0.0,0.0,0.4175119192203278,1.4661654135338344,0.00013463253931211898
CUST00021,0,2015-04-19,20898.52,Car,15.0,14.7058,50.0,Male,South,Graduate,Unemployed,249894.031305192,609.2477390943926,1.0,2015,4,19,6,2.0,2,1,0.0,1.0,0.0,1.0,0.0,0.0,0.0,0.08362952844790814,0.15576323987538943,6.0025443271515016e-05
CUST00022,0,2021-04-17,41446.4,Other,41.0,15.9827,58.0,Female,West,Secondary,Salaried,56539.36441169312,597.6186809330878,2.0,2021,4,17,5,1.0,0,0,0.0,0.0,1.0,0.0,0.0,0.0,1.0,0.7330538719573635,1.759656652360515,0.0007251584878361426
CUST00023,0,2017-03-25,77293.64,Car,14.0,28.5606,22.0,Female,North,Primary,Salaried,58091.44805509014,625.7267632298204,2.0,2017,3,25,5,0.0,0,0,1.0,0.0,0.0,1.0,0.0,0.0,0.0,1.3305510981013893,0.1923957856161246,0.00024099932896703337
CUST00024,0,2023-01-11,20893.4,Other,23.0,39.9519,41.0,Male,East,Secondary,Salaried,113357.06382839507,609.3206441980697,1.0,2023,1,11,2,1.0,0,1,0.0,0.0,0.0,0.0,0.0,0.0,1.0,0.1843149363115946,10.615384615384617,0.00020289869217871077
CUST00025,0,2022-04-15,11687.92,Business,8.0,17.9326,53.0,Female,South,Primary,Self-Employed,279360.297037933,630.375974193369,1.0,2022,4,15,4,0.0,1,0,0.0,1.0,0.0,0.0,0.0,0.0,0.0,0.041838157117985,0.7142857142857143,2.8636853857990126e-05
CUST00026,0,2022-11-12,8625.8,Car,36.0,50.8936,32.0,Male,East,Secondary,Salaried,102343.16481219183,575.0826244080639,2.0,2022,11,12,5,1.0,0,1,0.0,0.0,0.0,1.0,0.0,0.0,0.0,0.08428310787368219,8.639999999999999,0.00035175773649430306
CUST00028,0,2019-09-15,31168.09,Business,6.0,41.2828,64.0,Female,North,Graduate,Salaried,68629.58111116535,501.77371471544063,3.0,2019,9,15,6,2.0,0,0,1.0,0.0,0.0,0.0,0.0,0.0,0.0,0.45414950077451754,0.14073494917904614,8.742585781313854e-05
CUST00029,0,2017-06-21,45846.78,Other,33.0,67.4944,45.0,Male,North,Graduate,Salaried,111479.778944542,574.4074177597669,3.0,2017,6,21,2,2.0,0,1,1.0,0.0,0.0,0.0,0.0,0.0,1.0,0.41125646672485294,0.4725536992840096,0.0002960178097986412
CUST00030,0,2020-01-14,22939.37,Home,28.0,13.8483,42.94883913594727,Female,North,Post-Graduate,Salaried,114019.1227965247,598.037039232441,1.0,2020,1,14,1,3.0,0,0,1.0,0.0,0.0,0.0,0.0,1.0,0.0,0.20118879568067674,0.7253886010362695,0.00024557284175890395
CUST00031,0,2021-08-10,13169.79,Car,38.0,41.4608,62.0,Female,North,Post-Graduate,Self-Employed,64702.00172963104,625.5046671702605,4.0,2021,8,10,1,3.0,1,0,1.0,0.0,0.0,1.0,0.0,0.0,0.0,0.20354532546044463,1.9520547945205482,0.0005873079500506003
CUST00032,0,2018-02-13,15290.08,Car,30.0,58.1683,48.0,Female,East,Graduate,Self-Employed,67814.11131299395,598.3263170093538,0.0,2018,2,13,1,2.0,1,0,0.0,0.0,0.0,1.0,0.0,0.0,0.0,0.22547047663028577,0.48439181916038754,0.00044238580170336407
CUST00033,0,2015-01-27,12421.35,Home,46.0,19.7094,36.0,Male,West,Post-Graduate,Salaried,54778.836509757304,751.6898621003477,0.0,2015,1,27,1,3.0,0,1,0.0,0.0,1.0,0.0,0.0,1.0,0.0,0.22675454229093542,0.46449007068327164,0.0008397403619882725
CUST00034,0,2016-10-15,71682.04,Education,43.0,22.9787,35.0,Male,West,Secondary,Salaried,195771.35679684827,491.13320173591364,3.0,2016,10,15,5,1.0,0,1,0.0,0.0,1.0,0.0,1.0,0.0,0.0,0.3661518271765587,0.5503412969283276,0.0002196439801182001
CUST00035,0,2022-10-30,119856.31,Other,17.0,43.9052,64.0,Female,East,Secondary,Unemployed,59822.36654036853,511.2435555643024,3.0,2022,10,30,6,1.0,2,0,0.0,0.0,0.0,0.0,0.0,0.0,1.0,2.0035367527481576,3.695652173913044,0.00028417464876666636
CUST00036,0,2019-09-28,37413.81,Car,9.0,39.3227,23.0,Male,North,Graduate,Salaried,74691.6420252608,737.0169129021018,1.0,2019,9,28,5,2.0,0,1,1.0,0.0,0.0,1.0,0.0,0.0,0.0,0.5009102623202019,0.21327014218009477,0.00012049540960628755
CUST00037,0,2018-10-25,10783.37,Business,28.0,9.8974,57.0,Male,North,Graduate,Self-Employed,73427.09220313848,603.6768748839147,2.0,2018,10,25,3,2.0,1,1,1.0,0.0,0.0,0.0,0.0,0.0,0.0,0.1468581919350347,0.5236907730673317,0.0003813306391398024
CUST00038,0,2018-02-12,54028.52,Education,7.0,32.3814,27.0,Male,South,Graduate,Salaried,37662.70594107934,580.5933570968165,4.0,2018,2,12,0,2.0,0,1,0.0,1.0,0.0,0.0,1.0,0.0,0.0,1.4345363310996249,0.11296395911780527,0.00018586025154302533
CUST00039,0,2016-09-28,99906.27,Car,46.0,4.5469,41.0,Female,North,Secondary,Unemployed,58803.1566582175,600.3791357273205,0.0,2016,9,28,2,1.0,2,0,1.0,0.0,0.0,1.0,0.0,0.0,0.0,1.6989950145140467,0.5844980940279543,0.0007822709292184179
CUST00040,0,2017-05-31,79010.29,Home,28.0,45.7114,29.0,Male,South,Secondary,Salaried,206257.89032201542,635.815701311601,1.0,2017,5,31,2,1.0,0,1,0.0,1.0,0.0,0.0,0.0,1.0,0.0,0.38306553934323184,0.39697542533081287,0.00013575238239994425
CUST00041,0,2018-10-10,35478.96,Business,17.0,17.9979,59.0,Female,South,Graduate,Unemployed,149076.091587361,643.556789562197,1.0,2018,10,10,2,2.0,2,0,0.0,1.0,0.0,0.0,0.0,0.0,0.0,0.2379922871750951,0.3150092649783817,0.00011403572376350989
CUST00042,0,2016-02-23,30104.03,Other,40.0,42.4395,38.0,Female,South,Secondary,Self-Employed,55371.185433845865,512.4404511332083,0.0,2016,2,23,1,1.0,1,0,0.0,1.0,0.0,0.0,0.0,0.0,1.0,0.5436768197055573,0.46529662659945714,0.0007223973929145796
CUST00043,0,2016-01-15,35251.63,Business,48.0,12.9775,24.0,Male,South,Graduate,Salaried,44376.81980968003,588.7779531559657,1.0,2016,1,15,4,2.0,0,1,0.0,1.0,0.0,0.0,0.0,0.0,0.0,0.7943703526116683,0.5500381970970206,0.0010816457827726004
CUST00044,0,2019-04-06,96780.34,Home,44.0,26.7224,45.0,Male,West,Graduate,Unemployed,93492.17891977433,573.1587334373547,4.0,2019,4,6,5,2.0,2,1,0.0,0.0,1.0,0.0,0.0,1.0,0.0,1.0351704401182824,0.9160305343511451,0.00047062760231266415
CUST00046,0,2019-01-10,26672.66,Home,5.0,12.9849,29.0,Female,South,Graduate,Salaried,91161.09244283808,510.4599806223485,2.0,2019,1,10,3,2.0,0,0,0.0,1.0,0.0,0.0,0.0,1.0,0.0,0.29258820057169566,0.09823182711198429,5.484796052806426e-05
CUST00047,0,2018-11-09,26141.2,Education,5.0,12.133,46.0,Female,West,Post-Graduate,Self-Employed,102750.32292877168,598.1254227456623,0.0,2018,11,9,4,3.0,1,0,0.0,0.0,1.0,0.0,1.0,0.0,0.0,0.25441477218637587,0.09439899307740716,4.866164754991658e-05
CUST00048,0,2021-10-08,24702.11,Business,14.0,14.8481,43.04770139512394,Female,West,Graduate,Self-Employed,61250.76747176923,673.2659025278083,1.0,2021,10,8,4,2.0,1,0,0.0,0.0,1.0,0.0,0.0,0.0,0.0,0.40329470175839544,0.8,0.0002285685645727242
CUST00049,0,2017-12-19,15495.33,Home,6.0,45.462,40.0,Male,South,Graduate,Unemployed,95132.80798643426,570.9459553013747,0.0,2017,12,19,1,2.0,2,1,0.0,1.0,0.0,0.0,0.0,1.0,0.0,0.16288103261084863,0.09404388714733543,6.306972459864307e-05
CUST00050,0,2015-06-27,107094.89,Business,7.0,23.3463,48.0,Male,South,Graduate,Salaried,206370.87307497885,582.6865030689303,0.0,2015,6,27,5,2.0,0,1,0.0,1.0,0.0,0.0,0.0,0.0,0.0,0.5189438238267771,0.07446808510638298,3.3919515364247905e-05
CUST00051,0,2023-03-08,19336.33,Education,17.0,28.6624,27.0,Male,South,Secondary,Self-Employed,107553.7103117485,589.0862279777907,1.0,2023,3,8,2,1.0,1,1,0.0,1.0,0.0,0.0,1.0,0.0,0.0,0.17978301207789968,56.66666666666667,0.00015806056295710169
CUST00053,0,2021-01-05,21393.83,Other,31.0,5.5465,28.0,Male,West,Secondary,Salaried,210173.3252019471,564.5256465411971,2.0,2021,1,5,1,1.0,0,1,0.0,0.0,1.0,0.0,0.0,0.0,1.0,0.10179136662296955,1.1610486891385767,0.0001474973095192425
CUST00054,0,2016-05-26,24790.63,Home,22.0,38.0569,55.0,Male,North,Graduate,Salaried,93733.43104874417,578.3783705860312,5.0,2016,5,26,3,2.0,0,1,1.0,0.0,0.0,0.0,0.0,1.0,0.0,0.26448012968935425,0.26548672566371684,0.0002347081479238645
CUST00055,0,2019-03-31,33153.23,Other,45.0,53.1261,34.0,Male,South,Graduate,Salaried,92644.7230778585,729.0294696565702,5.0,2019,3,31,6,2.0,0,1,0.0,1.0,0.0,0.0,0.0,0.0,1.0,0.35785340922372955,0.9329647546648238,0.0004857265314742434
CUST00056,0,2015-11-19,56173.14,Home,9.0,17.8113,37.0,Male,East,Post-Graduate,Salaried,262643.76376288384,675.729464666435,3.0,2015,11,19,3,3.0,0,1,0.0,0.0,0.0,0.0,0.0,1.0,0.0,0.2138757806209075,0.10093457943925233,3.42669472560759e-05
CUST00057,0,2021-03-11,29514.03,Car,16.0,6.0374,56.0,Female,South,Secondary,Unemployed,107193.97744745032,674.7723765869299,2.0,2021,3,11,3,1.0,2,0,0.0,1.0,0.0,1.0,0.0,0.0,0.0,0.2753329123781106,0.6521739130434783,0.00014926211696775294
CUST00060,0,2021-12-08,19666.32,Education,45.0,8.517,22.0,Male,East,Secondary,Unemployed,87331.66399274378,596.6807116338097,1.0,2021,12,8,2,1.0,2,1,0.0,0.0,0.0,0.0,1.0,0.0,0.0,0.22519117466528563,2.9094827586206895,0.0005152770248799904
CUST00061,0,2019-01-21,124875.27,Education,13.0,46.8093,26.0,Male,West,Graduate,Salaried,121926.44347651722,677.6390767690704,3.0,2019,1,21,0,2.0,0,1,0.0,0.0,1.0,0.0,1.0,0.0,0.0,1.0241852910607594,0.25725593667546176,0.000106621661629159
CUST00062,0,2021-06-22,29497.02,Business,19.0,15.9236,62.0,Male,West,Graduate,Self-Employed,177726.7452577865,499.33882965061696,2.0,2021,6,22,1,2.0,1,1,0.0,0.0,1.0,0.0,0.0,0.0,0.0,0.1659683800387814,0.9004739336492891,0.00010690568812499861
CUST00065,0,2015-10-12,65585.62,Business,10.0,30.3131,38.0,Male,East,Primary,Salaried,44352.11625312144,684.9453316791785,1.0,2015,10,12,0,0.0,0,1,0.0,0.0,0.0,0.0,0.0,0.0,0.0,1.4787483786725546,0.11057869517139697,0.0002254683844831466
CUST00066,0,2015-07-07,17722.33,Education,16.0,22.5593,46.0,Male,North,Secondary,Unemployed,59334.7230844196,713.122330844959,1.0,2015,7,7,1,1.0,2,1,1.0,0.0,0.0,0.0,1.0,0.0,0.0,0.2986839590501707,0.1708185053380783,0.0002696566052433698
CUST00067,0,2022-06-01,19288.59,Education,28.0,19.7267,64.0,Male,East,Graduate,Salaried,73338.41189889783,617.4671000353728,3.0,2022,6,1,2,2.0,0,1,0.0,0.0,0.0,0.0,1.0,0.0,0.0,0.2630080131349269,2.906574394463668,0.00038179174153102704
CUST00068,0,2017-07-22,53068.9,Car,19.0,39.7301,54.0,Male,North,Graduate,Salaried,204567.3381316934,677.4345559011992,1.0,2017,7,22,5,2.0,0,1,1.0,0.0,0.0,1.0,0.0,0.0,0.0,0.2594202011165442,0.2761627906976744,9.287895210216039e-05
CUST00069,0,2018-03-31,37600.82,Education,40.0,34.5073,30.0,Male,East,Secondary,Self-Employed,47041.01010788502,542.5717428516772,2.0,2018,3,31,5,1.0,1,1,0.0,0.0,0.0,0.0,1.0,0.0,0.0,0.7993199957604088,0.6622516556291391,0.000850321876768016
CUST00071,0,2017-08-11,21372.47,Education,4.0,24.6449,42.85489001603736,Male,North,Post-Graduate,Self-Employed,157613.39846721545,652.351050724861,3.0,2017,8,11,4,3.0,1,1,1.0,0.0,0.0,0.0,1.0,0.0,0.0,0.13560059111627878,0.05870841487279843,2.5378553085586976e-05
CUST00072,0,2016-02-18,63632.99,Other,30.0,44.7421,51.0,Female,North,Primary,Salaried,197311.33379448912,623.192893923013,1.0,2016,2,18,3,0.0,0,0,1.0,0.0,0.0,0.0,0.0,0.0,1.0,0.32250043003752304,0.348297213622291,0.00015204397752055485
CUST00073,0,2019-04-06,6059.42,Home,39.0,14.0239,35.0,Female,North,Graduate,Self-Employed,56516.06164583853,705.2805935774799,1.0,2019,4,6,5,2.0,1,0,1.0,0.0,0.0,0.0,0.0,1.0,0.0,0.10721589267793886,0.8119361554476059,0.0006900693159476675
CUST00074,0,2018-02-12,32094.71,Business,31.0,18.2313,28.0,Male,East,Graduate,Salaried,103092.44795509677,556.8972129722089,0.0,2018,2,12,0,2.0,0,1,0.0,0.0,0.0,0.0,0.0,0.0,0.0,0.31131970029443146,0.5002689618074233,0.0003007009787322389
CUST00076,0,2022-02-16,25234.38,Business,27.0,17.5749,43.0,Male,South,Secondary,Salaried,149081.7735777418,607.6369633086638,0.0,2022,2,16,2,1.0,0,1,0.0,1.0,0.0,0.0,0.0,0.0,0.0,0.16926535950312535,2.0558375634517767,0.0001811086583694303
CUST00077,0,2019-02-03,33446.43,Education,45.0,60.6744,60.0,Female,North,Graduate,Salaried,117876.69983721273,517.631122312848,3.0,2019,2,3,6,2.0,0,0,1.0,0.0,0.0,0.0,1.0,0.0,0.0,0.2837408075233646,0.8982035928143712,0.00038175483417965405
CUST00078,0,2016-10-28,90291.89,Education,21.0,6.7291,41.0,Male,North,Post-Graduate,Salaried,83623.85554387864,618.1545555040199,1.0,2016,10,28,4,3.0,0,1,1.0,0.0,0.0,0.0,1.0,0.0,0.0,1.0797384240747252,0.2702702702702703,0.0002511245130162768
CUST00079,0,2019-02-25,14425.72,Other,37.0,21.6059,36.0,Other,North,Post-Graduate,Salaried,149087.76840986844,462.48556696369224,0.0,2019,2,25,0,3.0,0,2,1.0,0.0,0.0,0.0,0.0,0.0,1.0,0.09675991634901371,0.7494935854152599,0.00024817595966880737
CUST00080,0,2018-12-26,6307.95,Business,9.0,54.4502,38.0,Female,North,Graduate,Salaried,183530.908877056,683.7563627542568,3.0,2018,12,26,2,2.0,0,0,1.0,0.0,0.0,0.0,0.0,0.0,0.0,0.03436996001706492,0.17509727626459146,4.9038061518176946e-05
CUST00081,0,2017-05-08,15828.34,Home,35.0,21.0746,44.0,Male,West,Graduate,Salaried,49025.34140496053,603.7309893252773,3.0,2017,5,8,0,2.0,0,1,0.0,0.0,1.0,0.0,0.0,1.0,0.0,0.3228603727458886,0.49088359046283314,0.0007139164969988072
CUST00082,0,2022-07-08,82285.38,Business,42.0,42.839,46.0,Male,North,Graduate,Salaried,249753.59014020607,558.328567687699,2.0,2022,7,8,4,2.0,0,1,1.0,0.0,0.0,0.0,0.0,0.0,0.0,0.32946625493474124,5.0,0.00016816575079630342
CUST00083,0,2017-12-29,9740.1,Car,47.0,40.4588,45.0,Female,South,Graduate,Self-Employed,177928.91112870243,533.2501110163903,0.0,2017,12,29,4,2.0,1,0,0.0,1.0,0.0,1.0,0.0,0.0,0.0,0.054741525355340555,0.7405462184873949,0.00026415043908183756
CUST00084,0,2022-11-14,22981.43,Car,21.0,14.3225,61.0,Female,North,Graduate,Salaried,55319.39583207658,581.233677630465,0.0,2022,11,14,0,2.0,0,0,1.0,0.0,0.0,1.0,0.0,0.0,0.0,0.4154316881869193,5.121951219512195,0.0003796136903545734
CUST00085,0,2022-08-31,71087.15,Other,17.0,4.2961,49.0,Male,North,Secondary,Salaried,124281.15115705972,655.0607768617931,1.0,2022,8,31,2,1.0,0,1,1.0,0.0,0.0,0.0,0.0,0.0,1.0,0.5719865751015127,2.5757575757575757,0.00013678663129307783
CUST00086,0,2022-04-08,34657.07,Car,24.0,21.9685,35.0,Male,South,Graduate,Self-Employed,169549.34183209128,643.8191182990048,2.0,2022,4,8,4,2.0,1,1,0.0,1.0,0.0,1.0,0.0,0.0,0.0,0.20440698634101284,2.0991253644314867,0.00014155171433085105
CUST00087,0,2015-10-20,89586.99,Business,31.0,36.4267,21.0,Female,East,Graduate,Salaried,47043.31281908778,543.5569642177231,1.0,2015,10,20,1,2.0,0,0,0.0,0.0,0.0,0.0,0.0,0.0,0.0,1.9043512166016114,0.343807763401109,0.0006589671972978437
CUST00088,0,2021-10-31,7130.12,Car,6.0,23.8234,45.0,Male,North,Graduate,Self-Employed,101233.70766049597,532.3168261897893,2.0,2021,10,31,6,2.0,1,1,1.0,0.0,0.0,1.0,0.0,0.0,0.0,0.07043227166895873,0.3585657370517928,5.9268796319522295e-05
CUST00089,0,2022-02-13,28077.19,Home,35.0,21.7927,27.0,Female,North,Post-Graduate,Salaried,94173.19062733909,652.5518965055718,0.0,2022,2,13,6,3.0,0,0,1.0,0.0,0.0,0.0,0.0,1.0,0.0,0.2981441938301388,2.6448362720403025,0.0003716556672535556
CUST00090,0,2016-12-01,105846.13,Education,37.0,3.9906,29.0,Male,South,Primary,Salaried,67013.65439139714,542.2122076307976,4.0,2016,12,1,3,0.0,0,1,0.0,1.0,0.0,0.0,1.0,0.0,0.0,1.5794710937833585,0.4832390074009578,0.00055212628435243
CUST00091,0,2020-12-27,14742.57,Home,13.0,30.358,43.05541957893754,Male,North,Secondary,Salaried,104340.42001963987,604.7927819263602,2.0,2020,12,27,6,1.0,0,1,1.0,0.0,0.0,0.0,0.0,1.0,0.0,0.1412929907434245,0.48148148148148145,0.00012459217623959177
CUST00092,0,2023-03-06,83103.98,Business,25.0,30.9266,21.0,Male,North,Primary,Self-Employed,149049.67715495534,609.9003714019422,3.0,2023,3,6,0,0.0,1,1,1.0,0.0,0.0,0.0,0.0,0.0,0.0,0.5575589399875268,68.18181818181819,0.00016772931332155417
CUST00093,0,2017-09-29,30074.94,Car,32.0,71.7651,64.0,Male,West,Graduate,Self-Employed,225163.98577357427,624.964970538139,1.0,2017,9,29,4,2.0,1,1,0.0,0.0,1.0,1.0,0.0,0.0,0.0,0.13356905144787884,0.48120300751879697,0.00014211864250875057
CUST00094,0,2016-10-31,51395.38,Car,1.0,43.9637,28.0,Male,East,Graduate,Salaried,67779.38741000973,668.6616344145498,1.0,2016,10,31,0,2.0,0,1,0.0,0.0,0.0,1.0,0.0,0.0,0.0,0.7582744837910688,0.012886597938144331,1.4753747978730168e-05
CUST00095,0,2020-03-08,99880.08,Home,49.0,22.9546,44.0,Male,East,Secondary,Salaried,158766.1055683258,600.4776105391788,2.0,2020,3,8,6,1.0,0,1,0.0,0.0,0.0,0.0,0.0,1.0,0.0,0.6291020343571765,1.3315217391304348,0.00030863010605820145
CUST00096,0,2019-04-04,51219.16,Car,35.0,8.8909,31.0,Male,South,Graduate,Unemployed,36562.12572819115,447.107253979161,2.0,2019,4,4,3,2.0,2,1,0.0,1.0,0.0,1.0,0.0,0.0,0.0,1.40088025463212,0.7276507276507276,0.0009572747564021782
CUST00097,0,2018-01-10,22629.29,Business,19.0,23.1334,37.0,Female,South,Graduate,Salaried,89582.39700732523,554.6042175017319,3.0,2018,1,10,2,2.0,0,0,0.0,1.0,0.0,0.0,0.0,0.0,0.0,0.2526086681756192,0.3012684989429175,0.00021209524007765002
CUST00098,0,2022-03-06,56934.13,Home,12.0,34.2006,28.0,Male,South,Graduate,Salaried,149064.191849892,744.1222726265748,0.0,2022,3,6,6,2.0,0,1,0.0,1.0,0.0,0.0,0.0,1.0,0.0,0.3819437068919463,0.9574468085106383,8.050223095888802e-05
CUST00099,0,2022-09-19,21387.46,Education,40.0,25.3388,55.0,Female,East,Graduate,Unemployed,87853.45046571616,761.7739280069902,1.0,2022,9,19,0,2.0,2,0,0.0,0.0,0.0,0.0,1.0,0.0,0.0,0.24344473537036795,6.70391061452514,0.00045530368799355877
CUST00100,0,2021-03-31,45192.82,Other,40.0,38.6019,55.0,Female,East,Graduate,Self-Employed,77824.30163060885,746.494170845271,2.0,2021,3,31,2,2.0,1,0,0.0,0.0,0.0,0.0,0.0,0.0,1.0,0.5807031872191621,1.675977653631285,0.0005139782710786025
CUST00101,0,2017-06-18,13340.04,Business,47.0,39.5938,43.16246624940434,Female,North,Post-Graduate,Salaried,66137.48661248422,597.690474721777,1.0,2017,6,18,6,3.0,0,0,1.0,0.0,0.0,0.0,0.0,0.0,0.0,0.2017016473299412,0.6720686367969494,0.0007106408544882352
CUST00102,0,2022-09-05,37170.69,Business,43.0,35.5652,25.0,Male,South,Secondary,Self-Employed,155239.51604410599,457.4307934412137,2.0,2022,9,5,0,1.0,1,1,0.0,1.0,0.0,0.0,0.0,0.0,0.0,0.23944090362558992,6.683937823834197,0.0002769913298865414
CUST00103,0,2018-08-21,94036.14,Home,20.0,20.0006,62.0,Male,South,Secondary,Self-Employed,179813.3618008204,412.55687186785275,2.0,2018,8,21,1,1.0,1,1,0.0,1.0,0.0,0.0,0.0,1.0,0.0,0.5229652516266506,0.35949670461354105,0.000111226439457564
CUST00104,0,2015-08-18,28594.92,Car,33.0,36.3851,59.0,Female,West,Graduate,Salaried,93967.4259252791,550.8769470760471,1.0,2015,8,18,1,2.0,0,0,0.0,0.0,1.0,1.0,0.0,0.0,0.0,0.30430672883109594,0.35765895953757226,0.00035118552705956744
CUST00105,0,2017-07-27,87112.21,Other,29.0,45.7316,61.0,Female,East,Post-Graduate,Salaried,51124.41727248888,584.1541095880511,1.0,2017,7,27,3,3.0,0,0,0.0,0.0,0.0,0.0,0.0,0.0,1.0,1.7039257295726071,0.42253521126760557,0.0005672436293098935
CUST00107,0,2018-07-16,35484.18,Education,14.0,4.5726,27.0,Male,North,Primary,Unemployed,58227.99549144804,669.4244367633956,1.0,2018,7,16,0,0.0,2,1,1.0,0.0,0.0,0.0,1.0,0.0,0.0,0.6094006791838055,0.24633431085043989,0.00024043417400580419
CUST00108,0,2019-07-02,59358.69,Business,7.0,7.9738,29.0,Male,East,Secondary,Self-Employed,41123.978337836015,599.0986683503103,4.0,2019,7,2,1,1.0,1,1,0.0,0.0,0.0,0.0,0.0,0.0,0.0,1.443408259589204,0.155096011816839,0.00017021699463253697
CUST00109,0,2018-01-01,53182.79,Car,6.0,40.5458,28.0,Female,North,Graduate,Salaried,29508.29974626346,528.8124183247087,2.0,2018,1,1,0,2.0,0,0,1.0,0.0,0.0,1.0,0.0,0.0,0.0,1.802299368561022,0.09468700683850605,0.00020333262341757797
CUST00111,0,2017-05-14,68207.98,Business,36.0,67.325,54.0,Female,North,Graduate,Salaried,86642.88403506528,620.3302149657148,0.0,2017,5,14,6,2.0,0,0,1.0,0.0,0.0,0.0,0.0,0.0,0.0,0.7872311818751961,0.5063291139240507,0.0004154986344340803
CUST00112,0,2021-05-12,29777.97,Business,22.0,8.4013,53.0,Female,East,Post-Graduate,Salaried,183244.02060220958,655.7640783071781,1.0,2021,5,12,2,3.0,0,0,0.0,0.0,0.0,0.0,0.0,0.0,0.0,0.16250445663732033,0.9792284866468843,0.00012005848773509569
CUST00113,0,2023-01-19,21374.73,Education,40.0,27.4822,43.0,Female,North,Graduate,Salaried,142436.38216617992,598.0165593850278,1.0,2023,1,19,3,2.0,0,0,1.0,0.0,0.0,0.0,1.0,0.0,0.0,0.150065100467535,21.05263157894737,0.0002808271271123144
CUST00114,0,2018-07-12,10710.09,Other,19.0,4.0708,44.0,Male,South,Graduate,Salaried,117491.437168723,517.2321632314677,1.0,2018,7,12,3,2.0,0,1,0.0,1.0,0.0,0.0,0.0,0.0,1.0,0.09115634516088035,0.3335283791691047,0.0001617139125867968
CUST00115,0,2017-05-20,27606.13,Car,25.0,12.2493,57.0,Male,West,Graduate,Self-Employed,83883.12020165255,652.053410303367,2.0,2017,5,20,5,2.0,1,1,0.0,0.0,1.0,1.0,0.0,0.0,0.0,0.32910232635166264,0.35260930888575454,0.0002980337395640593
CUST00118,0,2019-06-09,44238.13,Business,45.0,14.3488,60.0,Female,South,Graduate,Salaried,180843.54053272866,537.2543223759795,1.0,2019,6,9,6,2.0,0,0,0.0,1.0,0.0,0.0,0.0,0.0,0.0,0.24462101255971527,0.9803921568627452,0.0002488338807537115
CUST00119,0,2022-03-18,32909.35,Education,34.0,42.0502,42.0,Male,North,Graduate,Salaried,74748.24565584338,655.0796779649253,2.0,2022,3,18,4,2.0,0,1,1.0,0.0,0.0,0.0,1.0,0.0,0.0,0.4402691957684406,2.8021978021978025,0.0004548601736627123
CUST00120,0,2020-02-23,22102.05,Home,11.0,44.7291,47.0,Male,East,Graduate,Unemployed,157777.2224148745,581.2393971883287,0.0,2020,2,23,6,2.0,2,1,0.0,0.0,0.0,0.0,0.0,1.0,0.0,0.14008390857510952,0.295169946332737,6.971855526189674e-05
CUST00121,0,2016-08-08,8246.69,Home,48.0,12.3286,43.17265438526229,Male,North,Graduate,Salaried,77555.27327799636,727.1317841309166,2.0,2016,8,8,0,2.0,0,1,1.0,0.0,0.0,0.0,0.0,1.0,0.0,0.10633306610164077,0.5970149253731343,0.0006189134274331589
CUST00122,0,2017-12-20,108042.91,Business,42.0,26.4554,21.0,Male,South,Graduate,Salaried,50866.488700769914,640.0903420851661,2.0,2017,12,20,2,2.0,0,1,0.0,1.0,0.0,0.0,0.0,0.0,0.0,2.1240489123512996,0.6586513329848406,0.0008256909622182018
CUST00123,0,2016-07-25,54926.57,Car,47.0,64.0309,55.0,Male,East,Primary,Self-Employed,57559.62020457448,561.0695049448584,2.0,2016,7,25,0,0.0,1,1,0.0,0.0,0.0,1.0,0.0,0.0,0.0,0.9542552540267591,0.5812036273701567,0.000816544651145296
CUST00125,0,2021-04-18,86122.88,Other,42.0,18.9744,34.0,Female,East,Post-Graduate,Salaried,105069.3416014286,605.0706714110174,1.0,2021,4,18,6,3.0,0,0,0.0,0.0,0.0,0.0,0.0,0.0,1.0,0.819676593451015,1.8051575931232093,0.00039973601585249616
CUST00127,0,2017-12-12,8959.92,Car,6.0,8.3218,21.0,Female,North,Post-Graduate,Salaried,58161.931085124015,526.9929441457899,1.0,2017,12,12,1,3.0,0,0,1.0,0.0,0.0,1.0,0.0,0.0,0.0,0.15405128118745812,0.09370119729307652,0.00010316026115464744
CUST00128,0,2021-07-22,8835.49,Business,46.0,13.1467,25.0,Male,East,Secondary,Salaried,218402.09030808407,656.11119150476,3.0,2021,7,22,3,1.0,0,1,0.0,0.0,0.0,0.0,0.0,0.0,0.0,0.04045515309645806,2.288557213930348,0.00021062069477041688
CUST00129,0,2019-10-21,37565.81,Car,2.0,42.983,42.86804165098582,Male,South,Graduate,Self-Employed,81604.87395298677,667.6218637633676,1.0,2019,10,21,0,2.0,1,1,0.0,1.0,0.0,1.0,0.0,0.0,0.0,0.4603378227339946,0.048270313757039426,2.4508340042927047e-05
CUST00130,0,2021-07-18,14494.26,Home,42.0,46.94,34.0,Male,West,Graduate,Salaried,149087.73041956848,648.3025175642367,4.0,2021,7,18,6,2.0,0,1,0.0,0.0,1.0,0.0,0.0,1.0,0.0,0.09721967031901076,2.0757825370675453,0.0002817133233016692
CUST00131,0,2019-06-24,21056.63,Home,17.0,52.5014,59.0,Female,West,Graduate,Salaried,72879.6258574843,721.2254475459041,0.0,2019,6,24,0,2.0,0,0,0.0,0.0,1.0,0.0,0.0,1.0,0.0,0.28892340969444774,0.3744493392070485,0.0002332613511661463
CUST00133,0,2017-06-17,94080.02,Other,48.0,23.2902,29.0,Male,South,Secondary,Salaried,121394.6043742948,733.9416612856904,0.0,2017,6,17,5,1.0,0,1,0.0,1.0,0.0,0.0,0.0,0.0,1.0,0.7749934231831589,0.6860409718913768,0.000395404723689383
CUST00134,0,2016-07-20,17179.56,Home,14.0,36.1721,35.0,Male,South,Secondary,Unemployed,125827.94277337057,527.9263105156678,2.0,2016,7,20,2,1.0,2,1,0.0,1.0,0.0,0.0,0.0,1.0,0.0,0.13653215352127474,0.17276840806252572,0.00011126304453070079
CUST00135,0,2020-09-18,5470.38,Home,10.0,30.9247,35.0,Female,East,Graduate,Salaried,219060.32014084668,518.9851549305206,2.0,2020,9,18,4,2.0,0,0,0.0,0.0,0.0,0.0,0.0,1.0,0.0,0.024972025953777358,0.32967032967032966,4.564952700502955e-05
CUST00136,0,2020-07-14,16059.41,Other,45.0,43.2939,46.0,Male,South,Secondary,Unemployed,53008.00541205803,459.20328942806,0.0,2020,7,14,1,1.0,2,1,0.0,1.0,0.0,0.0,0.0,0.0,1.0,0.30296197480290166,1.3831967213114755,0.0008489283769534854
CUST00137,0,2016-01-08,23254.28,Home,33.0,29.8686,62.0,Male,North,Graduate,Salaried,52520.02171849074,564.3363748938547,3.0,2016,1,8,4,2.0,0,1,1.0,0.0,0.0,0.0,0.0,1.0,0.0,0.44276980928613857,0.37714285714285717,0.000628331804142832
CUST00138,0,2015-07-12,28084.95,Business,42.0,29.7354,33.0,Female,West,Secondary,Salaried,25381.16987120392,559.7022130536437,4.0,2015,7,12,6,1.0,0,0,0.0,0.0,1.0,0.0,0.0,0.0,0.0,1.1065270096893225,0.44919786096256686,0.0016547700603686865
CUST00139,0,2016-03-25,13052.87,Car,12.0,12.8606,52.0,Female,West,Primary,Self-Employed,149088.52985471324,642.0749824203721,1.0,2016,3,25,4,0.0,1,0,0.0,0.0,1.0,1.0,0.0,0.0,0.0,0.08755113497141612,0.14128728414442698,8.048908934640376e-05
CUST00140,0,2016-09-18,89669.01,Home,32.0,8.8985,59.0,Male,South,Graduate,Salaried,138342.8827621629,619.5112753296361,2.0,2016,9,18,6,2.0,0,1,0.0,1.0,0.0,0.0,0.0,1.0,0.0,0.6481649667092573,0.4048924504428511,0.0002313093334552956
CUST00141,0,2022-01-14,20554.42,Other,49.0,34.879,52.0,Female,North,Graduate,Self-Employed,152417.6778280473,504.56213031846903,2.0,2022,1,14,4,2.0,1,0,1.0,0.0,0.0,0.0,0.0,0.0,1.0,0.1348558795337955,3.4426229508196724,0.0003214850186556458
CUST00142,0,2016-10-17,61014.21,Home,24.0,21.8959,24.0,Female,South,Post-Graduate,Unemployed,48542.41668644882,568.5819009259346,0.0,2016,10,17,0,3.0,2,0,0.0,1.0,0.0,0.0,0.0,1.0,0.0,1.2569256778893092,0.3074295473953886,0.000494412961658332
CUST00143,0,2022-08-19,37915.3,Education,14.0,9.5086,50.0,Male,West,Graduate,Self-Employed,37701.329061978446,570.2830383129851,1.0,2022,8,19,4,2.0,1,1,0.0,0.0,1.0,0.0,1.0,0.0,0.0,1.0056754216189514,2.0,0.0003713396940724541
CUST00144,0,2019-09-26,76940.04,Car,5.0,36.994,57.0,Male,West,Secondary,Salaried,44722.36606859518,457.9214202430486,1.0,2019,9,26,3,1.0,0,1,0.0,0.0,1.0,1.0,0.0,0.0,0.0,1.7203928763963277,0.11829652996845426,0.00011180088263512262
CUST00145,0,2021-09-08,30021.34,Home,5.0,59.4473,43.0,Female,North,Post-Graduate,Self-Employed,56752.593604699054,521.5242618389304,3.0,2021,9,8,2,3.0,1,0,1.0,0.0,0.0,0.0,0.0,1.0,0.0,0.5289862205965203,0.2702702702702703,8.81017004231857e-05
CUST00146,0,2015-09-18,17326.82,Home,47.0,15.8089,59.0,Male,North,Graduate,Salaried,250791.03596798665,538.3349095508729,0.0,2015,9,18,4,2.0,0,1,1.0,0.0,0.0,0.0,0.0,1.0,0.0,0.06908867349713313,0.51516258677384,0.00018740701723485653
CUST00147,0,2019-04-26,22496.84,Home,32.0,24.9431,35.0,Male,West,Primary,Salaried,179885.53919935296,714.6900015856756,3.0,2019,4,26,4,0.0,0,1,0.0,0.0,1.0,0.0,0.0,1.0,0.0,0.12506197051820006,0.6755805770584096,0.00017789089741414356
CUST00148,0,2019-04-13,22752.08,Home,45.0,17.2679,63.0,Male,South,Graduate,Salaried,74986.81789179094,597.9924216828251,0.0,2019,4,13,5,2.0,0,1,0.0,1.0,0.0,0.0,0.0,1.0,0.0,0.3034143952185328,0.9414225941422595,0.0006001054754041817
CUST00150,0,2020-04-01,38607.59,Education,33.0,23.6181,56.0,Male,West,Graduate,Self-Employed,65708.43956500993,480.10916022806305,2.0,2020,4,1,2,2.0,1,1,0.0,0.0,1.0,0.0,1.0,0.0,0.0,0.587559075448791,0.9166666666666666,0.000502218591986967
CUST00151,0,2020-12-07,36450.35,Car,46.0,18.028,33.0,Female,North,Secondary,Salaried,122831.38699631182,695.5371586411194,2.0,2020,12,7,0,1.0,0,0,1.0,0.0,0.0,1.0,0.0,0.0,0.0,0.296751106466741,1.6626506024096386,0.0003744971144987658
CUST00152,0,2017-10-26,73542.68,Car,4.0,33.7747,52.0,Male,East,Secondary,Salaried,49868.38717116627,704.0881650419274,1.0,2017,10,26,3,1.0,0,1,0.0,0.0,0.0,1.0,0.0,0.0,0.0,1.474735482171802,0.06097560975609757,8.021113629102459e-05
CUST00154,0,2015-02-17,89084.54,Other,41.0,32.81,42.0,Female,South,Graduate,Salaried,59288.93781422065,543.5746620867321,4.0,2015,2,17,1,2.0,0,0,0.0,1.0,0.0,0.0,0.0,0.0,1.0,1.5025490974242546,0.4169491525423729,0.0006915286647312143
CUST00155,0,2022-08-18,26966.15,Business,17.0,18.0182,48.0,Male,West,Graduate,Salaried,160099.21841629592,598.2081555686747,0.0,2022,8,18,3,2.0,0,1,0.0,0.0,1.0,0.0,0.0,0.0,0.0,0.16843398903973172,2.4170616113744074,0.00010618415360277381
CUST00156,0,2023-01-31,24861.81,Other,3.0,13.5116,22.0,Female,South,Primary,Self-Employed,76385.35399057086,651.5510762830546,2.0,2023,1,31,1,0.0,1,0,0.0,1.0,0.0,0.0,0.0,0.0,1.0,0.3254787560854792,2.0,3.927454470356091e-05
CUST00157,0,2016-04-14,16577.16,Car,13.0,18.4,62.0,Female,West,Post-Graduate,Salaried,61448.48299316461,545.7204215610222,0.0,2016,4,14,3,3.0,0,0,0.0,0.0,1.0,1.0,0.0,0.0,0.0,0.2697732993968949,0.15427215189873417,0.00021155933176488818
CUST00159,0,2021-01-08,34342.54,Education,48.0,33.2014,48.0,Male,South,Graduate,Self-Employed,109772.76231501561,552.2095151163886,4.0,2021,1,8,4,2.0,1,1,0.0,1.0,0.0,0.0,1.0,0.0,0.0,0.3128511961960745,1.8045112781954886,0.0004372669411584459
CUST00160,0,2017-12-28,14196.72,Education,36.0,41.9609,48.0,Male,North,Post-Graduate,Salaried,81364.24276193771,608.8334437556896,2.0,2017,12,28,3,3.0,0,1,1.0,0.0,0.0,0.0,1.0,0.0,0.0,0.1744835264003863,0.5669291338582677,0.0004424548029695526
CUST00161,0,2022-03-10,42508.6,Education,18.0,12.4596,64.0,Male,South,Primary,Salaried,155578.69892879427,695.774282516953,1.0,2022,3,10,3,0.0,0,1,0.0,1.0,0.0,0.0,1.0,0.0,0.0,0.2732289207499766,1.4516129032258065,0.0001156970724394494
CUST00162,0,2018-10-25,21589.38,Car,23.0,13.5797,64.0,Male,South,Graduate,Salaried,44179.02280580006,538.3166274287037,1.0,2018,10,25,3,2.0,0,1,0.0,1.0,0.0,1.0,0.0,0.0,0.0,0.48867943718224643,0.4301745635910224,0.0005206090705333672
CUST00163,0,2016-04-01,26590.76,Other,35.0,45.2676,40.0,Male,North,Graduate,Salaried,191782.6835672689,680.0656398214732,1.0,2016,4,1,4,2.0,0,1,1.0,0.0,0.0,0.0,0.0,0.0,1.0,0.13865047409597403,0.4132231404958678,0.0001824982284582724
CUST00164,0,2018-04-17,46564.92,Business,49.0,35.3595,50.0,Other,South,Post-Graduate,Self-Employed,149069.94293133015,537.466234212249,0.0,2018,4,17,1,3.0,1,2,0.0,1.0,0.0,0.0,0.0,0.0,0.0,0.31236961042810873,0.8189415041782729,0.0003287047612446736
CUST00165,0,2019-11-16,122612.98,Car,33.0,17.5431,31.0,Male,South,Graduate,Self-Employed,141559.10745875555,532.1898230002492,3.0,2019,11,16,5,2.0,1,1,0.0,1.0,0.0,1.0,0.0,0.0,0.0,0.8661610135944403,0.8134757600657353,0.0002331181694516888
CUST00166,0,2016-10-09,39390.04,Business,36.0,5.3564,48.0,Male,East,Secondary,Salaried,38998.400965482026,665.4875694674571,0.0,2016,10,9,6,1.0,0,1,0.0,0.0,0.0,0.0,0.0,0.0,0.0,1.0100424382749595,0.45957446808510644,0.0009231147715995856
CUST00167,0,2020-02-02,20561.4,Car,17.0,29.9724,45.0,Female,East,Post-Graduate,Self-Employed,78475.70968481257,673.7549102406093,0.0,2020,2,2,6,3.0,1,0,0.0,0.0,0.0,1.0,0.0,0.0,0.0,0.26200973629397145,0.4477611940298507,0.00021662754078017617
CUST00168,0,2015-01-14,24247.48,Home,39.0,25.0898,59.0,Male,East,Secondary,Unemployed,98987.42329348974,668.1127949410123,2.0,2015,1,14,2,1.0,2,1,0.0,0.0,0.0,0.0,0.0,1.0,0.0,0.24495515888021624,0.3920911528150134,0.00039398944534972023
CUST00169,0,2023-02-05,61399.55,Car,34.0,20.5747,53.0,Other,North,Post-Graduate,Unemployed,183171.75217905373,494.7362073425487,4.0,2023,2,5,6,3.0,2,2,1.0,0.0,0.0,1.0,0.0,0.0,0.0,0.3352020672924547,25.5,0.00018561814032746915
CUST00170,0,2023-01-26,7580.45,Car,12.0,21.3446,21.0,Female,North,Post-Graduate,Salaried,148486.10121939858,597.5929448951902,1.0,2023,1,26,3,3.0,0,0,1.0,0.0,0.0,1.0,0.0,0.0,0.0,0.05105157949294766,7.199999999999999,8.08156447064979e-05
CUST00171,0,2017-12-14,15769.83,Home,5.0,52.2812,47.0,Female,East,Secondary,Salaried,78003.87449333564,665.8390873602657,1.0,2017,12,14,3,1.0,0,0,0.0,0.0,0.0,0.0,0.0,1.0,0.0,0.2021672654394535,0.0781657113079729,6.409938009460263e-05
CUST00172,0,2020-08-12,43049.97,Business,48.0,32.673,33.0,Male,South,Graduate,Salaried,119463.7974677065,603.3233472451116,1.0,2020,8,12,2,2.0,0,1,0.0,1.0,0.0,0.0,0.0,0.0,0.0,0.3603599660527892,1.5205913410770855,0.0004017953640974403
CUST00173,0,2017-01-01,9271.17,Car,40.0,18.2867,61.0,Male,North,Primary,Unemployed,209806.6058860676,514.1045723042029,0.0,2017,1,1,6,0.0,2,1,1.0,0.0,0.0,1.0,0.0,0.0,0.0,0.04418912341127416,0.529567519858782,0.00019065176633056735
CUST00174,0,2020-09-10,28282.14,Education,27.0,20.5405,23.0,Male,West,Graduate,Self-Employed,87553.63972460768,598.1771253788736,3.0,2020,9,10,3,2.0,1,1,0.0,0.0,1.0,0.0,1.0,0.0,0.0,0.3230264337263305,0.8823529411764706,0.00030838238233071906
CUST00175,0,2016-03-11,24769.99,Home,40.0,63.7415,59.0,Female,East,Graduate,Salaried,82016.93454278902,542.8154192806824,0.0,2016,3,11,4,2.0,0,0,0.0,0.0,0.0,0.0,0.0,1.0,0.0,0.30201067789332287,0.46838407494145196,0.0004877041579642509
CUST00176,0,2022-01-05,73273.83,Home,13.0,43.6524,26.0,Male,South,Graduate,Salaried,31766.806865158927,743.5619878713769,1.0,2022,1,5,2,2.0,0,1,0.0,1.0,0.0,0.0,0.0,1.0,0.0,2.3066161578979782,0.8944954128440367,0.0004092321918026356
CUST00177,0,2018-05-07,29725.9,Other,26.0,30.4551,28.0,Male,North,Post-Graduate,Salaried,83496.21652999219,723.5873169934607,2.0,2018,5,7,0,3.0,0,1,1.0,0.0,0.0,0.0,0.0,0.0,1.0,0.35601493379430355,0.4394366197183099,0.00031139135496829
CUST00178,0,2022-03-02,93840.62,Education,14.0,34.1996,47.0,Other,East,Graduate,Salaried,34760.04162199507,648.3277941084453,2.0,2022,3,2,2,2.0,0,2,0.0,0.0,0.0,0.0,1.0,0.0,0.0,2.6996693795849938,1.105263157894737,0.0004027613128961628
CUST00179,0,2020-09-10,38680.79,Other,32.0,54.6452,29.0,Male,East,Graduate,Unemployed,92170.8494050622,708.8805363815819,1.0,2020,9,10,3,2.0,2,1,0.0,0.0,0.0,0.0,0.0,0.0,1.0,0.4196640288081752,1.0457516339869282,0.00034718135079096383
CUST00181,0,2017-03-25,11968.2,Car,38.0,43.9567,53.0,Male,East,Post-Graduate,Salaried,27673.105915727436,661.2349995500012,3.0,2017,3,25,5,3.0,0,1,0.0,0.0,0.0,1.0,0.0,0.0,0.0,0.4324848839319522,0.5222171323866239,0.0013731743778859129
CUST00183,0,2019-03-12,26136.77,Other,22.0,26.0372,64.0,Male,South,Post-Graduate,Salaried,80972.60155332889,598.1036049443001,2.0,2019,3,12,1,3.0,0,1,0.0,1.0,0.0,0.0,0.0,0.0,1.0,0.3227853557698306,0.45020463847203274,0.0002716968403875564
CUST00184,0,2016-10-23,118084.97,Other,47.0,64.905,44.0,Female,North,Primary,Salaried,97119.85173970391,579.5850262788573,3.0,2016,10,23,6,0.0,0,0,1.0,0.0,0.0,0.0,0.0,0.0,1.0,1.2158685159084244,0.603595890410959,0.0004839381357991279
CUST00185,0,2021-01-18,93731.33,Education,16.0,40.8519,35.0,Female,East,Post-Graduate,Salaried,73024.34311831906,463.63024334583076,3.0,2021,1,18,0,3.0,0,0,0.0,0.0,0.0,0.0,1.0,0.0,0.0,1.2835627956026947,0.6091370558375635,0.00021910501781680804
CUST00186,0,2020-12-12,3708.84,Business,13.0,9.2142,52.0,Male,East,Secondary,Salaried,35314.81596086966,593.3493179422804,1.0,2020,12,12,5,1.0,0,1,0.0,0.0,0.0,0.0,0.0,0.0,0.0,0.10502220949160701,0.4727272727272727,0.0003681174500358309
CUST00187,0,2015-01-03,53280.97,Business,12.0,45.9311,52.0,Female,East,Secondary,Salaried,61710.32238049389,665.8738547649849,3.0,2015,1,3,5,1.0,0,0,0.0,0.0,0.0,0.0,0.0,0.0,0.0,0.8634044993555513,0.12020033388981637,0.00019445693260213947
CUST00189,0,2018-08-20,105121.72,Education,29.0,40.0943,42.24976393798918,Male,North,Graduate,Salaried,51142.58025210738,640.3492052574728,3.0,2018,8,20,0,2.0,0,1,1.0,0.0,0.0,0.0,1.0,0.0,0.0,2.0554637541125698,0.5209580838323353,0.0005670421761484165
CUST00190,0,2020-06-24,14167.28,Business,18.0,11.4522,43.22415623696364,Female,West,Graduate,Unemployed,38058.304164660665,556.6960724030208,1.0,2020,6,24,2,2.0,2,0,0.0,0.0,1.0,0.0,0.0,0.0,0.0,0.37225200415406684,0.5421686746987951,0.0004729585407201102
CUST00191,0,2015-03-21,58236.89,Business,46.0,32.2771,59.0,Female,East,Primary,Unemployed,107449.32461156655,441.85427448419273,3.0,2015,3,21,5,0.0,2,0,0.0,0.0,0.0,0.0,0.0,0.0,0.0,0.541994007040329,0.4729266620973269,0.0004281087867819716
CUST00192,0,2016-04-03,42449.01,Home,2.0,26.6278,22.0,Female,West,Graduate,Salaried,93763.79605224494,560.3827921596212,2.0,2016,4,3,6,2.0,0,0,0.0,0.0,1.0,0.0,0.0,1.0,0.0,0.4527228182650319,0.02363135092556124,2.133019442691511e-05
CUST00193,0,2019-01-26,51283.65,Car,2.0,31.9643,23.0,Male,East,Post-Graduate,Salaried,81308.19789120923,575.6524103156839,3.0,2019,1,26,5,3.0,0,1,0.0,0.0,0.0,1.0,0.0,0.0,0.0,0.6307316030865396,0.039708802117802776,2.4597765685029817e-05
CUST00194,0,2018-06-13,80752.9,Home,3.0,17.4693,57.0,Male,East,Graduate,Unemployed,149050.98112639494,574.9656826247989,0.0,2018,6,13,2,2.0,2,1,0.0,0.0,0.0,0.0,0.0,1.0,0.0,0.5417803988255648,0.05178365937859609,2.0127341513143115e-05
CUST00195,0,2017-09-07,91616.61,Home,29.0,23.9872,37.0,Male,East,Secondary,Salaried,145295.01874504608,649.484508558234,0.0,2017,9,7,3,1.0,0,1,0.0,0.0,0.0,0.0,0.0,1.0,0.0,0.6305557533308328,0.43133366385721367,0.00019959390384117193
CUST00196,0,2015-08-26,21491.35,Other,8.0,24.7697,22.0,Male,West,Graduate,Self-Employed,69404.14286184381,758.8541128811871,1.0,2015,8,26,2,2.0,1,1,0.0,0.0,1.0,0.0,0.0,0.0,1.0,0.3096551461312731,0.08695652173913043,0.00011526689431097558
CUST00197,0,2017-09-13,44906.39,Home,11.0,31.5357,22.0,Male,East,Primary,Unemployed,110929.05424112707,609.8823361472874,1.0,2017,9,13,2,0.0,2,1,0.0,0.0,0.0,0.0,0.0,1.0,0.0,0.40482081369220674,0.16409746394828445,9.916247889474692e-05
CUST00198,0,2021-05-12,37530.46,Home,12.0,39.6162,48.0,Male,East,Post-Graduate,Salaried,182467.03349024817,582.661456867483,1.0,2021,5,12,2,3.0,0,1,0.0,0.0,0.0,0.0,0.0,1.0,0.0,0.20568351050660222,0.5341246290801187,6.576530439752741e-05
CUST00199,0,2015-11-19,29986.96,Car,32.0,27.8134,43.0,Male,North,Post-Graduate,Salaried,54329.72619930636,579.2622549596726,2.0,2015,11,19,3,3.0,0,1,1.0,0.0,0.0,1.0,0.0,0.0,0.0,0.5519438822495456,0.35887850467289717,0.0005889961580628866
CUST00200,0,2015-12-17,32369.76,Education,4.0,50.8117,57.0,Male,South,Graduate,Unemployed,24506.439375135593,609.9507813526171,1.0,2015,12,17,3,2.0,2,1,0.0,1.0,0.0,0.0,1.0,0.0,0.0,1.3208675281013114,0.04533434076312807,0.00016322240611006217
CUST00201,0,2023-03-17,42480.05,Education,9.0,40.6162,52.0,Male,East,Graduate,Salaried,147633.05194658964,533.7364991721281,1.0,2023,3,17,4,2.0,0,1,0.0,0.0,0.0,0.0,1.0,0.0,0.0,0.287740783245261,9.0,6.09619585948545e-05
CUST00203,0,2015-10-11,73602.14,Home,49.0,24.7897,21.0,Female,North,Graduate,Salaried,98281.11854830275,636.0649869065439,1.0,2015,10,11,6,2.0,0,0,1.0,0.0,0.0,0.0,0.0,1.0,0.0,0.7488940000599033,0.5416359616801768,0.0004985698242324919
CUST00204,0,2020-12-21,100252.43,Home,16.0,14.7545,39.0,Male,South,Post-Graduate,Salaried,149040.1660408373,616.774885085959,2.0,2020,12,21,0,3.0,0,1,0.0,1.0,0.0,0.0,0.0,1.0,0.0,0.672653772893212,0.5882352941176471,0.000107353610942811
CUST00205,0,2016-05-30,18836.26,Education,17.0,21.7055,22.0,Female,North,Graduate,Self-Employed,82661.97163627147,636.6033547203825,3.0,2016,5,30,0,2.0,1,0,1.0,0.0,0.0,0.0,1.0,0.0,0.0,0.2278709257369659,0.2054794520547945,0.0002056568415135712
CUST00206,0,2016-06-09,104262.17,Car,47.0,22.455,64.0,Female,North,Graduate,Self-Employed,255975.36923476806,634.6998087478828,2.0,2016,6,9,3,2.0,1,0,1.0,0.0,0.0,1.0,0.0,0.0,0.0,0.40731329077359724,0.5703883495145631,0.00018361141597531558
CUST00207,0,2022-05-26,18864.65,Other,22.0,45.3154,46.0,Male,South,Graduate,Self-Employed,94216.051132139,458.2482654202845,1.0,2022,5,26,3,2.0,1,1,0.0,1.0,0.0,0.0,0.0,0.0,1.0,0.20022755967072037,2.23728813559322,0.0002335058595179793
CUST00208,0,2020-04-30,74475.8,Education,7.0,14.2945,52.0,Female,West,Graduate,Salaried,149054.46262840607,650.9496126716323,0.0,2020,4,30,3,2.0,0,0,0.0,0.0,1.0,0.0,1.0,0.0,0.0,0.4996549495178065,0.19980970504281637,4.69626999189622e-05
CUST00209,0,2021-03-01,104107.89,Home,10.0,27.685,26.0,Female,South,Post-Graduate,Salaried,170504.725107389,546.3188123470037,4.0,2021,3,1,0,3.0,0,0,0.0,1.0,0.0,0.0,0.0,1.0,0.0,0.6105865390793699,0.40214477211796246,5.864940102804599e-05
CUST00210,0,2016-11-07,33670.97,Business,29.0,23.2691,52.0,Female,North,Graduate,Salaried,73823.78308388157,512.3328669596833,1.0,2016,11,7,0,2.0,0,0,1.0,0.0,0.0,0.0,0.0,0.0,0.0,0.45609922159829824,0.37483843171046966,0.0003928273354272434
CUST00211,0,2017-12-21,18988.75,Car,36.0,32.184,24.0,Male,North,Graduate,Salaried,45669.400501857235,511.64385377160033,0.0,2017,12,21,3,2.0,0,1,1.0,0.0,0.0,1.0,0.0,0.0,0.0,0.4157871526959892,0.5648535564853556,0.0007882739778582377
CUST00212,0,2020-12-01,22675.8,Business,24.0,32.3819,31.0,Male,East,Secondary,Salaried,167607.50206076453,634.6833288378024,2.0,2020,12,1,1,1.0,0,1,0.0,0.0,0.0,0.0,0.0,0.0,0.0,0.13529108017956798,0.8612440191387559,0.00014319168118918105
CUST00213,0,2021-10-20,48508.07,Car,46.0,25.3749,42.79507946514739,Male,South,Graduate,Unemployed,69221.83838352663,582.1940058220117,1.0,2021,10,20,2,2.0,2,1,0.0,1.0,0.0,1.0,0.0,0.0,0.0,0.7007625213771255,2.6900584795321634,0.0006645301695851384
CUST00216,0,2021-01-17,39347.73,Other,25.0,26.0869,25.0,Female,East,Primary,Self-Employed,88684.63403560067,484.8313495360938,1.0,2021,1,17,6,0.0,1,0,0.0,0.0,0.0,0.0,0.0,0.0,1.0,0.44368148358378123,0.9505703422053232,0.0002818977635963886
CUST00217,0,2023-03-09,33844.86,Car,46.0,65.7825,54.0,Male,North,Graduate,Salaried,132791.5187802383,611.1857086814568,0.0,2023,3,9,3,2.0,0,1,1.0,0.0,0.0,1.0,0.0,0.0,0.0,0.25487215080363035,172.5,0.00034640766535795967
CUST00218,0,2022-09-26,25204.62,Car,22.0,33.9417,26.0,Female,East,Graduate,Salaried,100480.2977128984,619.0799140538443,1.0,2022,9,26,0,2.0,0,0,0.0,0.0,0.0,1.0,0.0,0.0,0.0,0.2508414144235218,3.8372093023255816,0.00021894839586224587
CUST00219,0,2017-04-03,34042.82,Education,47.0,20.1497,42.0,Male,North,Graduate,Self-Employed,58000.580945365786,670.8461665356036,0.0,2017,4,3,0,2.0,1,1,1.0,0.0,0.0,0.0,1.0,0.0,0.0,0.5869392934540943,0.6485740570377184,0.0008103367110110864
CUST00220,0,2022-12-30,23534.97,Other,23.0,21.5798,31.0,Male,West,Secondary,Salaried,149292.1154491401,742.5347829173481,2.0,2022,12,30,4,1.0,0,1,0.0,0.0,1.0,0.0,0.0,0.0,1.0,0.15764375720175086,8.96103896103896,0.00015406037975150466
CUST00221,0,2018-06-30,98176.71,Other,32.0,10.5208,36.0,Female,East,Graduate,Unemployed,119222.57345086001,490.82589392795666,1.0,2018,6,30,5,2.0,2,0,0.0,0.0,0.0,0.0,0.0,0.0,1.0,0.8234741723677481,0.557815223707147,0.0002684055466491792
CUST00222,0,2019-06-23,106297.29,Home,26.0,36.7161,53.0,Male,South,Primary,Self-Employed,66461.10052739327,595.802091514956,1.0,2019,6,23,6,0.0,1,1,0.0,1.0,0.0,0.0,0.0,1.0,0.0,1.5993910596799017,0.5722670579603816,0.0003912062814741321
CUST00223,0,2022-07-14,38968.47,Home,27.0,4.6768,29.0,Male,North,Graduate,Salaried,128016.46951540194,598.5501995873839,1.0,2022,7,14,3,2.0,0,1,1.0,0.0,0.0,0.0,0.0,1.0,0.0,0.3044020050506987,3.2926829268292686,0.00021091036256668186
CUST00224,0,2022-04-15,32437.94,Education,45.0,32.9166,26.0,Male,North,Secondary,Self-Employed,72505.22763270528,634.6999748768769,2.0,2022,4,15,4,1.0,1,1,1.0,0.0,0.0,0.0,1.0,0.0,0.0,0.4473876030611627,4.017857142857143,0.0006206449033986845
CUST00226,0,2019-11-30,39035.43,Car,19.0,29.8495,49.0,Other,North,Secondary,Salaried,47887.014345626405,571.7963005810705,1.0,2019,11,30,5,1.0,0,2,1.0,0.0,0.0,1.0,0.0,0.0,0.0,0.8151568965703364,0.4738154613466334,0.00039676727103650175
CUST00228,0,2020-01-24,33423.44,Education,34.0,15.5293,40.0,Female,North,Primary,Salaried,78461.35127167687,510.6839315852762,2.0,2020,1,24,4,0.0,0,0,1.0,0.0,0.0,0.0,1.0,0.0,0.0,0.42598603590536505,0.8885017421602788,0.0004333343671621595
CUST00229,0,2016-05-10,18554.25,Other,32.0,19.8455,56.0,Female,East,Graduate,Self-Employed,243049.98759297232,679.0289265925207,0.0,2016,5,10,1,2.0,1,0,0.0,0.0,0.0,0.0,0.0,0.0,1.0,0.07633923450789136,0.38369304556354916,0.00013166015895293658
CUST00230,0,2017-10-12,26417.73,Other,29.0,48.2318,39.0,Male,West,Graduate,Salaried,96203.89573091675,636.7363345279623,3.0,2017,10,12,3,2.0,0,1,0.0,0.0,1.0,0.0,0.0,0.0,1.0,0.2746014576570855,0.4389505549949546,0.0003014430941665116
CUST00231,0,2017-07-09,66355.1,Car,21.0,50.4348,46.0,Male,East,Graduate,Self-Employed,61628.39640651021,673.421455823611,1.0,2017,7,9,6,2.0,1,1,0.0,0.0,0.0,1.0,0.0,0.0,0.0,1.0766968454332602,0.3033220991815118,0.00034075201083411013
CUST00232,0,2015-09-20,20451.48,Education,35.0,27.9626,23.0,Female,East,Graduate,Salaried,108520.08859722692,575.1683090819589,1.0,2015,9,20,6,2.0,0,0,0.0,0.0,0.0,0.0,1.0,0.0,0.0,0.1884580105339373,0.3839122486288848,0.00032252093093936506
CUST00233,0,2018-10-16,35349.34,Other,42.0,38.8317,39.0,Male,North,Post-Graduate,Salaried,45407.819598709364,598.3552486038393,1.0,2018,10,16,1,3.0,0,1,1.0,0.0,0.0,0.0,0.0,0.0,1.0,0.7784857390731164,0.7811531308121513,0.0009249508206113859
CUST00234,0,2015-03-28,53013.75,Home,5.0,58.206,40.0,Female,North,Secondary,Self-Employed,93856.40207133057,513.7347946696618,3.0,2015,3,28,5,1.0,1,0,1.0,0.0,0.0,0.0,0.0,1.0,0.0,0.564838932987328,0.05152868430092752,5.327287099925284e-05
CUST00235,0,2021-08-06,21731.32,Business,12.0,26.9988,52.0,Female,East,Graduate,Salaried,119551.20662429827,628.7134066992528,3.0,2021,8,6,4,2.0,0,0,0.0,0.0,0.0,0.0,0.0,0.0,0.0,0.1817741586523076,0.6122448979591836,0.00010037539844922864
CUST00236,0,2021-03-18,8852.68,Car,7.0,11.468,27.0,Male,South,Primary,Salaried,111013.08814738411,516.8165420377412,0.0,2021,3,18,3,0.0,0,1,0.0,1.0,0.0,1.0,0.0,0.0,0.0,0.07974447110458663,0.28806584362139914,6.305562809591066e-05
CUST00237,0,2017-07-31,15411.84,Home,41.0,51.298,61.0,Other,South,Primary,Salaried,215707.79250484976,747.893045517324,0.0,2017,7,31,0,0.0,0,2,0.0,1.0,0.0,0.0,0.0,1.0,0.0,0.07144776654118092,0.5985401459854015,0.00019007194651569296
CUST00239,0,2017-06-21,30240.52,Home,25.0,13.1938,60.0,Female,North,Graduate,Salaried,147685.2239870896,621.8928095370002,3.0,2017,6,21,2,2.0,0,0,1.0,0.0,0.0,0.0,0.0,1.0,0.0,0.20476334181301428,0.3579952267303103,0.00016927895238988473
CUST00240,0,2015-01-30,37625.59,Business,10.0,39.0118,42.578700787418754,Male,North,Post-Graduate,Self-Employed,200241.1755255174,725.348376577103,1.0,2015,1,30,4,3.0,1,1,1.0,0.0,0.0,0.0,0.0,0.0,0.0,0.18790136394902077,0.10107816711590296,4.9939778738093084e-05
CUST00242,0,2022-12-09,13605.03,Car,44.0,6.7174,60.0,Male,North,Post-Graduate,Salaried,53974.36503790046,614.0538969993423,0.0,2022,12,9,4,3.0,0,1,1.0,0.0,0.0,1.0,0.0,0.0,0.0,0.252064660518871,13.46938775510204,0.000815201808656822
CUST00243,0,2022-01-28,62481.73,Home,6.0,22.0279,21.0,Male,East,Primary,Unemployed,106764.04006130218,522.5213082430483,1.0,2022,1,28,4,0.0,2,1,0.0,0.0,0.0,0.0,0.0,1.0,0.0,0.5852319747746901,0.4358353510895884,5.619869758164732e-05
CUST00244,0,2015-08-30,26991.07,Other,27.0,11.0887,31.0,Male,North,Primary,Salaried,74102.31710349664,489.4584649145837,0.0,2015,8,30,6,0.0,0,1,1.0,0.0,0.0,0.0,0.0,0.0,1.0,0.36424056702980456,0.29390420899854863,0.000364361076082005
CUST00245,0,2017-07-26,8704.21,Education,35.0,42.4904,48.0,Female,East,Primary,Self-Employed,163667.89548848462,661.6040087134069,0.0,2017,7,26,2,0.0,1,0,0.0,0.0,0.0,0.0,1.0,0.0,0.0,0.05318214652923433,0.5097087378640777,0.00021384768158433699
CUST00246,0,2015-10-04,36712.0,Education,10.0,34.2496,42.78857502062296,Male,South,Secondary,Salaried,116188.75567091124,720.4917792619957,0.0,2015,10,4,6,1.0,0,1,0.0,1.0,0.0,0.0,1.0,0.0,0.0,0.3159686132105737,0.11025358324145534,8.60668482268941e-05
CUST00247,0,2015-05-09,104090.3,Education,9.0,56.0272,43.0,Female,West,Graduate,Salaried,60411.85310063202,564.8920007617463,2.0,2015,5,9,5,2.0,0,0,0.0,0.0,1.0,0.0,1.0,0.0,0.0,1.7230112081913778,0.09410944579993029,0.0001489773866894648
CUST00248,0,2018-09-15,73606.72,Car,20.0,34.8629,42.47320549063224,Female,West,Graduate,Self-Employed,99366.33863897898,508.8750793906919,1.0,2018,9,15,5,2.0,1,0,0.0,0.0,1.0,1.0,0.0,0.0,0.0,0.740761116975743,0.36496350364963503,0.00020127540446734837
CUST00250,0,2020-10-06,89376.81,Business,35.0,66.0417,62.0,Male,West,Post-Graduate,Self-Employed,264785.4638613339,521.538812506997,1.0,2020,10,6,1,3.0,1,1,0.0,0.0,1.0,0.0,0.0,0.0,0.0,0.3375442469410101,1.1771300448430493,0.0001321824827148715
CUST00251,0,2017-09-01,42352.31,Home,37.0,24.8939,55.0,Female,West,Post-Graduate,Salaried,61181.07976994727,590.9074526000768,4.0,2017,9,1,4,3.0,0,0,0.0,0.0,1.0,0.0,0.0,1.0,0.0,0.692245219588358,0.5486900642609985,0.0006047621280815439
CUST00252,0,2018-02-14,79614.46,Home,40.0,8.0776,27.0,Male,West,Secondary,Salaried,55917.62748033005,727.9298592669387,1.0,2018,2,14,2,1.0,0,1,0.0,0.0,1.0,0.0,0.0,1.0,0.0,1.423781079195567,0.6462035541195477,0.0007153379319262188
CUST00253,0,2022-07-03,9611.52,Business,8.0,40.1971,43.06537565483156,Male,West,Primary,Salaried,120070.93033806892,653.8506953786375,1.0,2022,7,3,6,0.0,0,1,0.0,0.0,1.0,0.0,0.0,0.0,0.0,0.08004868433132006,0.933852140077821,6.662728420172465e-05
CUST00254,0,2020-06-11,13363.22,Home,46.0,24.1076,46.0,Female,North,Secondary,Salaried,207795.48873626135,624.4068323765403,2.0,2020,6,11,3,1.0,0,0,1.0,0.0,0.0,0.0,0.0,1.0,0.0,0.0643094808326705,1.3676907829534193,0.00022137150464505138
CUST00255,0,2017-05-27,65070.64,Car,31.0,29.0917,22.0,Male,East,Secondary,Salaried,29559.46632131336,567.9904270959096,1.0,2017,5,27,5,1.0,0,1,0.0,0.0,0.0,1.0,0.0,0.0,0.0,2.201346915153265,0.4386792452830188,0.00104873341294555
CUST00256,0,2021-01-17,124420.97,Education,49.0,14.8753,21.0,Male,North,Secondary,Salaried,104468.3191179246,553.3467426195235,3.0,2021,1,17,6,1.0,0,1,1.0,0.0,0.0,0.0,1.0,0.0,0.0,1.1909923606557955,1.8631178707224334,0.00046904171919037426
CUST00257,0,2016-06-25,50707.88,Car,43.0,18.3684,32.0,Female,North,Graduate,Unemployed,56696.48924010429,712.4518078006371,0.0,2016,6,25,5,2.0,2,0,1.0,0.0,0.0,1.0,0.0,0.0,0.0,0.8943742492635991,0.5252442996742671,0.0007584243852895204
CUST00258,0,2023-02-10,24394.93,Business,16.0,24.4735,25.0,Male,West,Secondary,Unemployed,180455.89265975344,616.0590832606712,1.0,2023,2,10,4,1.0,2,1,0.0,0.0,1.0,0.0,0.0,0.0,0.0,0.13518500083561266,13.714285714285714,8.866432547130911e-05
CUST00259,0,2021-05-27,18390.46,Education,28.0,9.8124,57.0,Male,South,Graduate,Salaried,85632.40337985434,431.79194464631826,0.0,2021,5,27,3,2.0,0,1,0.0,1.0,0.0,0.0,1.0,0.0,0.0,0.21476052608756385,1.2746585735963583,0.00032697902773784823
CUST00260,0,2021-06-18,28218.92,Education,6.0,19.722,52.0,Male,East,Post-Graduate,Salaried,106767.02076075073,546.1168281682205,2.0,2021,6,18,4,3.0,0,1,0.0,0.0,0.0,0.0,1.0,0.0,0.0,0.2643037128781037,0.28257456828885397,5.619712863811309e-05
CUST00261,0,2020-04-20,95885.46,Business,32.0,26.7494,29.0,Female,West,Graduate,Self-Employed,98636.61325774076,531.3427174582698,0.0,2020,4,20,0,2.0,1,0,0.0,0.0,1.0,0.0,0.0,0.0,0.0,0.9721081942406934,0.9048067860508954,0.00032442314210832577
CUST00262,0,2017-09-22,27611.24,Car,28.0,41.2173,61.0,Female,West,Post-Graduate,Unemployed,149080.45527986222,556.2988792658028,1.0,2017,9,22,4,3.0,2,0,0.0,0.0,1.0,1.0,0.0,0.0,0.0,0.18521032786066174,0.4195804195804196,0.00018781804729155692
CUST00264,0,2019-07-26,61209.55,Car,42.0,18.5199,39.0,Male,North,Graduate,Salaried,49971.13421858429,599.165208794474,0.0,2019,7,26,4,2.0,0,1,1.0,0.0,0.0,1.0,0.0,0.0,0.0,1.2248981528467318,0.9473684210526315,0.0008404852252559074
CUST00266,0,2016-01-22,42625.57,Other,30.0,27.4439,23.0,Male,South,Primary,Self-Employed,119718.53697860352,705.077852906019,2.0,2016,1,22,4,0.0,1,1,0.0,1.0,0.0,0.0,0.0,0.0,1.0,0.3560482033590018,0.34469551895825357,0.0002505877599002208
CUST00267,0,2016-02-02,34902.82,Business,9.0,18.1982,40.0,Female,North,Primary,Salaried,60485.47853652508,544.2831128170649,0.0,2016,2,2,1,0.0,0,0,1.0,0.0,0.0,0.0,0.0,0.0,0.0,0.5770446203698859,0.10384615384615384,0.00014879604522869425
CUST00268,0,2022-05-23,87390.14,Home,28.0,11.5334,44.0,Male,North,Graduate,Self-Employed,172844.95577310797,749.135962070988,0.0,2022,5,23,0,2.0,1,1,1.0,0.0,0.0,0.0,0.0,1.0,0.0,0.505598439995647,2.8187919463087248,0.00016199489232856382
CUST00269,0,2019-11-01,17184.96,Home,24.0,35.5235,53.0,Male,South,Graduate,Salaried,190321.58546237036,546.2953926903131,2.0,2019,11,1,4,2.0,0,1,0.0,1.0,0.0,0.0,0.0,1.0,0.0,0.09029432976953496,0.5844155844155844,0.00012610235429519993
CUST00270,0,2018-12-22,25458.03,Home,28.0,39.2438,44.0,Female,East,Graduate,Salaried,71115.04612860297,607.1358557290057,3.0,2018,12,22,5,2.0,0,0,0.0,0.0,0.0,0.0,0.0,1.0,0.0,0.3579837374212234,0.5433376455368694,0.0003937282125833875
CUST00271,0,2019-10-01,9471.06,Home,24.0,26.5406,31.0,Female,East,Graduate,Salaried,62434.77182957844,577.5037123677787,0.0,2019,10,1,1,2.0,0,0,0.0,0.0,0.0,0.0,0.0,1.0,0.0,0.1516952768859658,0.5700712589073634,0.000384401180571465
CUST00272,0,2019-08-11,13313.59,Home,15.0,83.7279,28.0,Female,South,Graduate,Salaried,83711.57906627886,609.8735306800769,0.0,2019,8,11,6,2.0,0,0,0.0,1.0,0.0,0.0,0.0,1.0,0.0,0.15904120013623121,0.34246575342465757,0.00017918668083090046
CUST00274,0,2023-03-06,63186.86,Other,33.0,12.1397,58.0,Male,North,Secondary,Salaried,119241.04527972413,634.7068192071101,1.0,2023,3,6,0,1.0,0,1,1.0,0.0,0.0,0.0,0.0,0.0,1.0,0.5299086388564589,90.0,0.00027675034148338983
CUST00275,0,2015-08-10,12130.02,Business,47.0,37.9562,60.0,Male,North,Secondary,Salaried,25547.88375402912,539.7506135503536,1.0,2015,8,10,0,1.0,0,1,1.0,0.0,0.0,0.0,0.0,0.0,0.0,0.47479549056923326,0.5079250720461095,0.0018396827092415314
CUST00277,0,2022-04-30,20682.47,Car,22.0,28.5088,55.0,Female,East,Post-Graduate,Salaried,77461.81549846123,800.2537432724569,1.0,2022,4,30,5,3.0,0,0,0.0,0.0,0.0,1.0,0.0,0.0,0.0,0.267002133462917,2.0560747663551404,0.0002840109008345799
CUST00278,0,2022-03-31,60643.06,Education,29.0,48.8564,45.0,Female,East,Graduate,Unemployed,61194.12094842627,561.2812528319557,1.0,2022,3,31,3,2.0,2,0,0.0,0.0,0.0,0.0,1.0,0.0,0.0,0.9909948710777183,2.4786324786324787,0.00047390173354137856
CUST00279,0,2016-02-08,59922.71,Business,34.0,16.2971,42.791759306172985,Female,North,Graduate,Salaried,17697.41857292592,655.9369950937589,3.0,2016,2,8,0,2.0,0,0,1.0,0.0,0.0,0.0,0.0,0.0,0.0,3.3859576611739124,0.39321511179645335,0.0019211841467102041
CUST00281,0,2019-07-08,23619.22,Other,47.0,17.1434,49.0,Male,East,Graduate,Salaried,45106.64638774435,577.6309824076259,1.0,2019,7,8,0,2.0,0,1,0.0,0.0,0.0,0.0,0.0,0.0,1.0,0.5236305930830059,1.045994065281899,0.0010419750472243062
CUST00282,0,2023-03-02,20086.77,Education,10.0,28.6897,43.031162153823445,Female,East,Secondary,Unemployed,92118.3534206994,589.8240492814045,3.0,2023,3,2,3,1.0,2,0,0.0,0.0,0.0,0.0,1.0,0.0,0.0,0.2180539409803043,20.0,0.0001085560002829247
CUST00283,0,2018-10-21,4224.96,Business,45.0,13.2425,38.0,Male,East,Primary,Salaried,75984.04658750002,637.8252055942266,1.0,2018,10,21,6,0.0,0,1,0.0,0.0,0.0,0.0,0.0,0.0,0.0,0.055603250810480516,0.8395522388059701,0.0005922295800366449
CUST00285,0,2017-10-15,64878.0,Education,11.0,36.1142,55.0,Male,East,Graduate,Self-Employed,159198.7939186276,613.2912490462664,1.0,2017,10,15,6,2.0,1,1,0.0,0.0,0.0,0.0,1.0,0.0,0.0,0.40752821301624653,0.1667508842849924,6.909600085049958e-05
CUST00286,0,2017-02-23,72372.31,Home,34.0,13.9091,36.0,Male,East,Graduate,Self-Employed,159162.37697898483,508.02068357056856,2.0,2017,2,23,3,2.0,1,1,0.0,0.0,0.0,0.0,0.0,1.0,0.0,0.45470739614271877,0.4609127880704926,0.00021361832265478936
CUST00287,0,2017-02-18,98905.44,Car,21.0,26.2474,61.0,Male,West,Graduate,Salaried,108006.98631209468,625.9476568955939,0.0,2017,2,18,5,2.0,0,1,0.0,0.0,1.0,1.0,0.0,0.0,0.0,0.9157318741789995,0.2840396753832281,0.00019443186702125775
CUST00288,0,2021-01-05,45791.08,Education,13.0,66.9489,56.0,Other,East,Graduate,Self-Employed,106093.08728279105,517.093664252947,1.0,2021,1,5,1,2.0,1,2,0.0,0.0,0.0,0.0,1.0,0.0,0.0,0.4316122866510983,0.4868913857677903,0.00012253390237715027
CUST00289,0,2020-01-12,54383.98,Car,25.0,42.0653,53.0,Male,South,Post-Graduate,Salaried,59041.96076073535,531.5613843259534,2.0,2020,1,12,6,3.0,0,1,0.0,1.0,0.0,1.0,0.0,0.0,0.0,0.9211072819954002,0.646551724137931,0.00042342767208073046
CUST00290,0,2016-07-28,38349.48,Home,21.0,23.3272,24.0,Male,East,Primary,Salaried,63437.12910662531,578.1097911685385,1.0,2016,7,28,3,0.0,0,1,0.0,0.0,0.0,0.0,0.0,1.0,0.0,0.6045273570867636,0.260008254230293,0.00033103641819451097
CUST00292,0,2017-01-21,17198.99,Home,5.0,17.6551,34.0,Female,North,Secondary,Salaried,84927.15269804873,597.829235270897,1.0,2017,1,21,5,1.0,0,0,1.0,0.0,0.0,0.0,0.0,1.0,0.0,0.20251461933675735,0.06678539626001781,5.887398601218947e-05
CUST00293,0,2018-02-14,11769.05,Home,22.0,19.8602,41.0,Female,East,Graduate,Self-Employed,158173.0196316024,504.5299385165348,2.0,2018,2,14,2,2.0,1,0,0.0,0.0,0.0,0.0,0.0,1.0,0.0,0.07440617892615983,0.3554119547657512,0.0001390881962754442
CUST00294,0,2020-03-09,18713.67,Home,7.0,80.2257,40.0,Female,West,Post-Graduate,Self-Employed,222481.21233172776,453.3463638641018,1.0,2020,3,9,0,3.0,1,0,0.0,0.0,1.0,0.0,0.0,1.0,0.0,0.08411348447749925,0.19038984587488667,3.1463330888195356e-05
CUST00295,0,2017-10-20,43083.66,Home,13.0,6.8404,28.0,Male,West,Secondary,Self-Employed,85231.98773511105,681.4365641943488,0.0,2017,10,20,4,1.0,1,1,0.0,0.0,1.0,0.0,0.0,1.0,0.0,0.5054869790658634,0.19756838905775076,0.0001525248952353682
CUST00296,0,2015-11-05,12831.52,Home,45.0,34.9862,27.0,Female,South,Post-Graduate,Salaried,149088.65261454924,496.3161045740857,0.0,2015,11,5,3,3.0,0,0,0.0,1.0,0.0,0.0,0.0,1.0,0.0,0.08606637577693019,0.5020453700260319,0.0003018338365183438
CUST00297,0,2019-12-21,21881.67,Other,23.0,32.65,23.0,Male,South,Post-Graduate,Salaried,17790.261045675554,585.7055289913613,1.0,2019,12,21,5,3.0,0,1,0.0,1.0,0.0,0.0,0.0,0.0,1.0,1.2299802652597378,0.583756345177665,0.00129284218713535
CUST00298,0,2021-03-04,22448.17,Car,21.0,30.7208,37.0,Female,North,Secondary,Salaried,149083.3189049993,598.0564735714636,1.0,2021,3,4,3,1.0,0,0,1.0,0.0,0.0,1.0,0.0,0.0,0.0,0.15057465962576738,0.847913862718708,0.0001408608297309364
CUST00299,0,2016-02-06,67877.3,Home,6.0,30.1469,53.0,Female,West,Graduate,Unemployed,75070.4715426502,550.8044717987166,0.0,2016,2,6,5,2.0,2,0,0.0,0.0,1.0,0.0,0.0,1.0,0.0,0.904181079526542,0.06933744221879816,7.992490091914751e-05
CUST00300,0,2015-07-27,61579.01,Education,20.0,54.0633,32.0,Male,West,Graduate,Salaried,241518.4118070188,533.986728020357,1.0,2015,7,27,0,2.0,0,1,0.0,0.0,1.0,0.0,1.0,0.0,0.0,0.2549661101995142,0.21505376344086022,8.280942165179796e-05
CUST00301,0,2022-04-25,38422.13,Other,12.0,21.2495,42.0,Male,East,Post-Graduate,Salaried,124961.38849817212,618.0990470933937,2.0,2022,4,25,0,3.0,0,1,0.0,0.0,0.0,0.0,0.0,0.0,1.0,0.3074720156503544,1.1042944785276072,9.602966279600463e-05
CUST00302,0,2021-01-23,52096.44,Business,40.0,33.5192,42.0,Male,West,Secondary,Salaried,132793.85650918414,689.4347058181721,1.0,2021,1,23,5,1.0,0,1,0.0,0.0,1.0,0.0,0.0,0.0,0.0,0.39231061864971867,1.532567049808429,0.0003012187540259708
CUST00303,0,2015-03-02,52925.07,Car,9.0,1.575,50.0,Male,East,Graduate,Self-Employed,128720.28381930542,506.4547787930825,3.0,2015,3,2,0,2.0,1,1,0.0,0.0,0.0,1.0,0.0,0.0,0.0,0.411163403541706,0.09193054136874361,6.991905030782867e-05
CUST00304,0,2016-01-18,27149.24,Education,28.0,14.1649,58.0,Male,East,Secondary,Salaried,101444.34879845202,587.9881734386049,3.0,2016,1,18,0,1.0,0,1,0.0,0.0,0.0,0.0,1.0,0.0,0.0,0.2676269336002114,0.32122370936902483,0.0002760134037198065
CUST00305,0,2017-08-26,23529.27,Business,11.0,30.2187,58.0,Female,North,Graduate,Salaried,247562.70897878538,461.4004324026138,0.0,2017,8,26,5,2.0,0,0,1.0,0.0,0.0,0.0,0.0,0.0,0.0,0.09504367639641687,0.16264169541646128,4.443318642527309e-05
CUST00306,0,2016-11-12,124162.83,Business,32.0,12.4644,28.0,Male,South,Graduate,Salaried,24756.22548762924,568.5439197054247,1.0,2016,11,12,5,2.0,0,1,0.0,1.0,0.0,0.0,0.0,0.0,0.0,5.015418447454542,0.41450777202072536,0.001292604157931527
CUST00307,0,2019-07-23,4957.7,Business,11.0,35.0442,47.0,Male,East,Graduate,Salaried,107766.94364716728,602.736374763046,1.0,2019,7,23,1,2.0,0,1,0.0,0.0,0.0,0.0,0.0,0.0,0.0,0.046003902794456916,0.24756189047261817,0.00010207211625129114
CUST00308,0,2020-06-12,20069.52,Other,24.0,35.78,47.0,Male,East,Post-Graduate,Salaried,194440.54439860812,531.6300286595947,0.0,2020,6,12,4,3.0,0,1,0.0,0.0,0.0,0.0,0.0,0.0,1.0,0.10321674454303609,0.7142857142857143,0.00012343104713181312
CUST00309,0,2020-05-25,30852.53,Other,15.0,34.0356,54.0,Male,South,Post-Graduate,Salaried,31734.63429887886,563.4406532939815,0.0,2020,5,25,0,3.0,0,1,0.0,1.0,0.0,0.0,0.0,0.0,1.0,0.9722037351818476,0.43859649122807015,0.0004726696976788521
CUST00310,0,2017-05-25,56838.04,Education,41.0,24.2236,41.0,Female,West,Post-Graduate,Self-Employed,163203.09932003112,487.34185853540396,1.0,2017,5,25,3,3.0,1,0,0.0,0.0,1.0,0.0,1.0,0.0,0.0,0.3482656900316834,0.5796418473138548,0.00025122071928059133
CUST00311,0,2019-07-01,90075.66,Car,35.0,22.7468,50.0,Male,North,Primary,Salaried,62523.76823805746,606.1662889105195,0.0,2019,7,1,0,0.0,0,1,1.0,0.0,0.0,1.0,0.0,0.0,0.0,1.4406626877804214,0.7749077490774908,0.0005597871175444593
CUST00313,0,2016-11-05,33746.48,Business,25.0,29.3834,48.0,Female,East,Secondary,Salaried,61807.7704780673,512.2284904183629,1.0,2016,11,5,5,1.0,0,0,0.0,0.0,0.0,0.0,0.0,0.0,0.0,0.5459908962737146,0.3228583727938011,0.00040447988669760115
CUST00314,0,2019-04-02,35603.94,Home,49.0,36.7243,53.0,Female,East,Graduate,Unemployed,175516.96886955408,550.1862586758093,2.0,2019,4,2,1,2.0,2,0,0.0,0.0,0.0,0.0,0.0,1.0,0.0,0.20285183950767288,1.0173010380622838,0.00027917528610249233
CUST00315,0,2015-01-09,48537.31,Other,35.0,30.0506,25.0,Female,East,Graduate,Unemployed,83032.12592814841,640.2036997163345,5.0,2015,1,9,4,2.0,2,0,0.0,0.0,0.0,0.0,0.0,0.0,1.0,0.5845606078062076,0.351288056206089,0.00042152359232963807
CUST00316,0,2019-05-19,23744.43,Home,19.0,33.8643,39.0,Male,North,Graduate,Self-Employed,163976.45243998346,696.9672575458189,1.0,2019,5,19,6,2.0,1,1,1.0,0.0,0.0,0.0,0.0,1.0,0.0,0.14480390108872876,0.407725321888412,0.0001158702955044971
CUST00317,0,2017-12-22,14081.4,Education,41.0,5.725,24.0,Other,North,Graduate,Salaried,128180.90965828339,480.5448150232855,1.0,2017,12,22,4,2.0,0,2,1.0,0.0,0.0,0.0,1.0,0.0,0.0,0.10985567224900734,0.6436420722135008,0.00031986042312620203
CUST00318,0,2020-02-07,33624.14,Other,31.0,41.9654,55.0,Male,East,Post-Graduate,Salaried,61311.61056176995,586.4972210067241,2.0,2020,2,7,4,3.0,0,1,0.0,0.0,0.0,0.0,0.0,0.0,1.0,0.5484139087510105,0.8201058201058201,0.0005056138587122622
CUST00319,0,2018-03-14,65926.64,Home,17.0,16.1021,37.0,Male,East,Secondary,Salaried,133401.08078098367,622.650465785562,0.0,2018,3,14,2,1.0,0,1,0.0,0.0,0.0,0.0,0.0,1.0,0.0,0.49419869474849,0.2788408966648442,0.0001274352494033418
CUST00320,0,2019-09-29,29901.42,Education,23.0,21.7394,64.0,Female,North,Graduate,Salaried,66294.25794058664,591.8354887496922,2.0,2019,9,29,6,2.0,0,0,1.0,0.0,0.0,0.0,1.0,0.0,0.0,0.4510408733558471,0.5454545454545455,0.00034693804130989374
CUST00322,0,2023-03-12,8143.26,Car,1.0,32.1009,43.17198384627372,Female,South,Secondary,Self-Employed,82128.74722907733,640.0872007447017,1.0,2023,3,12,6,1.0,1,0,0.0,1.0,0.0,1.0,0.0,0.0,0.0,0.09915237081708357,6.0,1.2176004550644775e-05
CUST00323,0,2021-03-26,36854.16,Home,10.0,60.8012,49.0,Male,East,Secondary,Self-Employed,169387.98295871733,721.5469080872515,1.0,2021,3,26,4,1.0,1,1,0.0,0.0,0.0,0.0,0.0,1.0,0.0,0.21757245913355008,0.4160887656033287,5.9036065164298974e-05
CUST00324,0,2022-06-04,26297.86,Car,8.0,20.7018,26.0,Male,West,Post-Graduate,Self-Employed,136515.48937478234,609.3329400935603,1.0,2022,6,4,5,3.0,1,1,0.0,0.0,1.0,1.0,0.0,0.0,0.0,0.19263645554390726,0.8391608391608392,5.86014087971895e-05
CUST00325,0,2023-01-21,13093.89,Car,42.0,29.5688,43.10033975782867,Female,North,Post-Graduate,Salaried,96912.81809738415,517.5115157364589,1.0,2023,1,21,5,3.0,0,0,1.0,0.0,0.0,1.0,0.0,0.0,0.0,0.13510999119685518,22.90909090909091,0.000433379204366916
CUST00326,0,2020-06-16,61437.15,Other,26.0,31.6809,61.0,Male,North,Post-Graduate,Self-Employed,65419.321769138536,558.9498202908574,1.0,2020,6,16,1,3.0,1,1,1.0,0.0,0.0,0.0,0.0,0.0,1.0,0.939128507275092,0.7768924302788844,0.0003974360983403753
CUST00328,0,2017-02-16,80175.01,Home,19.0,10.1,44.0,Female,East,Secondary,Salaried,107086.67706807765,672.7970032688447,3.0,2017,2,16,3,1.0,0,0,0.0,0.0,0.0,0.0,0.0,1.0,0.0,0.7486926683608901,0.25675675675675674,0.00017742636638095726
CUST00329,0,2018-04-30,84372.7,Business,14.0,16.1463,49.0,Male,East,Graduate,Self-Employed,67550.14325482846,651.2021294707463,1.0,2018,4,30,0,2.0,1,1,0.0,0.0,0.0,0.0,0.0,0.0,0.0,1.249038061721195,0.2356902356902357,0.00020725344648324316
CUST00330,0,2017-06-10,64214.33,Home,8.0,6.8501,51.0,Male,West,Graduate,Salaried,31990.75729262685,628.5130066827501,0.0,2017,6,10,5,2.0,0,1,0.0,0.0,1.0,0.0,0.0,1.0,0.0,2.0072775837288463,0.11396011396011396,0.0002500722295137358
CUST00331,0,2015-08-28,60910.52,Home,1.0,17.842,55.0,Male,West,Graduate,Salaried,44443.89452110664,547.1090310247222,3.0,2015,8,28,4,2.0,0,1,0.0,0.0,1.0,0.0,0.0,1.0,0.0,1.3705036576187821,0.010877447425670775,2.250027840213451e-05
CUST00332,0,2021-06-30,8608.06,Home,48.0,17.9699,53.0,Male,West,Graduate,Salaried,261849.49819569627,583.9543055475385,0.0,2021,6,30,2,2.0,0,1,0.0,0.0,1.0,0.0,0.0,1.0,0.0,0.032874074838083765,2.3040000000000003,0.000183311407242517
CUST00333,0,2021-01-29,32782.14,Other,25.0,36.1702,41.0,Female,South,Graduate,Self-Employed,66437.31622894903,593.7661811457187,3.0,2021,1,29,4,2.0,1,0,0.0,1.0,0.0,0.0,0.0,0.0,1.0,0.4934296245054476,0.9652509652509653,0.0003762945497955957
CUST00334,0,2015-09-07,54553.43,Other,24.0,66.1556,52.0,Male,South,Graduate,Self-Employed,188961.32935245783,643.9659452851555,2.0,2015,9,7,0,2.0,1,1,0.0,1.0,0.0,0.0,0.0,0.0,1.0,0.2887015570166998,0.26200873362445415,0.00012701011409183246
CUST00335,0,2018-07-08,55554.72,Home,47.0,33.5287,43.0,Female,South,Graduate,Salaried,79698.82833115969,720.7135115413523,1.0,2018,7,8,6,2.0,0,0,0.0,1.0,0.0,0.0,0.0,1.0,0.0,0.6970581771812558,0.8231173380035026,0.0005897200872854552
CUST00336,0,2015-08-23,100444.94,Home,20.0,11.1833,53.0,Male,North,Secondary,Self-Employed,207678.51895584358,689.4670509434502,2.0,2015,8,23,6,1.0,1,1,1.0,0.0,0.0,0.0,0.0,1.0,0.0,0.48365589520289537,0.21715526601520088,9.630268985235002e-05
CUST00338,0,2021-07-20,59030.96,Education,5.0,31.184,38.0,Male,North,Graduate,Self-Employed,60149.15925665116,617.9195975120839,1.0,2021,7,20,1,2.0,1,1,1.0,0.0,0.0,0.0,1.0,0.0,0.0,0.9814095613227127,0.24793388429752064,8.31266814331592e-05
CUST00339,0,2020-05-06,15490.27,Education,3.0,4.7635,45.0,Male,West,Graduate,Self-Employed,29947.903464720035,658.9410676134318,0.0,2020,5,6,2,2.0,1,1,0.0,0.0,1.0,0.0,1.0,0.0,0.0,0.5172405480152635,0.08612440191387559,0.00010017395720318564
CUST00340,1,2020-08-21,30657.74,Home,32.0,83.5646,62.0,Male,East,Secondary,Self-Employed,31508.34510770931,649.5088264115708,4.0,2020,8,21,4,1.0,1,1,0.0,0.0,0.0,0.0,0.0,1.0,0.0,0.9730038151860542,1.023454157782516,0.0010156039579549481
CUST00341,0,2020-12-15,34559.22,Business,17.0,32.8178,51.0,Male,East,Graduate,Unemployed,60767.05713191177,549.6612989290064,2.0,2020,12,15,1,2.0,2,1,0.0,0.0,0.0,0.0,0.0,0.0,0.0,0.568716367570337,0.6204379562043796,0.0002797568419858934
CUST00343,0,2015-08-21,65904.55,Other,5.0,11.9452,60.0,Female,North,Graduate,Self-Employed,77162.02841081013,497.8332350135105,3.0,2015,8,21,4,2.0,1,0,1.0,0.0,0.0,0.0,0.0,0.0,1.0,0.8541059813659202,0.054249547920433995,6.479871127000489e-05
CUST00344,1,2020-09-11,39985.19,Business,11.0,31.2139,44.0,Male,North,Graduate,Self-Employed,107704.4703858614,513.344924266716,4.0,2020,9,11,4,2.0,1,1,1.0,0.0,0.0,0.0,0.0,0.0,0.0,0.37124912138511335,0.3598691384950927,0.00010213132250306293
CUST00345,0,2015-11-25,6492.29,Car,38.0,40.2377,52.0,Male,South,Graduate,Unemployed,215777.29642660913,618.6876065009261,0.0,2015,11,25,2,2.0,2,1,0.0,1.0,0.0,1.0,0.0,0.0,0.0,0.03008791984845439,0.42712626451854624,0.00017610749893200503
CUST00346,0,2017-01-31,51837.39,Business,4.0,37.476,42.0,Male,North,Secondary,Salaried,105471.15876268271,769.3442443971082,1.0,2017,1,31,1,1.0,0,1,1.0,0.0,0.0,0.0,0.0,0.0,0.0,0.49148402850714534,0.053667262969588556,3.792505976918555e-05
CUST00347,0,2015-10-08,29315.12,Business,39.0,15.6212,43.0,Male,East,Graduate,Self-Employed,103314.66633593969,598.2249963570508,1.0,2015,10,8,3,2.0,1,1,0.0,0.0,0.0,0.0,0.0,0.0,0.0,0.28374596792171275,0.430622009569378,0.0003774875473457655
CUST00348,0,2021-09-03,110574.49,Car,19.0,26.2044,22.0,Male,West,Graduate,Salaried,143429.35830692181,578.7337307482406,1.0,2021,9,3,4,2.0,0,1,0.0,0.0,1.0,1.0,0.0,0.0,0.0,0.7709334497849716,1.0178571428571428,0.0001324693927678478
CUST00349,0,2015-10-06,91381.18,Car,39.0,39.1937,47.0,Other,West,Graduate,Salaried,149045.08634204225,686.1834938412554,1.0,2015,10,6,1,2.0,0,2,0.0,0.0,1.0,1.0,0.0,0.0,0.0,0.6131109870357626,0.4303052592865024,0.0002616657882333621
CUST00350,0,2022-07-28,17147.05,Other,46.0,26.9101,62.0,Other,East,Graduate,Salaried,92996.74178929022,597.8357369422594,0.0,2022,7,28,3,2.0,0,2,0.0,0.0,0.0,0.0,0.0,0.0,1.0,0.18438334150298913,5.948275862068965,0.0004946409854253356
CUST00351,0,2017-08-21,57857.56,Home,49.0,31.2258,42.712520540333585,Female,North,Graduate,Salaried,64031.497779660625,573.2316916375763,1.0,2017,8,21,0,2.0,0,0,1.0,0.0,0.0,0.0,0.0,1.0,0.0,0.903579675726065,0.7227138643067846,0.000765248380861156
CUST00352,0,2019-07-12,58778.33,Home,23.0,6.4205,46.0,Female,West,Graduate,Salaried,103475.82965577066,645.2506321509376,1.0,2019,7,12,4,2.0,0,0,0.0,0.0,1.0,0.0,0.0,1.0,0.0,0.5680392241892215,0.5133928571428572,0.00022227412987664148
CUST00353,0,2016-05-06,55456.09,Education,17.0,10.347,37.0,Male,West,Secondary,Self-Employed,190353.8292027242,621.8014392183675,5.0,2016,5,6,4,1.0,1,1,0.0,0.0,1.0,0.0,1.0,0.0,0.0,0.29133162296903425,0.20351157222665603,8.930737075898396e-05
CUST00354,0,2021-05-22,49994.33,Business,13.0,26.8906,60.0,Male,North,Secondary,Salaried,287564.5834845341,682.4351028509433,1.0,2021,5,22,5,1.0,0,1,1.0,0.0,0.0,0.0,0.0,0.0,0.0,0.173854267428203,0.5873493975903614,4.5207236031898795e-05
CUST00355,0,2017-10-05,60121.55,Business,27.0,9.2792,53.0,Male,East,Graduate,Self-Employed,117637.83453497516,703.3175111252291,2.0,2017,10,5,3,2.0,1,1,0.0,0.0,0.0,0.0,0.0,0.0,0.0,0.5110732464403289,0.4072398190045249,0.00022951799569187557
CUST00356,0,2021-06-29,120715.12,Other,1.0,45.8254,29.0,Female,North,Graduate,Salaried,155297.30897261636,624.5602448004289,2.0,2021,6,29,1,2.0,0,0,1.0,0.0,0.0,0.0,0.0,0.0,1.0,0.7773162381151482,0.04792332268370607,6.4392616112641744e-06
CUST00357,0,2021-09-01,23362.69,Education,2.0,16.6293,63.0,Male,West,Graduate,Salaried,149082.81167520085,623.3386180302647,2.0,2021,9,1,2,2.0,0,1,0.0,0.0,1.0,0.0,1.0,0.0,0.0,0.15670948070726695,0.10676156583629892,1.3415362760646737e-05
CUST00359,0,2021-12-11,67925.86,Education,36.0,28.4714,49.0,Male,North,Primary,Salaried,134397.11581990658,599.4581818080095,2.0,2021,12,11,5,0.0,0,1,1.0,0.0,0.0,0.0,1.0,0.0,0.0,0.50541159001523,2.3427331887201737,0.000267862891107279
CUST00360,0,2015-12-02,8049.06,Business,45.0,20.6892,62.0,Male,West,Graduate,Salaried,201511.09090927133,597.6603206949644,1.0,2015,12,2,2,2.0,0,1,0.0,0.0,1.0,0.0,0.0,0.0,0.0,0.03994350863607811,0.507137490608565,0.0002233127705127698
CUST00361,0,2019-09-14,61280.63,Home,33.0,16.89,46.0,Female,East,Secondary,Salaried,57999.10732074715,599.9513214142169,1.0,2019,9,14,5,1.0,0,0,0.0,0.0,0.0,0.0,0.0,1.0,0.0,1.0565788480347695,0.7734375,0.000568974274336726
CUST00362,0,2022-05-16,53186.04,Home,36.0,46.6055,55.0,Female,West,Graduate,Salaried,41322.48156276188,695.7301696661793,2.0,2022,5,16,0,2.0,0,0,0.0,0.0,1.0,0.0,0.0,1.0,0.0,1.287096950342137,3.5409836065573774,0.0008711964683273455
CUST00363,0,2021-07-18,5561.36,Home,2.0,34.6316,45.0,Male,South,Primary,Salaried,71696.3450874582,721.2892944284034,1.0,2021,7,18,6,0.0,0,1,0.0,1.0,0.0,0.0,0.0,1.0,0.0,0.07756824972341365,0.09884678747940691,2.7895424760639e-05
CUST00364,0,2021-05-04,21827.6,Education,4.0,57.1461,44.0,Other,West,Graduate,Salaried,112083.24868239943,479.39576442932633,3.0,2021,5,4,1,2.0,0,2,0.0,0.0,1.0,0.0,1.0,0.0,0.0,0.1947445336979032,0.1759530791788856,3.56877592951865e-05
CUST00366,0,2018-07-19,11319.24,Business,4.0,32.4061,27.0,Male,South,Secondary,Salaried,54518.496319676946,544.9044453243812,2.0,2018,7,19,3,1.0,0,1,0.0,1.0,0.0,0.0,0.0,0.0,0.0,0.20762201388732418,0.07050528789659224,7.33695950920112e-05
CUST00367,0,2017-12-04,43048.1,Other,9.0,42.3649,56.0,Male,North,Graduate,Unemployed,22177.955664269582,575.1222826811143,1.0,2017,12,4,0,2.0,2,1,1.0,0.0,0.0,0.0,0.0,0.0,1.0,1.9410310243046363,0.13996889580093314,0.00040580836828435463
CUST00368,0,2017-04-16,16253.7,Home,49.0,23.953,40.0,Male,West,Primary,Self-Employed,72717.02415094984,632.2012967788257,0.0,2017,4,16,6,0.0,1,1,0.0,0.0,1.0,0.0,0.0,1.0,0.0,0.22351987295656806,0.6802406293382693,0.000673844956832711
CUST00369,0,2022-07-06,20595.81,Other,21.0,37.7297,21.0,Male,West,Graduate,Self-Employed,87873.31593500485,653.5550697233974,1.0,2022,7,6,2,2.0,1,1,0.0,0.0,1.0,0.0,0.0,0.0,1.0,0.23438070796410607,2.4803149606299213,0.00023898039782102413
CUST00371,0,2018-07-10,40084.92,Car,2.0,15.4717,36.0,Male,West,Graduate,Self-Employed,62714.34213883174,446.9327732221758,0.0,2018,7,10,1,2.0,1,1,0.0,0.0,1.0,1.0,0.0,0.0,0.0,0.6391667142304287,0.03506721215663355,3.189063189999774e-05
CUST00372,0,2017-09-04,54916.03,Other,3.0,14.7564,34.0,Female,North,Graduate,Self-Employed,166104.11110075546,522.7963535539056,0.0,2017,9,4,0,2.0,1,0,1.0,0.0,0.0,0.0,0.0,0.0,1.0,0.3306121060826064,0.04455445544554456,1.806096176740779e-05
CUST00373,0,2017-12-23,33190.81,Car,23.0,8.2389,32.0,Male,South,Post-Graduate,Self-Employed,103452.93373710982,671.7199736160132,0.0,2017,12,23,5,3.0,1,1,0.0,1.0,0.0,1.0,0.0,0.0,0.0,0.3208300509325629,0.3612565445026178,0.00022232332297551481
CUST00375,0,2016-06-20,14073.68,Other,47.0,18.3375,35.0,Male,North,Primary,Self-Employed,79745.10672095613,694.99417213456,3.0,2016,6,20,0,0.0,1,1,1.0,0.0,0.0,0.0,0.0,0.0,1.0,0.1764833051041813,0.5729378301503454,0.0005893778556778697
CUST00376,0,2022-07-14,93222.49,Business,7.0,42.0645,48.0,Male,North,Post-Graduate,Self-Employed,62788.91056005622,641.6983992515633,1.0,2022,7,14,3,3.0,1,1,1.0,0.0,0.0,0.0,0.0,0.0,0.0,1.484696726993451,0.853658536585366,0.00011148465449650784
CUST00377,0,2022-03-28,41040.46,Education,36.0,68.3516,54.0,Male,South,Graduate,Self-Employed,79400.58876193962,705.2940865224018,1.0,2022,3,28,0,2.0,1,1,0.0,1.0,0.0,0.0,1.0,0.0,0.0,0.5168785350326343,3.0508474576271185,0.0004533971417760628
CUST00378,0,2018-05-13,19609.5,Home,44.0,27.3651,22.0,Female,North,Post-Graduate,Self-Employed,133162.85295944064,584.1144650495231,1.0,2018,5,13,6,3.0,1,0,1.0,0.0,0.0,0.0,0.0,1.0,0.0,0.14725953645625744,0.746184284906727,0.0003304224791083571
CUST00379,0,2020-02-16,35680.46,Education,33.0,5.8657,52.0,Male,North,Graduate,Salaried,40344.39978837613,435.0875660781676,2.0,2020,2,16,6,2.0,0,1,1.0,0.0,0.0,0.0,1.0,0.0,0.0,0.8843968478192632,0.88,0.0008179573911893424
CUST00380,0,2018-07-19,61653.07,Car,49.0,45.2184,43.0,Female,North,Post-Graduate,Salaried,265694.4267754527,634.4290113205199,5.0,2018,7,19,3,3.0,0,0,1.0,0.0,0.0,1.0,0.0,0.0,0.0,0.2320450253633099,0.863689776733255,0.00018442238550006002
CUST00381,0,2015-10-25,52239.34,Business,36.0,24.4598,42.0,Male,North,Graduate,Salaried,139373.83987700412,701.9722499230672,2.0,2015,10,25,6,2.0,0,1,1.0,0.0,0.0,0.0,0.0,0.0,0.0,0.37481452793508907,0.4,0.0002582981141351175
CUST00382,0,2015-02-08,19617.33,Business,4.0,19.7056,45.0,Male,West,Graduate,Self-Employed,71572.91057439409,673.9777444410737,3.0,2015,2,8,6,2.0,1,1,0.0,0.0,1.0,0.0,0.0,0.0,0.0,0.2740887556837502,0.040554241297735716,5.5887066320187334e-05
CUST00383,0,2020-02-21,10298.54,Other,23.0,17.6214,42.0,Male,East,Post-Graduate,Salaried,160820.52501861492,546.9846813209572,3.0,2020,2,21,4,3.0,0,1,0.0,0.0,0.0,0.0,0.0,0.0,1.0,0.06403747282138239,0.6160714285714285,0.00014301657078496515
CUST00384,0,2021-12-19,26222.23,Home,25.0,7.0534,42.696053840773665,Female,West,Graduate,Salaried,205542.7746165064,606.9408860370118,1.0,2021,12,19,6,2.0,0,0,0.0,0.0,1.0,0.0,0.0,1.0,0.0,0.1275755377386746,1.6556291390728477,0.00012162918422524954
CUST00385,0,2021-04-25,88189.12,Business,41.0,45.0931,62.0,Male,South,Secondary,Salaried,80967.01837986034,557.3730984976061,2.0,2021,4,25,6,1.0,0,1,0.0,1.0,0.0,0.0,0.0,0.0,0.0,1.0891980681103612,1.7800289435600578,0.0005063790271693924
CUST00386,0,2016-02-14,71933.8,Other,26.0,55.849,26.0,Male,North,Secondary,Salaried,86686.12593458987,534.4586828648503,1.0,2016,2,14,6,1.0,0,1,1.0,0.0,0.0,0.0,0.0,0.0,1.0,0.8298190653286153,0.30139103554868624,0.0002999326561163736
CUST00387,0,2015-10-28,50429.05,Business,28.0,34.4392,35.0,Female,East,Secondary,Salaried,241852.79334316333,676.4310856943881,0.0,2015,10,28,2,1.0,0,0,0.0,0.0,0.0,0.0,0.0,0.0,0.0,0.2085113399060335,0.3114571746384872,0.00011577290306616796
CUST00389,0,2017-05-23,24019.05,Home,21.0,6.7709,57.0,Male,North,Secondary,Self-Employed,100474.71618097826,528.494685553471,5.0,2017,5,23,1,1.0,1,1,1.0,0.0,0.0,0.0,0.0,1.0,0.0,0.23905566408106216,0.2966101694915254,0.00020900780612481782
CUST00390,0,2020-09-03,32149.02,Home,10.0,9.5129,43.01745133903273,Male,North,Graduate,Salaried,49270.03627301141,511.67794932220914,1.0,2020,9,3,3,2.0,0,1,1.0,0.0,0.0,0.0,0.0,1.0,0.0,0.6525065218515017,0.32432432432432434,0.00020296311422603294
CUST00391,0,2017-12-22,67874.61,Education,27.0,37.8185,28.0,Female,North,Graduate,Salaried,149058.12385918654,480.78019813607625,2.0,2017,12,22,4,2.0,0,0,1.0,0.0,0.0,0.0,1.0,0.0,0.0,0.4553566638482606,0.423861852433281,0.00018113739325946825
CUST00392,0,2016-06-26,81483.23,Education,15.0,9.9564,64.0,Female,North,Graduate,Salaried,183470.5506509436,611.7131433474083,1.0,2016,6,26,6,2.0,0,0,1.0,0.0,0.0,0.0,1.0,0.0,0.0,0.4441215754294185,0.18329938900203668,8.175699013700461e-05
CUST00393,0,2018-11-30,29453.58,Other,17.0,43.236,64.0,Male,South,Graduate,Self-Employed,53203.04031056934,692.920243878558,2.0,2018,11,30,4,2.0,1,1,0.0,1.0,0.0,0.0,0.0,0.0,1.0,0.5536070838821732,0.3252551020408163,0.00031953061142302375
CUST00395,0,2017-09-27,39101.77,Car,35.0,49.0202,59.0,Other,North,Primary,Salaried,149074.08223631914,479.5401759548667,0.0,2017,9,27,2,0.0,0,2,1.0,0.0,0.0,1.0,0.0,0.0,0.0,0.2622975732160743,0.5257886830245369,0.00023478259584061285
CUST00396,0,2019-02-22,27513.6,Education,5.0,23.0783,24.0,Female,North,Secondary,Salaried,56747.744391894186,667.1955631793622,1.0,2019,2,22,4,1.0,0,0,1.0,0.0,0.0,0.0,1.0,0.0,0.0,0.4848404160347565,0.10107816711590296,8.810922889675589e-05
CUST00400,0,2021-02-03,34260.94,Car,48.0,9.5398,55.0,Male,West,Graduate,Self-Employed,157767.31513450464,641.2528504066715,2.0,2021,2,3,2,2.0,1,1,0.0,0.0,1.0,1.0,0.0,0.0,0.0,0.2171612033252313,1.8652849740932642,0.00030424552740266616
CUST00402,0,2018-05-24,58920.17,Other,33.0,18.6563,36.0,Male,North,Primary,Salaried,135702.65848709148,558.413268341982,2.0,2018,5,24,3,0.0,0,1,1.0,0.0,0.0,0.0,0.0,0.0,1.0,0.4341858196212471,0.5631399317406143,0.00024317872890558791
CUST00403,0,2021-11-10,40590.19,Education,35.0,22.706,33.0,Other,South,Graduate,Salaried,178583.75826248707,493.4040175201436,0.0,2021,11,10,2,2.0,0,2,0.0,1.0,0.0,0.0,1.0,0.0,0.0,0.22728937051677164,2.1341463414634148,0.0001959864678654376
CUST00404,0,2022-05-02,61704.19,Home,40.0,43.6983,42.3784878113928,Female,South,Graduate,Salaried,184183.4016886416,650.5134885017925,1.0,2022,5,2,0,2.0,0,0,0.0,1.0,0.0,0.0,0.0,1.0,0.0,0.3350149331279575,3.761755485893417,0.00021717483569783997
CUST00405,0,2020-12-06,15607.93,Home,24.0,48.6674,50.0,Female,East,Graduate,Salaried,61938.343606462266,663.925445851384,2.0,2020,12,6,6,2.0,0,0,0.0,0.0,0.0,0.0,0.0,1.0,0.0,0.25199140130656583,0.8664259927797834,0.0003874821088611738
CUST00406,0,2015-02-02,78704.52,Home,24.0,15.8335,39.0,Male,West,Post-Graduate,Salaried,57652.98939658403,600.4905160348181,1.0,2015,2,2,0,3.0,0,1,0.0,0.0,1.0,0.0,0.0,1.0,0.0,1.3651420476847518,0.24283305227655988,0.00041628370447382236
CUST00407,0,2022-06-28,12386.12,Business,24.0,44.8396,37.0,Male,North,Primary,Salaried,49822.28876934405,555.3493392274039,3.0,2022,6,28,1,0.0,0,1,1.0,0.0,0.0,0.0,0.0,0.0,0.0,0.24860600156974832,2.7480916030534353,0.00048171211304863504
CUST00408,0,2021-03-21,48377.88,Home,19.0,40.2564,39.0,Male,East,Secondary,Unemployed,258548.6603677425,679.5502984793637,1.0,2021,3,21,6,1.0,2,1,0.0,0.0,0.0,0.0,0.0,1.0,0.0,0.18711324951825511,0.7851239669421488,7.348713380674902e-05
CUST00409,0,2018-05-11,37365.07,Home,39.0,27.8151,48.0,Female,South,Post-Graduate,Self-Employed,143447.9161020264,642.2428803638371,4.0,2018,5,11,4,3.0,1,0,0.0,1.0,0.0,0.0,0.0,1.0,0.0,0.2604783047069456,0.660643704121965,0.00027187568184860566
CUST00410,0,2022-06-10,8862.25,Car,25.0,19.5603,43.228052909143805,Male,North,Graduate,Self-Employed,60310.94199104011,538.5251586477206,2.0,2022,6,10,4,2.0,1,1,1.0,0.0,0.0,1.0,0.0,0.0,0.0,0.146942655966418,2.6785714285714284,0.0004145184799752264
CUST00411,0,2016-02-29,38374.7,Education,31.0,23.8172,57.0,Male,East,Graduate,Self-Employed,106544.00414497382,603.9275785044537,0.0,2016,2,29,0,2.0,1,1,0.0,0.0,0.0,0.0,1.0,0.0,0.0,0.3601770020561998,0.3614457831325301,0.0002909595922246218
CUST00412,0,2016-07-04,45505.54,Car,38.0,34.8013,46.0,Female,North,Graduate,Salaried,91655.07376451636,491.8633974380283,3.0,2016,7,4,0,2.0,0,0,1.0,0.0,0.0,1.0,0.0,0.0,0.0,0.49648686243943824,0.4658765835717205,0.0004145978879208697
CUST00413,0,2017-12-19,21506.26,Business,25.0,17.6551,43.0,Male,South,Graduate,Self-Employed,55074.997078273926,654.8712365150336,0.0,2017,12,19,1,2.0,1,1,0.0,1.0,0.0,0.0,0.0,0.0,0.0,0.39049044286711043,0.39184952978056425,0.00045392648799362425
CUST00414,0,2016-04-17,16156.25,Home,27.0,43.038,29.0,Female,North,Post-Graduate,Salaried,100882.360189372,579.0213144493715,1.0,2016,4,17,6,3.0,0,0,1.0,0.0,0.0,0.0,0.0,1.0,0.0,0.16014940540320613,0.3207920792079208,0.00026763846473572554
CUST00415,0,2016-03-14,53838.38,Home,32.0,57.8338,32.0,Male,South,Post-Graduate,Self-Employed,110682.07402222372,565.143133409221,3.0,2016,3,14,0,3.0,1,1,0.0,1.0,0.0,0.0,0.0,1.0,0.0,0.4864236641354394,0.37514654161781946,0.0002891163748302617
CUST00416,0,2021-03-16,48525.85,Education,11.0,8.5898,21.0,Other,South,Graduate,Salaried,149068.85534882048,597.3700411878052,0.0,2021,3,16,1,2.0,0,2,0.0,1.0,0.0,0.0,1.0,0.0,0.0,0.32552641453139036,0.4514363885088919,7.379140313555133e-05
CUST00417,0,2016-09-28,43540.87,Car,5.0,13.6125,21.0,Male,West,Secondary,Unemployed,66608.50056802672,603.2246159464198,4.0,2016,9,28,2,1.0,2,1,0.0,0.0,1.0,1.0,0.0,0.0,0.0,0.6536833831821821,0.06353240152477764,7.506549400393033e-05
CUST00418,0,2018-01-20,36573.29,Car,44.0,20.4976,54.0,Male,North,Post-Graduate,Salaried,35396.22324665831,671.5944049252448,0.0,2018,1,20,5,3.0,0,1,1.0,0.0,0.0,1.0,0.0,0.0,0.0,1.0332540210614933,0.7013815090329437,0.0012430704737447932
CUST00419,0,2018-02-28,23080.64,Home,33.0,13.822,52.0,Male,South,Primary,Salaried,52608.22518221647,647.2872425060177,4.0,2018,2,28,2,0.0,0,1,0.0,1.0,0.0,0.0,0.0,1.0,0.0,0.4387268325448491,0.5371676614215952,0.0006272783369083362
CUST00421,0,2017-05-12,28604.96,Business,43.0,34.3951,60.0,Female,East,Post-Graduate,Salaried,76408.07737579923,661.0934519775196,2.0,2017,5,12,4,3.0,0,0,0.0,0.0,0.0,0.0,0.0,0.0,0.0,0.3743708909113327,0.6042154566744731,0.0005627677266175973
CUST00422,0,2023-01-18,18176.94,Home,47.0,24.0964,21.0,Female,East,Secondary,Self-Employed,52685.61633855537,632.0589802953291,2.0,2023,1,18,2,1.0,1,0,0.0,0.0,0.0,0.0,0.0,1.0,0.0,0.34500763705972065,24.310344827586206,0.0008920840879601777
CUST00423,0,2018-11-05,37931.68,Home,16.0,18.1135,36.0,Female,East,Secondary,Self-Employed,161663.6471236423,565.8720290971171,1.0,2018,11,5,0,1.0,1,0,0.0,0.0,0.0,0.0,0.0,1.0,0.0,0.23463333083775723,0.3013182674199623,9.897092070280345e-05
CUST00424,0,2017-04-13,31421.48,Other,35.0,22.7152,59.0,Male,East,Secondary,Self-Employed,50532.92293722555,590.0225473410811,1.0,2017,4,13,3,1.0,1,1,0.0,0.0,0.0,0.0,0.0,0.0,1.0,0.6218021474640065,0.4852125693160813,0.000692617762156341
CUST00425,0,2022-09-16,28079.35,Business,11.0,15.3854,25.0,Male,West,Post-Graduate,Unemployed,99908.57342051965,588.1421688925503,0.0,2022,9,16,4,3.0,2,1,0.0,0.0,1.0,0.0,0.0,0.0,0.0,0.28105045481745355,1.8131868131868132,0.00011010066126858311
CUST00427,0,2017-12-17,14708.81,Business,10.0,24.181,49.0,Female,South,Graduate,Salaried,137604.78286328915,570.6381908222687,1.0,2017,12,17,6,2.0,0,0,0.0,1.0,0.0,0.0,0.0,0.0,0.0,0.10689170604348291,0.15657620041753653,7.267189258919174e-05
CUST00428,0,2020-09-01,37419.59,Business,34.0,31.6592,42.767245405022365,Female,West,Secondary,Self-Employed,129372.8994878697,568.7672650862694,0.0,2020,9,1,1,1.0,1,0,0.0,0.0,1.0,0.0,0.0,0.0,0.0,0.2892382419202759,1.1003236245954693,0.0002628061992472227
CUST00430,0,2017-10-25,23557.04,Education,23.0,11.2443,46.0,Male,West,Graduate,Self-Employed,208436.50439025884,675.1788385397683,1.0,2017,10,25,2,2.0,1,1,0.0,0.0,1.0,0.0,1.0,0.0,0.0,0.11301782319230319,0.35043169121381407,0.00011034535465504042
CUST00432,0,2016-01-14,45485.83,Home,29.0,10.0726,57.0,Female,North,Graduate,Self-Employed,81925.36181980086,645.6752795153759,0.0,2016,1,14,3,2.0,1,0,1.0,0.0,0.0,0.0,0.0,1.0,0.0,0.5552106086519151,0.3321878579610538,0.00035398073753750426
CUST00433,0,2022-02-11,45048.57,Other,40.0,45.1785,42.0,Female,South,Secondary,Unemployed,97381.02691543744,609.4680052524142,1.0,2022,2,11,4,1.0,2,0,0.0,1.0,0.0,0.0,0.0,0.0,1.0,0.46260109825211365,3.007518796992481,0.00041075763182015645
CUST00434,0,2019-10-01,17127.06,Education,13.0,32.4228,49.0,Female,East,Post-Graduate,Self-Employed,94581.54764434608,631.3240940208075,2.0,2019,10,1,1,3.0,1,0,0.0,0.0,0.0,0.0,1.0,0.0,0.0,0.1810824672102289,0.3087885985748218,0.00013744752886560657
CUST00435,1,2018-02-07,25856.12,Home,47.0,5.5545,34.0,Male,South,Graduate,Salaried,77586.18573589472,610.9873059652084,3.0,2018,2,7,2,2.0,0,1,0.0,1.0,0.0,0.0,0.0,1.0,0.0,0.3332567486693426,0.7564377682403434,0.0006057779429960528
CUST00437,0,2015-01-15,54148.73,Other,34.0,14.8014,25.0,Female,West,Secondary,Salaried,121838.12741394978,627.6496275721157,0.0,2015,1,15,3,1.0,0,0,0.0,0.0,1.0,0.0,0.0,0.0,1.0,0.44443173208028375,0.34193764666443177,0.0002790587866184423
CUST00438,0,2018-09-28,27673.43,Other,12.0,44.8943,50.0,Female,South,Graduate,Self-Employed,46780.55572944025,595.032904142857,2.0,2018,9,28,4,2.0,1,0,0.0,1.0,0.0,0.0,0.0,0.0,1.0,0.5915583850703247,0.22072348252605764,0.0002565168329637452
CUST00439,0,2016-06-19,51662.41,Other,24.0,34.3813,25.0,Male,West,Graduate,Self-Employed,262820.219134085,683.3752461586414,2.0,2016,6,19,6,2.0,1,1,0.0,0.0,1.0,0.0,0.0,0.0,1.0,0.196569389410801,0.2924451665312754,9.131717521229118e-05
CUST00440,0,2022-02-22,44987.1,Other,40.0,28.9642,32.0,Female,South,Graduate,Salaried,126232.22029124848,618.6628032870298,1.0,2022,2,22,1,2.0,0,0,0.0,1.0,0.0,0.0,0.0,0.0,1.0,0.35638365463432237,3.0927835051546393,0.0003168763086612139
CUST00441,0,2017-12-08,18554.14,Home,21.0,42.1693,36.0,Female,South,Post-Graduate,Salaried,84316.27811761467,609.7182863463246,0.0,2017,12,8,4,3.0,0,0,0.0,1.0,0.0,0.0,0.0,1.0,0.0,0.22005406801897034,0.32727272727272727,0.0002490622269961517
CUST00442,0,2016-10-23,27036.78,Business,29.0,24.9094,46.0,Female,South,Graduate,Salaried,112724.89673812957,625.1218081988892,1.0,2016,10,23,6,2.0,0,0,0.0,1.0,0.0,0.0,0.0,0.0,0.0,0.239847458568172,0.3724315068493151,0.0002572634869417508
CUST00444,0,2021-03-09,49692.14,Home,33.0,36.5672,41.0,Male,North,Graduate,Unemployed,40945.129826326076,600.7381594396375,0.0,2021,3,9,1,2.0,2,1,1.0,0.0,0.0,0.0,0.0,1.0,0.0,1.2136276087235642,1.3414634146341462,0.0008059566580927611
CUST00446,0,2019-10-18,54620.69,Other,42.0,50.3358,56.0,Male,West,Graduate,Salaried,48459.63852425579,539.9066224300897,0.0,2019,10,18,4,2.0,0,1,0.0,0.0,1.0,0.0,0.0,0.0,1.0,1.1271377926738018,1.0112359550561798,0.0008667006457131844
CUST00448,0,2015-02-09,17614.85,Other,5.0,29.6788,50.0,Female,East,Graduate,Salaried,107249.33418022134,488.6413370562339,3.0,2015,2,9,0,2.0,0,0,0.0,0.0,0.0,0.0,0.0,0.0,1.0,0.16424204527368047,0.05070993914807303,4.662033604421283e-05
CUST00449,0,2016-04-03,25198.16,Home,41.0,41.6303,57.0,Female,East,Secondary,Unemployed,48696.02148791997,529.6226110892355,1.0,2016,4,3,6,1.0,2,0,0.0,0.0,0.0,0.0,0.0,1.0,0.0,0.5174582898163644,0.48444269397400547,0.0008419579001987026
CUST00451,0,2022-10-01,37344.09,Education,14.0,1.2382,30.0,Female,East,Graduate,Salaried,71566.9642080638,608.249406595651,1.0,2022,10,1,5,2.0,0,0,0.0,0.0,0.0,0.0,1.0,0.0,0.0,0.5218062609366942,2.51497005988024,0.00019562098455508544
CUST00452,0,2016-09-02,32392.99,Home,24.0,20.8967,25.0,Female,North,Graduate,Salaried,87077.34704422123,578.2962749481887,1.0,2016,9,2,4,2.0,0,0,1.0,0.0,0.0,0.0,0.0,1.0,0.0,0.37200249088376103,0.30163385002094684,0.00027561703261138487
CUST00453,0,2021-02-12,12470.9,Business,11.0,13.3287,56.0,Female,East,Secondary,Self-Employed,90936.89250868626,411.54372078981135,3.0,2021,2,12,4,1.0,1,0,0.0,0.0,0.0,0.0,0.0,0.0,0.0,0.1371379607985701,0.4325032765399738,0.00012096300738393149
CUST00454,0,2015-05-28,85515.51,Education,46.0,28.7699,54.0,Female,South,Graduate,Self-Employed,59351.23247612911,725.9669086209874,3.0,2015,5,28,3,2.0,1,0,0.0,1.0,0.0,0.0,1.0,0.0,0.0,1.440837981492534,0.4842105263157895,0.0007750470896876668
CUST00456,0,2021-07-13,6394.63,Home,29.0,19.4687,30.0,Male,North,Secondary,Salaried,26201.079735639698,635.6607880973703,1.0,2021,7,13,1,1.0,0,1,1.0,0.0,0.0,0.0,0.0,1.0,0.0,0.24405978931096428,1.4215686274509804,0.001106824615344119
CUST00457,0,2021-03-13,10320.53,Car,48.0,23.4236,42.8825747994781,Male,East,Graduate,Salaried,189385.3353242845,752.5992538042615,2.0,2021,3,13,5,2.0,0,1,0.0,0.0,0.0,1.0,0.0,0.0,0.0,0.05449487407421571,1.9618528610354224,0.00025345151417246537
CUST00458,0,2016-08-29,23172.82,Home,30.0,35.8092,52.0,Male,North,Post-Graduate,Salaried,50177.25310342394,521.8108706013031,1.0,2016,8,29,0,3.0,0,1,1.0,0.0,0.0,0.0,0.0,1.0,0.0,0.46181922219290955,0.37641154328732745,0.0005978804766009181
CUST00459,0,2019-10-27,15393.89,Business,49.0,28.2093,21.0,Male,North,Graduate,Self-Employed,149087.23147044476,751.0100096500804,3.0,2019,10,27,6,2.0,1,1,1.0,0.0,0.0,0.0,0.0,0.0,0.0,0.10325424818859624,1.1883589329021826,0.0003286666437944675
CUST00460,0,2016-06-06,17452.37,Car,37.0,19.1028,25.0,Female,North,Graduate,Salaried,154958.37387856407,522.7828738599562,2.0,2016,6,6,0,2.0,0,0,1.0,0.0,0.0,1.0,0.0,0.0,0.0,0.11262618187821759,0.4484848484848485,0.00023877380146616482
CUST00463,0,2019-02-02,4619.88,Home,20.0,73.9012,44.0,Male,North,Secondary,Self-Employed,53785.19564307989,601.1755276435493,1.0,2019,2,2,5,1.0,1,1,1.0,0.0,0.0,0.0,0.0,1.0,0.0,0.08589501153175415,0.39893617021276595,0.0003718495351903259
CUST00465,0,2019-01-05,33806.4,Home,44.0,56.1996,22.0,Male,West,Graduate,Salaried,135793.3371659553,587.6247735092356,1.0,2019,1,5,5,2.0,0,1,0.0,0.0,1.0,0.0,0.0,1.0,0.0,0.24895477720445616,0.8616187989556136,0.0003240217886848665
CUST00466,0,2017-05-10,11141.73,Other,25.0,29.3023,48.0,Male,East,Secondary,Salaried,51551.11048110019,657.110195527211,1.0,2017,5,10,2,1.0,0,1,0.0,0.0,0.0,0.0,0.0,0.0,1.0,0.21612977675980055,0.3509592887225082,0.00048495560554734444
CUST00468,0,2017-10-19,7093.18,Business,2.0,45.2606,47.0,Male,South,Graduate,Self-Employed,49410.548027602184,558.2068217297992,6.0,2017,10,19,3,2.0,1,1,0.0,1.0,0.0,0.0,0.0,0.0,0.0,0.14355598719604448,0.03037974683544304,4.0477187156125876e-05
CUST00470,0,2016-02-26,115061.72,Car,19.0,66.1317,44.0,Male,South,Secondary,Salaried,111277.54628389045,664.8731018092557,0.0,2016,2,26,4,1.0,0,1,0.0,1.0,0.0,1.0,0.0,0.0,0.0,1.034006624359378,0.22127329192546585,0.00017074423937716367
CUST00472,0,2021-04-12,10306.57,Business,37.0,30.3764,55.0,Female,East,Post-Graduate,Self-Employed,150024.5822584651,673.2322376387949,5.0,2021,4,12,0,3.0,1,0,0.0,0.0,0.0,0.0,0.0,0.0,0.0,0.06869920812206398,1.5767045454545456,0.0002466262491319971
CUST00473,0,2019-07-23,12128.12,Other,11.0,9.3807,53.0,Male,West,Post-Graduate,Salaried,83546.16203070483,697.8169434265544,1.0,2019,7,23,1,3.0,0,1,0.0,0.0,1.0,0.0,0.0,0.0,1.0,0.1451666923436014,0.24756189047261817,0.00013166373813745374
CUST00474,0,2021-12-17,63204.93,Home,19.0,27.111,53.0,Female,East,Secondary,Salaried,45572.63960151587,466.5028910123096,1.0,2021,12,17,4,1.0,0,0,0.0,0.0,0.0,0.0,0.0,1.0,0.0,1.3869051815444466,1.2527472527472527,0.00041691682040221364
CUST00475,0,2016-09-25,93539.96,Home,28.0,10.0183,63.0,Male,North,Post-Graduate,Salaried,124073.30016981138,690.6341109840828,3.0,2016,9,25,6,3.0,0,1,1.0,0.0,0.0,0.0,0.0,1.0,0.0,0.7539088576831413,0.3553299492385787,0.00022567304941255005
CUST00476,0,2017-08-27,69366.69,Business,39.0,28.6297,57.0,Male,East,Post-Graduate,Salaried,121991.31107504624,764.833815875576,1.0,2017,8,27,6,3.0,0,1,0.0,0.0,0.0,0.0,0.0,0.0,0.0,0.5686199237364309,0.576923076923077,0.000319694900040939
CUST00477,0,2016-10-27,86143.83,Business,21.0,64.2082,32.0,Female,North,Graduate,Unemployed,195367.9884719964,620.1603008961542,0.0,2016,10,27,3,2.0,2,0,1.0,0.0,0.0,0.0,0.0,0.0,0.0,0.4409311406323235,0.2701543739279588,0.00010748946213882984
CUST00478,0,2016-12-26,109257.4,Business,26.0,12.6757,23.0,Male,North,Secondary,Self-Employed,102611.17605016036,600.7137945196359,1.0,2016,12,26,0,1.0,1,1,1.0,0.0,0.0,0.0,0.0,0.0,0.0,1.0647709558127538,0.34330985915492956,0.00025338370537036025
CUST00479,0,2019-08-16,42693.43,Business,22.0,16.9857,21.0,Male,West,Graduate,Self-Employed,105264.9908388374,682.9604259495327,0.0,2019,8,16,4,2.0,1,1,0.0,0.0,1.0,0.0,0.0,0.0,0.0,0.4055805226389504,0.5042016806722689,0.00020899636075285844
CUST00480,0,2015-04-12,30636.89,Other,6.0,52.6018,53.0,Female,North,Post-Graduate,Salaried,108670.95367800078,577.9614147856782,1.0,2015,4,12,6,3.0,0,0,1.0,0.0,0.0,0.0,0.0,0.0,1.0,0.28192344838326466,0.062154696132596686,5.5212545734883275e-05
CUST00481,0,2017-01-04,12154.54,Education,11.0,25.4251,60.0,Female,North,Graduate,Self-Employed,257086.9919561397,614.5824178830296,3.0,2017,1,4,2,2.0,1,0,1.0,0.0,0.0,0.0,1.0,0.0,0.0,0.04727792685082108,0.14582412726469288,4.2787073419399814e-05
CUST00482,0,2018-09-22,28610.12,Other,14.0,25.6233,30.0,Male,North,Secondary,Salaried,81957.48252929978,494.86403763015124,1.0,2018,9,22,5,1.0,0,1,1.0,0.0,0.0,0.0,0.0,0.0,1.0,0.3490849049660827,0.2565668906536347,0.00017082027861208405
CUST00483,0,2019-08-14,32340.94,Other,36.0,23.7995,63.0,Male,West,Graduate,Salaried,130832.47686802907,611.0908022824361,2.0,2019,8,14,2,2.0,0,1,0.0,0.0,1.0,0.0,0.0,0.0,1.0,0.24719351627518568,0.8237986270022882,0.00027516103693667177
CUST00484,0,2022-07-06,16987.83,Business,40.0,16.2325,64.0,Female,East,Graduate,Salaried,142920.994594034,639.8489596515633,2.0,2022,7,6,2,2.0,0,0,0.0,0.0,0.0,0.0,0.0,0.0,0.0,0.11886168332548903,4.724409448818897,0.0002798749065077506
CUST00485,0,2017-10-13,35221.81,Car,41.0,29.8459,49.0,Male,East,Graduate,Self-Employed,121767.15220286534,641.2930418341175,2.0,2017,10,13,4,2.0,1,1,0.0,0.0,0.0,1.0,0.0,0.0,0.0,0.2892554302437828,0.6208985360928824,0.0003367082111905974
CUST00486,0,2017-12-28,15523.29,Home,2.0,17.9202,33.0,Female,East,Secondary,Self-Employed,80118.11292257404,685.2339778878064,1.0,2017,12,28,3,1.0,1,0,0.0,0.0,0.0,0.0,0.0,1.0,0.0,0.19375506279087815,0.031496062992125984,2.4963144126132817e-05
CUST00487,0,2016-10-14,88491.86,Education,43.0,7.862,32.0,Female,North,Secondary,Salaried,106123.88365267849,538.0158257491577,2.0,2016,10,14,4,1.0,0,0,1.0,0.0,0.0,0.0,1.0,0.0,0.0,0.8338543309403899,0.5501066098081023,0.0004051868299574307
CUST00488,0,2022-11-12,51055.04,Education,20.0,34.7935,51.0,Other,South,Post-Graduate,Salaried,93321.45739027938,557.3914594661203,1.0,2022,11,12,5,3.0,0,2,0.0,1.0,0.0,0.0,1.0,0.0,0.0,0.5470878984077893,4.8,0.00021431298395135497
CUST00491,0,2015-06-08,15001.84,Car,4.0,25.5697,43.0,Male,South,Post-Graduate,Self-Employed,57093.918523199485,616.0027029849863,3.0,2015,6,8,0,3.0,1,1,0.0,1.0,0.0,1.0,0.0,0.0,0.0,0.2627572320842572,0.042268404367735116,7.006000119565526e-05
CUST00492,0,2020-04-11,16269.47,Business,29.0,26.6339,37.0,Male,West,Secondary,Self-Employed,98349.13071995373,594.6391966619823,2.0,2020,4,11,5,1.0,1,1,0.0,0.0,1.0,0.0,0.0,0.0,0.0,0.16542566142579174,0.8130841121495328,0.000294867883302158
CUST00493,0,2017-06-30,21870.99,Home,46.0,47.4229,46.0,Male,North,Graduate,Self-Employed,94275.92007345556,534.2655338955982,1.0,2017,6,30,4,2.0,1,1,1.0,0.0,0.0,0.0,0.0,1.0,0.0,0.23198914402489107,0.6615532118887824,0.0004879294730208824
CUST00494,0,2017-03-28,31146.51,Car,24.0,6.5284,28.0,Female,North,Graduate,Salaried,111091.12751649957,729.8823368713445,0.0,2017,3,28,1,2.0,0,0,1.0,0.0,0.0,1.0,0.0,0.0,0.0,0.28036901502664135,0.33027522935779813,0.00021603885509610522
CUST00495,0,2020-02-29,40658.43,Car,1.0,7.1461,49.0,Male,North,Post-Graduate,Salaried,75021.65158672992,557.7838870463515,2.0,2020,2,29,5,3.0,0,1,1.0,0.0,0.0,1.0,0.0,0.0,0.0,0.5419559439183528,0.02697841726618705,1.3329485273247215e-05
CUST00496,0,2018-12-03,40787.26,Education,24.0,66.2334,46.0,Male,North,Post-Graduate,Self-Employed,105474.45690716228,509.8171581034456,1.0,2018,12,3,0,3.0,1,1,1.0,0.0,0.0,0.0,1.0,0.0,0.0,0.3867027259111711,0.4600638977635783,0.00022754324320555257
CUST00497,0,2018-06-04,12644.5,Home,30.0,70.5606,30.0,Male,West,Secondary,Self-Employed,106698.6967840693,563.9407778157798,1.0,2018,6,4,0,1.0,1,1,0.0,0.0,1.0,0.0,0.0,1.0,0.0,0.11850660205896624,0.5151688609044075,0.00028116557094143594
CUST00498,0,2017-07-21,34044.27,Other,12.0,30.2565,46.0,Female,South,Post-Graduate,Salaried,170006.81672587883,439.86351986195734,1.0,2017,7,21,4,3.0,0,0,0.0,1.0,0.0,0.0,0.0,0.0,1.0,0.20025238196709144,0.17433414043583537,7.05854049331972e-05
CUST00499,0,2017-07-02,18874.29,Car,19.0,48.8509,54.0,Female,South,Secondary,Salaried,104381.09234534741,547.8970028013455,2.0,2017,7,2,6,1.0,0,0,0.0,1.0,0.0,1.0,0.0,0.0,0.0,0.18082096647881352,0.27351247600767753,0.00018202530336756807
CUST00500,0,2015-04-07,2375.18,Other,37.0,19.8376,61.0,Female,East,Graduate,Salaried,149094.4520446193,522.5497121718139,3.0,2015,4,7,1,2.0,0,0,0.0,0.0,0.0,0.0,0.0,0.0,1.0,0.015930706793095044,0.3826266804550155,0.0002481648343891901
CUST00502,0,2017-03-02,19169.57,Car,43.0,10.7629,24.0,Male,South,Graduate,Salaried,166141.15509499825,546.1268608352102,0.0,2017,3,2,3,2.0,0,1,0.0,1.0,0.0,1.0,0.0,0.0,0.0,0.11538122501338688,0.5847688123300091,0.00025881606502261846
CUST00503,0,2019-06-21,20039.85,Home,4.0,28.7687,31.0,Female,South,Secondary,Self-Employed,54709.60282687543,671.0243148463079,2.0,2019,6,21,4,1.0,1,0,0.0,1.0,0.0,0.0,0.0,1.0,0.0,0.36629492748128056,0.08791208791208792,7.311330723159717e-05
CUST00504,0,2018-09-06,12367.79,Home,15.0,19.682,49.0,Male,East,Post-Graduate,Self-Employed,46565.14896745428,711.8787194455457,3.0,2018,9,6,3,3.0,1,1,0.0,0.0,0.0,0.0,0.0,1.0,0.0,0.2656018562003142,0.27223230490018147,0.00032212932488380805
CUST00505,0,2018-02-15,15584.09,Education,20.0,1.9409,56.0,Male,West,Secondary,Salaried,273016.57254845137,662.4940269030079,3.0,2018,2,15,3,1.0,0,1,0.0,0.0,1.0,0.0,1.0,0.0,0.0,0.057081113628127254,0.3232758620689655,7.325562625488849e-05
CUST00506,0,2015-10-12,31227.74,Home,44.0,8.3965,45.0,Female,East,Primary,Self-Employed,150609.4381581242,582.7689368911939,2.0,2015,10,12,0,0.0,1,0,0.0,0.0,0.0,0.0,0.0,1.0,0.0,0.2073425170553663,0.4865462587541467,0.00029214636571318057
CUST00507,0,2018-02-17,107092.76,Car,20.0,21.0761,41.0,Other,South,Graduate,Self-Employed,86540.51962436826,611.2891597364475,1.0,2018,2,17,5,2.0,1,2,0.0,1.0,0.0,1.0,0.0,0.0,0.0,1.2374869074606827,0.3236245954692557,0.00023110561488202987
CUST00508,0,2018-12-09,31086.26,Education,21.0,21.6722,56.0,Female,West,Graduate,Salaried,99889.63065278117,478.0012047884752,2.0,2018,12,9,6,2.0,0,0,0.0,0.0,1.0,0.0,1.0,0.0,0.0,0.3112060761147131,0.4041051956382296,0.00021023203172105542
CUST00509,0,2022-03-12,28033.35,Car,10.0,28.4512,30.0,Female,North,Post-Graduate,Salaried,77999.91250981839,589.2976501983009,2.0,2022,3,12,5,3.0,0,0,1.0,0.0,0.0,1.0,0.0,0.0,0.0,0.3594023262073691,0.8108108108108107,0.00012820527200900681
CUST00510,0,2020-09-17,94865.86,Home,30.0,51.5047,57.0,Other,North,Graduate,Salaried,112057.61466531399,531.1649225546533,1.0,2020,9,17,3,2.0,0,2,1.0,0.0,0.0,0.0,0.0,1.0,0.0,0.846581111719528,0.9879253567508233,0.0002677194235269236
CUST00511,0,2019-06-26,23872.51,Business,24.0,15.0829,29.0,Male,North,Secondary,Salaried,55099.59728748324,655.5461104919439,1.0,2019,6,26,2,1.0,0,1,1.0,0.0,0.0,0.0,0.0,0.0,0.0,0.4332610613367046,0.5294117647058824,0.0004355748713512283
CUST00512,0,2022-08-15,36935.17,Other,48.0,20.581,44.0,Female,South,Post-Graduate,Self-Employed,163423.48711199945,805.8201911395579,1.0,2022,8,15,0,3.0,1,0,0.0,1.0,0.0,0.0,0.0,0.0,1.0,0.22600894554824374,6.728971962616822,0.00029371543128989795
CUST00513,1,2021-01-05,17374.24,Home,40.0,36.4501,55.0,Male,South,Graduate,Self-Employed,109674.4859701288,597.8593312069282,3.0,2021,1,5,1,2.0,1,1,0.0,1.0,0.0,0.0,0.0,1.0,0.0,0.15841642517232396,1.4981273408239701,0.000364715636879251
CUST00515,0,2015-04-24,84019.84,Other,38.0,31.3867,56.0,Female,West,Graduate,Self-Employed,57735.90737079028,599.8831337279292,0.0,2015,4,24,4,2.0,1,0,0.0,0.0,1.0,0.0,0.0,0.0,1.0,1.4552441249500008,0.39528432732316227,0.0006581692698784006
CUST00516,0,2016-04-17,32132.08,Home,3.0,24.029,38.0,Female,South,Graduate,Salaried,135206.73521965058,609.7992740299563,1.0,2016,4,17,6,2.0,0,0,0.0,1.0,0.0,0.0,0.0,1.0,0.0,0.23765147459407046,0.03564356435643564,2.2188243767045623e-05
CUST00517,0,2017-12-05,26382.21,Other,29.0,54.2648,59.0,Female,South,Graduate,Salaried,58537.15817832515,606.9885940208211,5.0,2017,12,5,1,2.0,0,0,0.0,1.0,0.0,0.0,0.0,0.0,1.0,0.4506916772356857,0.4512448132780083,0.0004954118187913327
CUST00519,0,2021-07-06,32509.7,Other,29.0,40.3054,44.0,Female,North,Post-Graduate,Salaried,149077.73844212687,619.6233394109548,0.0,2021,7,6,1,3.0,0,0,1.0,0.0,0.0,0.0,0.0,0.0,1.0,0.21807213028402975,1.4054927302100162,0.0001945293797923962
CUST00521,1,2015-06-06,86347.4,Other,5.0,15.4473,52.0,Male,South,Graduate,Self-Employed,109412.41881291251,524.4073021851947,3.0,2015,6,6,5,2.0,1,1,0.0,1.0,0.0,0.0,0.0,0.0,1.0,0.7891919485634252,0.05279831045406547,4.569865152647476e-05
CUST00522,0,2016-03-20,30281.43,Car,11.0,51.0604,57.0,Female,West,Secondary,Self-Employed,21135.71351270548,651.6638113282969,1.0,2016,3,20,6,1.0,1,0,0.0,0.0,1.0,1.0,0.0,0.0,0.0,1.4327138746367225,0.1292596944770858,0.0005204461156888545
CUST00524,0,2019-11-15,50891.57,Home,49.0,31.7716,33.0,Male,North,Graduate,Salaried,148782.00610160027,643.0569284393806,1.0,2019,11,15,4,2.0,0,1,1.0,0.0,0.0,0.0,0.0,1.0,0.0,0.3420546027941521,1.206896551724138,0.00032934090138923703
CUST00525,0,2018-11-16,4832.56,Home,35.0,10.9645,43.0,Male,South,Graduate,Self-Employed,50157.50498842295,490.44289802751535,0.0,2018,11,16,4,2.0,1,1,0.0,1.0,0.0,0.0,0.0,1.0,0.0,0.09634769514782329,0.6637168141592921,0.0006978018545395846
CUST00526,0,2023-03-04,13025.98,Business,40.0,6.1839,45.0,Male,North,Graduate,Self-Employed,162537.08412035275,741.1860707033388,1.0,2023,3,4,5,2.0,1,1,1.0,0.0,0.0,0.0,0.0,0.0,0.0,0.0801415878136139,92.3076923076923,0.000246097684208371
CUST00527,0,2018-07-08,6523.43,Education,12.0,68.7087,55.0,Male,North,Post-Graduate,Salaried,108585.41147969192,538.0584062076756,1.0,2018,7,8,6,3.0,0,1,1.0,0.0,0.0,0.0,1.0,0.0,0.0,0.06007648643685472,0.21015761821366025,0.00011051208294444129
CUST00528,0,2019-11-23,12897.15,Other,21.0,23.6217,61.0,Female,East,Graduate,Self-Employed,178938.29693822248,582.1066742557244,1.0,2019,11,23,5,2.0,1,0,0.0,0.0,0.0,0.0,0.0,0.0,1.0,0.07207596261214375,0.5206611570247933,0.00011735889051883701
CUST00529,0,2021-10-19,9829.26,Car,16.0,57.565,50.0,Female,North,Secondary,Salaried,149090.3177780186,626.4490608872325,1.0,2021,10,19,1,1.0,0,0,1.0,0.0,0.0,1.0,0.0,0.0,0.0,0.06592822489408628,0.933852140077821,0.00010731749880513695
CUST00530,0,2020-09-25,44447.06,Other,14.0,57.2913,37.0,Male,East,Graduate,Unemployed,67368.28593266675,554.7720037999125,1.0,2020,9,25,4,2.0,2,1,0.0,0.0,0.0,0.0,0.0,0.0,1.0,0.6597623701517943,0.46511627906976744,0.00020781291680766107
CUST00531,0,2016-04-18,28201.54,Car,21.0,30.0452,40.0,Male,North,Post-Graduate,Salaried,138550.62966678696,611.4724768857044,0.0,2016,4,18,0,3.0,0,1,1.0,0.0,0.0,1.0,0.0,0.0,0.0,0.20354681943939523,0.2496038034865293,0.00015156914155139398
CUST00532,0,2019-04-27,65672.26,Other,48.0,9.2457,45.0,Female,North,Primary,Salaried,98270.87496658621,646.02853796161,1.0,2019,4,27,5,0.0,0,0,1.0,0.0,0.0,0.0,0.0,0.0,1.0,0.6682779615255252,1.0140845070422535,0.0004884458392816878
CUST00533,0,2021-06-19,35225.32,Other,27.0,18.5461,42.0,Female,South,Post-Graduate,Salaried,94767.92744673575,676.8490586002788,1.0,2021,6,19,5,3.0,0,0,0.0,1.0,0.0,0.0,0.0,0.0,1.0,0.371700858603227,1.2735849056603774,0.0002849065156054545
CUST00534,0,2017-02-17,29964.02,Car,36.0,47.4387,33.0,Female,West,Graduate,Self-Employed,253060.0069910819,663.3197948778366,1.0,2017,2,17,4,2.0,1,0,0.0,0.0,1.0,1.0,0.0,0.0,0.0,0.1184067777294259,0.4867057232987832,0.00014225874893486696
CUST00536,0,2015-07-01,43401.88,Business,1.0,63.7125,56.0,Male,East,Secondary,Salaried,29912.9333684378,598.5902190397569,4.0,2015,7,1,2,1.0,0,1,0.0,0.0,0.0,0.0,0.0,0.0,0.0,1.4509402827672817,0.010653409090909092,3.3430355615178e-05
CUST00537,0,2022-12-13,34050.19,Home,22.0,7.8321,32.0,Male,North,Secondary,Salaried,159442.85697087235,787.9286846420026,0.0,2022,12,13,1,1.0,0,1,1.0,0.0,0.0,0.0,0.0,1.0,0.0,0.2135573248428459,7.0212765957446805,0.00013798046784886103
CUST00538,0,2019-11-22,18347.48,Education,15.0,55.4206,61.0,Male,East,Post-Graduate,Unemployed,150148.67971246995,675.9911254599433,0.0,2019,11,22,4,3.0,2,1,0.0,0.0,0.0,0.0,1.0,0.0,0.0,0.12219541347373053,0.37159372419488024,9.990097834176452e-05
CUST00539,0,2015-01-07,14175.48,Home,20.0,23.3227,39.0,Male,North,Secondary,Salaried,200977.20493653437,526.2541074943829,1.0,2015,1,7,2,1.0,0,1,1.0,0.0,0.0,0.0,0.0,1.0,0.0,0.07053277511982718,0.20060180541624875,9.951377324764619e-05
CUST00540,0,2020-10-30,67265.37,Business,3.0,33.3437,32.0,Female,East,Graduate,Salaried,56172.40765111023,607.9990531012442,0.0,2020,10,30,4,2.0,0,0,0.0,0.0,0.0,0.0,0.0,0.0,0.0,1.1974806281722645,0.10368663594470046,5.3407003997997685e-05
CUST00541,0,2021-01-14,64122.9,Home,14.0,39.2706,29.0,Male,East,Graduate,Self-Employed,119956.38473156322,573.1885488977446,1.0,2021,1,14,3,2.0,1,1,0.0,0.0,0.0,0.0,0.0,1.0,0.0,0.5345517884979059,0.5303030303030303,0.00011670908581755788
CUST00543,0,2023-01-25,53270.04,Car,19.0,10.5165,48.0,Male,South,Primary,Unemployed,55571.22951308733,501.64038738335296,2.0,2023,1,25,2,0.0,2,1,0.0,1.0,0.0,1.0,0.0,0.0,0.0,0.9585902717422261,11.176470588235295,0.00034190353833228387
CUST00544,0,2022-07-09,26516.37,Education,40.0,43.9527,34.0,Male,North,Graduate,Salaried,174217.5249386882,567.0461412491237,2.0,2022,7,9,5,2.0,0,1,1.0,0.0,0.0,0.0,1.0,0.0,0.0,0.15220265590004114,4.780876494023904,0.00022959802703015708
CUST00545,0,2017-03-18,54655.67,Other,34.0,45.6203,51.0,Male,North,Post-Graduate,Self-Employed,85397.52519831958,744.9244618555131,1.0,2017,3,18,5,3.0,1,1,1.0,0.0,0.0,0.0,0.0,0.0,1.0,0.6400146827800052,0.4657534246575342,0.00039813800131843915
CUST00547,0,2019-11-02,72570.09,Car,33.0,7.3245,42.58160523893965,Male,South,Graduate,Salaried,63214.23100769974,400.7070873478832,0.0,2019,11,2,5,2.0,0,1,0.0,1.0,0.0,1.0,0.0,0.0,0.0,1.148002417227233,0.8042242079610074,0.0005220343500813997
CUST00548,0,2015-10-14,105605.47,Home,43.0,29.814,25.0,Female,East,Secondary,Self-Employed,149037.19707965816,697.3378793998357,0.0,2015,10,14,2,1.0,1,0,0.0,0.0,0.0,0.0,0.0,1.0,0.0,0.7085846491299448,0.4758391737366286,0.00028851857685579754
CUST00549,0,2022-06-13,31734.35,Business,37.0,19.7487,55.0,Other,North,Graduate,Salaried,85345.26854553839,687.1703618327329,3.0,2022,6,13,0,2.0,0,2,1.0,0.0,0.0,0.0,0.0,0.0,0.0,0.37183490708764055,4.007220216606498,0.0004335331135581066
CUST00551,0,2021-12-27,93965.02,Car,27.0,16.6657,45.0,Male,North,Post-Graduate,Salaried,71645.27200204479,657.3810835026572,1.0,2021,12,27,0,3.0,0,1,1.0,0.0,0.0,1.0,0.0,0.0,0.0,1.3115313456736992,1.8202247191011236,0.00037685668915081244
CUST00552,0,2018-07-09,36832.93,Car,45.0,57.6608,41.0,Female,West,Graduate,Salaried,15698.58529605831,531.248063134624,0.0,2018,7,9,0,2.0,0,0,0.0,0.0,1.0,1.0,0.0,0.0,0.0,2.3462579146700704,0.7885514018691588,0.002866500334351711
CUST00553,0,2022-06-10,62105.8,Education,17.0,29.6215,56.0,Male,East,Graduate,Self-Employed,124267.21515929645,562.3795426986915,3.0,2022,6,10,4,2.0,1,1,0.0,0.0,0.0,0.0,1.0,0.0,0.0,0.4997762275463196,1.8214285714285714,0.00013680197128589333
CUST00554,0,2016-05-25,46369.51,Car,49.0,37.8774,43.0,Male,West,Secondary,Unemployed,123919.62070902843,719.8837088535884,2.0,2016,5,25,2,1.0,2,1,0.0,0.0,1.0,1.0,0.0,0.0,0.0,0.37419021890713106,0.5910735826296742,0.0003954176079593988
CUST00555,0,2023-01-27,36960.14,Business,31.0,35.8134,36.0,Female,North,Post-Graduate,Salaried,149089.24526392165,578.2615968104233,0.0,2023,1,27,4,3.0,0,0,1.0,0.0,0.0,0.0,0.0,0.0,0.0,0.24790614463553157,18.979591836734695,0.00020792914971916985
CUST00557,0,2020-09-08,54944.76,Other,6.0,15.7956,62.0,Female,East,Primary,Salaried,76036.51470804065,594.935742177493,0.0,2020,9,8,1,0.0,0,0,0.0,0.0,0.0,0.0,0.0,0.0,1.0,0.7226101855269511,0.19565217391304346,7.890945584550204e-05
CUST00558,0,2018-06-20,18531.46,Education,31.0,21.2236,59.0,Female,South,Graduate,Salaried,234261.44657332613,593.7129285668515,2.0,2018,6,20,2,2.0,0,0,0.0,1.0,0.0,0.0,1.0,0.0,0.0,0.07910588904435656,0.537261698440208,0.00013233078021780549
CUST00559,0,2022-06-24,15956.54,Home,3.0,38.358,34.0,Male,West,Graduate,Salaried,38359.48826220152,695.8694855498768,2.0,2022,6,24,4,2.0,0,1,0.0,0.0,1.0,0.0,0.0,1.0,0.0,0.4159737452942816,0.3383458646616541,7.82075083873349e-05
CUST00560,0,2019-07-31,16486.92,Other,40.0,62.8048,51.0,Male,West,Graduate,Unemployed,85112.5114057732,601.1469137740607,0.0,2019,7,31,2,2.0,2,1,0.0,0.0,1.0,0.0,0.0,0.0,1.0,0.19370736132316368,0.9056603773584906,0.0004699661581985324
CUST00561,0,2018-08-29,53723.38,Education,3.0,8.535,25.0,Female,West,Graduate,Salaried,107514.51145075606,566.2734150847766,2.0,2018,8,29,2,2.0,0,0,0.0,0.0,1.0,0.0,1.0,0.0,0.0,0.49968491950601895,0.054184226369656835,2.7903210083171552e-05
CUST00562,0,2019-07-07,27633.64,Home,33.0,16.7143,55.0,Male,East,Graduate,Self-Employed,142004.36818955635,683.6044916184965,3.0,2019,7,7,6,2.0,1,1,0.0,0.0,0.0,0.0,0.0,1.0,0.0,0.1945971124149708,0.7338769458858413,0.00023238721752523504
CUST00563,0,2022-10-26,47412.21,Education,13.0,32.7991,43.0,Male,North,Secondary,Self-Employed,109300.9438399563,598.7942837634919,1.0,2022,10,26,2,1.0,1,1,1.0,0.0,0.0,0.0,1.0,0.0,0.0,0.43377676655220143,2.7464788732394365,0.00011893767375911434
CUST00564,0,2018-04-26,76812.07,Car,21.0,28.1033,49.0,Female,North,Post-Graduate,Self-Employed,56772.33447344564,539.9981854747426,0.0,2018,4,26,3,3.0,1,0,1.0,0.0,0.0,1.0,0.0,0.0,0.0,1.3529841728796204,0.3527435610302352,0.00036989847598784963
CUST00566,0,2016-06-05,28147.71,Education,16.0,30.4965,31.0,Male,North,Graduate,Salaried,98828.81068653235,615.492941161344,3.0,2016,6,5,6,2.0,0,1,1.0,0.0,0.0,0.0,1.0,0.0,0.0,0.2848127970423483,0.1938610662358643,0.0001618961099385198
CUST00567,0,2017-02-24,11768.24,Business,21.0,40.7335,38.0,Female,East,Graduate,Unemployed,36286.40296462016,600.234077334355,3.0,2017,2,24,4,2.0,2,0,0.0,0.0,0.0,0.0,0.0,0.0,0.0,0.3243154195105596,0.2848101265822785,0.0005787291735826046
CUST00569,0,2022-06-16,11319.92,Car,44.0,35.3893,29.0,Female,East,Graduate,Unemployed,131290.2923575175,514.3465302866723,2.0,2022,6,16,3,2.0,2,0,0.0,0.0,0.0,1.0,0.0,0.0,0.0,0.08622054073255202,4.817518248175182,0.00033513521228350455
CUST00572,0,2016-12-13,85219.47,Home,31.0,20.3674,37.0,Male,South,Graduate,Salaried,40570.02030895896,584.4269043980256,3.0,2016,12,13,1,2.0,0,1,0.0,1.0,0.0,0.0,0.0,1.0,0.0,2.100552806013292,0.4070021881838074,0.0007641110298669078
CUST00573,0,2021-11-26,53523.3,Car,9.0,39.4003,58.0,Other,North,Post-Graduate,Salaried,41434.088946842494,701.7942706253276,2.0,2021,11,26,4,3.0,0,2,1.0,0.0,0.0,1.0,0.0,0.0,0.0,1.2917696843453528,0.5672268907563025,0.00021721245063567035
CUST00574,0,2021-05-20,34893.76,Car,48.0,5.8217,27.0,Male,South,Graduate,Salaried,210076.2155232096,617.3924682181603,2.0,2021,5,20,3,2.0,0,1,0.0,1.0,0.0,1.0,0.0,0.0,0.0,0.1661004788814128,2.1621621621621623,0.0002284885029961751
CUST00575,0,2018-05-17,29990.53,Business,33.0,16.5365,33.0,Female,North,Post-Graduate,Salaried,60981.03492769764,668.3923138109122,1.0,2018,5,17,3,3.0,0,0,1.0,0.0,0.0,0.0,0.0,0.0,0.0,0.4918009350867588,0.5609065155807366,0.0005411518521967781
CUST00576,0,2019-07-22,21576.05,Business,37.0,43.0783,60.0,Male,South,Secondary,Salaried,38958.46515258442,600.751628366068,1.0,2019,7,22,0,1.0,0,1,0.0,1.0,0.0,0.0,0.0,0.0,0.0,0.5538218694061846,0.8320839580209894,0.0009497294068204713
CUST00577,0,2021-02-22,28956.95,Business,37.0,50.969,62.0,Male,West,Primary,Salaried,179927.00514558193,684.5030786996898,1.0,2021,2,22,0,0.0,0,1,0.0,0.0,1.0,0.0,0.0,0.0,0.0,0.160937208822936,1.4741035856573705,0.00020563894769472035
CUST00578,0,2015-01-02,34963.77,Education,24.0,10.7551,42.916127839466384,Male,West,Secondary,Self-Employed,74202.90005353867,631.8022205258524,3.0,2015,1,2,4,1.0,1,1,0.0,0.0,1.0,0.0,1.0,0.0,0.0,0.47119142209769477,0.2403204272363151,0.0003234374934494957
CUST00579,0,2018-05-29,12093.7,Business,25.0,30.9615,47.0,Female,North,Graduate,Salaried,174243.3873158462,601.0736388310768,0.0,2018,5,29,1,2.0,0,0,1.0,0.0,0.0,0.0,0.0,0.0,0.0,0.06940693811282539,0.4278379920136908,0.00014347746784033294
CUST00580,0,2018-03-21,18841.5,Car,41.0,72.9433,22.0,Male,South,Secondary,Salaried,57020.623479229675,598.9373528832784,0.0,2018,3,21,2,1.0,0,1,0.0,1.0,0.0,1.0,0.0,0.0,0.0,0.3304330757951674,0.6750823271130626,0.0007190380865431023
CUST00581,0,2017-05-10,6704.04,Home,29.0,42.2442,25.0,Male,West,Primary,Self-Employed,239016.38862119682,523.644909896723,3.0,2017,5,10,2,0.0,1,1,0.0,0.0,1.0,0.0,0.0,1.0,0.0,0.028048453240689043,0.4071127749181095,0.0001213305922965827
CUST00582,0,2019-10-27,38651.54,Education,40.0,5.9311,49.0,Male,North,Post-Graduate,Salaried,166581.21115271727,640.5532576109049,3.0,2019,10,27,6,3.0,0,1,1.0,0.0,0.0,0.0,1.0,0.0,0.0,0.23202820853886869,0.9700889248181083,0.00024012311906730616
CUST00583,0,2021-07-03,38656.92,Other,47.0,41.9772,57.0,Female,North,Post-Graduate,Salaried,63984.02872578913,596.7836212370897,3.0,2021,7,3,5,3.0,0,0,1.0,0.0,0.0,0.0,0.0,0.0,1.0,0.6041651451125194,2.2668810289389065,0.0007345583098779834
CUST00586,0,2018-08-12,23275.73,Education,45.0,17.8023,28.0,Female,North,Secondary,Self-Employed,87018.4443164178,499.9827179284159,0.0,2018,8,12,6,1.0,1,0,1.0,0.0,0.0,0.0,1.0,0.0,0.0,0.26748041961500063,0.8045292014302742,0.000517131745499498
CUST00587,0,2020-03-19,30937.24,Other,18.0,11.7128,21.0,Male,West,Primary,Salaried,62464.95832890284,566.2003283654053,1.0,2020,3,19,3,0.0,0,1,0.0,0.0,1.0,0.0,0.0,0.0,1.0,0.4952735233905566,0.49405306495882895,0.00028816156260319336
CUST00589,0,2019-12-17,43568.52,Car,5.0,22.8182,37.0,Male,South,Post-Graduate,Salaried,174112.3243294867,625.2418352736203,1.0,2019,12,17,1,3.0,0,1,0.0,1.0,0.0,1.0,0.0,0.0,0.0,0.2502322576404861,0.12647554806070826,2.871709409000881e-05
CUST00590,0,2022-07-30,57677.86,Other,18.0,32.8283,27.0,Male,North,Graduate,Self-Employed,200722.35745965477,596.1712857877794,3.0,2022,7,30,5,2.0,1,1,1.0,0.0,0.0,0.0,0.0,0.0,1.0,0.2873514476910887,2.3478260869565215,8.967610896866834e-05
CUST00591,0,2017-05-25,49101.06,Other,40.0,30.8205,45.0,Male,South,Secondary,Self-Employed,93050.25788089204,620.0802834520117,3.0,2017,5,25,3,1.0,1,1,0.0,1.0,0.0,0.0,0.0,0.0,1.0,0.527683223219556,0.5655042412818096,0.0004298752191659862
CUST00593,0,2020-04-22,23655.84,Education,19.0,38.7209,56.0,Male,East,Secondary,Salaried,44964.523522833864,478.6669962971263,0.0,2020,4,22,2,1.0,0,1,0.0,0.0,0.0,0.0,1.0,0.0,0.0,0.5261000928429076,0.538243626062323,0.00042255535056101345
CUST00594,0,2016-11-26,22659.86,Car,23.0,34.1981,26.0,Female,East,Graduate,Salaried,70881.89264789736,572.0590491721631,2.0,2016,11,26,5,2.0,0,0,0.0,0.0,0.0,1.0,0.0,0.0,0.0,0.3196847481565122,0.2997393570807993,0.00032448343491971177
CUST00595,0,2022-05-22,17322.87,Home,26.0,5.0795,51.0,Male,East,Graduate,Salaried,124732.56613525037,729.3217323611,1.0,2022,5,22,6,2.0,0,1,0.0,0.0,0.0,0.0,0.0,1.0,0.0,0.13888008991345865,2.608695652173913,0.000208445964078119
CUST00596,0,2015-12-14,15280.07,Other,49.0,29.6373,39.0,Female,West,Graduate,Self-Employed,198961.53758174987,547.2540692178266,1.0,2015,12,14,0,2.0,1,0,0.0,0.0,1.0,0.0,0.0,0.0,1.0,0.07679911497327307,0.5547169811320755,0.0002462787561634456
CUST00598,0,2020-10-12,40125.53,Other,34.0,28.4459,59.0,Male,East,Primary,Self-Employed,93927.69456372406,556.670338935265,2.0,2020,10,12,0,0.0,1,1,0.0,0.0,0.0,0.0,0.0,0.0,1.0,0.4271959424360974,1.1512415349887133,0.0003619805655608116
CUST00599,0,2022-06-12,32072.65,Home,19.0,9.876,47.0,Female,North,Post-Graduate,Unemployed,74229.0810044934,593.038782134549,3.0,2022,6,12,6,3.0,2,0,1.0,0.0,0.0,0.0,0.0,1.0,0.0,0.43207661425928884,2.0503597122302155,0.0002559643706063106
CUST00600,0,2022-02-05,24423.29,Education,48.0,39.881,30.0,Male,North,Secondary,Salaried,199607.16021078549,553.3501734940562,0.0,2022,2,5,5,1.0,0,1,1.0,0.0,0.0,0.0,1.0,0.0,0.0,0.12235678306433981,3.5555555555555554,0.00024047233550796436
CUST00601,0,2021-12-11,51179.96,Home,18.0,53.6318,46.0,Male,North,Primary,Self-Employed,156160.18837893519,638.9393201726448,1.0,2021,12,11,5,0.0,1,1,1.0,0.0,0.0,0.0,0.0,1.0,0.0,0.327740127181505,1.1713665943600868,0.000115266254394632
CUST00602,0,2018-10-04,95123.48,Business,2.0,8.9699,39.0,Female,East,Secondary,Self-Employed,58412.53138952377,615.7850729832213,0.0,2018,10,4,3,1.0,1,0,0.0,0.0,0.0,0.0,0.0,0.0,0.0,1.6284772759747286,0.036923076923076927,3.423922833720399e-05
CUST00603,0,2016-01-18,64770.89,Education,27.0,31.5715,59.0,Male,South,Primary,Unemployed,149059.8452986174,661.8838092085614,3.0,2016,1,18,0,0.0,2,1,0.0,1.0,0.0,0.0,1.0,0.0,0.0,0.4345294325929424,0.3097514340344168,0.00018113530136778182
CUST00604,0,2017-08-20,75907.54,Education,6.0,41.5143,23.0,Female,South,Graduate,Unemployed,71161.49192464132,515.9247067048832,1.0,2017,8,20,6,2.0,2,0,0.0,1.0,0.0,0.0,1.0,0.0,0.0,1.0666940496467479,0.08845208845208846,8.43152643055023e-05
CUST00605,0,2022-07-18,22714.91,Home,39.0,34.516,33.0,Male,West,Post-Graduate,Self-Employed,65890.06040274206,572.7727613693677,0.0,2022,7,18,0,3.0,1,1,0.0,0.0,1.0,0.0,0.0,1.0,0.0,0.34473955344947144,4.834710743801653,0.0005918950409457658
CUST00606,0,2018-06-25,36195.74,Home,6.0,8.9244,48.0,Female,West,Secondary,Salaried,183121.39041738884,581.9421894710292,0.0,2018,6,25,0,1.0,0,0,0.0,0.0,1.0,0.0,0.0,1.0,0.0,0.19765981416752568,0.10428736964078796,3.276515095437071e-05
CUST00607,0,2017-07-09,22955.15,Home,6.0,20.0732,40.0,Male,West,Graduate,Self-Employed,128211.8680056231,636.4517528070876,1.0,2017,7,9,6,2.0,1,1,0.0,0.0,1.0,0.0,0.0,1.0,0.0,0.17904075774789616,0.08666345690900337,4.679753983255944e-05
CUST00608,0,2017-03-26,39562.03,Car,31.0,20.237,48.0,Male,South,Graduate,Self-Employed,137953.55427186412,536.5423042234372,2.0,2017,3,26,6,2.0,1,1,0.0,1.0,0.0,1.0,0.0,0.0,0.0,0.2867778957114463,0.42621448212648944,0.00022471331140123084
CUST00609,0,2016-08-26,100516.06,Education,41.0,43.4713,28.0,Other,East,Graduate,Self-Employed,110746.7987256712,673.2523043406675,0.0,2016,8,26,4,2.0,1,2,0.0,0.0,0.0,0.0,1.0,0.0,0.0,0.907620456361781,0.5137844611528822,0.00037021386145490604
CUST00610,0,2015-04-11,51612.7,Education,40.0,29.6329,61.0,Female,North,Post-Graduate,Unemployed,113921.21924177345,694.9132472414087,3.0,2015,4,11,5,3.0,2,0,1.0,0.0,0.0,0.0,1.0,0.0,0.0,0.4530560710596247,0.41422160856057993,0.00035111983760556975
CUST00612,0,2017-09-29,28830.27,Education,21.0,36.2638,21.0,Male,North,Primary,Self-Employed,158976.26520363794,560.7301684085147,3.0,2017,9,29,4,0.0,1,1,1.0,0.0,0.0,0.0,1.0,0.0,0.0,0.18134952386175607,0.3157894736842105,0.00013209519026692698
CUST00613,0,2020-04-30,19042.55,Car,41.0,28.8498,23.0,Female,South,Graduate,Salaried,149085.20777636484,557.4454793366326,1.0,2020,4,30,3,2.0,0,0,0.0,1.0,0.0,1.0,0.0,0.0,0.0,0.12772930516731587,1.170313986679353,0.00027501051654636337
CUST00615,0,2015-10-26,39938.13,Home,18.0,15.8598,48.0,Female,West,Post-Graduate,Salaried,74317.09215542153,598.5268543433366,3.0,2015,10,26,0,3.0,0,0,0.0,0.0,1.0,0.0,0.0,1.0,0.0,0.5374016776177976,0.20007410151908114,0.000242205386108973
CUST00616,0,2020-02-09,47012.17,Business,23.0,8.1086,45.0,Female,North,Graduate,Self-Employed,107745.03619305936,734.2100353724908,2.0,2020,2,9,6,2.0,1,0,1.0,0.0,0.0,0.0,0.0,0.0,0.0,0.4363279429018224,0.6095406360424028,0.00021346691052001888
CUST00617,0,2019-08-25,41713.33,Education,38.0,7.2548,53.0,Male,East,Post-Graduate,Self-Employed,139226.3571563949,498.6694403914712,1.0,2019,8,25,6,3.0,1,1,0.0,0.0,0.0,0.0,1.0,0.0,0.0,0.2996079970198663,0.8769230769230769,0.0002729368258720874
CUST00619,0,2021-06-15,42471.51,Home,28.0,47.7525,26.0,Female,North,Secondary,Salaried,114880.70654454122,545.0716374521439,2.0,2021,6,15,1,1.0,0,0,1.0,0.0,0.0,0.0,0.0,1.0,0.0,0.36970098180527006,1.3125,0.00024373109151399518
CUST00620,0,2017-03-07,79118.06,Other,36.0,30.5929,64.0,Male,South,Graduate,Self-Employed,75402.70681445883,532.3448550842782,3.0,2017,3,7,1,2.0,1,1,0.0,1.0,0.0,0.0,0.0,0.0,1.0,1.049273472299654,0.49068605179463887,0.0004774364412219858
CUST00621,0,2023-01-21,85895.45,Business,25.0,36.4908,52.0,Male,North,Post-Graduate,Self-Employed,218136.27595505968,578.5681012673201,1.0,2023,1,21,5,3.0,1,1,1.0,0.0,0.0,0.0,0.0,0.0,0.0,0.3937696727604176,13.636363636363637,0.00011460725590250053
CUST00622,0,2022-10-23,24548.03,Business,7.0,29.1793,41.0,Female,East,Post-Graduate,Self-Employed,50575.61176781519,543.2977437822801,1.0,2022,10,23,6,3.0,1,0,0.0,0.0,0.0,0.0,0.0,0.0,0.0,0.4853728732476081,1.4482758620689655,0.0001384066302971463
CUST00623,0,2019-04-22,43686.95,Car,18.0,4.1098,36.0,Female,South,Primary,Salaried,54094.63210872355,534.4526725812341,0.0,2019,4,22,0,0.0,0,0,0.0,1.0,0.0,1.0,0.0,0.0,0.0,0.8076023127802147,0.37894736842105264,0.0003327502064127586
CUST00624,0,2020-07-17,118384.0,Car,20.0,28.582,41.0,Female,North,Graduate,Salaried,79559.2947999934,692.6777597178663,2.0,2020,7,17,4,2.0,0,0,1.0,0.0,0.0,1.0,0.0,0.0,0.0,1.4879971007486836,0.6166495375128469,0.00025138483253626904
CUST00625,0,2019-06-25,24976.42,Other,5.0,31.5375,31.0,Female,North,Secondary,Unemployed,56648.1025137174,697.9034898010532,4.0,2019,6,25,1,1.0,2,0,1.0,0.0,0.0,0.0,0.0,0.0,1.0,0.44090479454191656,0.11021307861866275,8.826420971098272e-05
CUST00626,0,2017-09-26,21599.88,Business,18.0,51.6489,57.0,Female,South,Primary,Self-Employed,86281.5782227209,675.9437198700252,1.0,2017,9,26,1,0.0,1,0,0.0,1.0,0.0,0.0,0.0,0.0,0.0,0.25034173510646346,0.2702702702702703,0.00020861927158467278
CUST00627,0,2016-08-27,68563.96,Car,42.0,59.2123,56.0,Male,West,Graduate,Self-Employed,71917.05329551804,641.9199164467462,3.0,2016,8,27,5,2.0,1,1,0.0,0.0,1.0,1.0,0.0,0.0,0.0,0.9533755466629081,0.5265357292101964,0.0005840061303320598
CUST00628,0,2022-05-11,59585.49,Business,40.0,25.8757,55.0,Male,South,Secondary,Salaried,104093.7720933801,607.4194452623642,1.0,2022,5,11,2,1.0,0,1,0.0,1.0,0.0,0.0,0.0,0.0,0.0,0.5724212774857197,3.8709677419354835,0.00038426890673264226
CUST00629,0,2022-09-17,18590.74,Business,33.0,47.0225,39.0,Male,East,Post-Graduate,Self-Employed,180745.13367424087,560.2375447467273,1.0,2022,9,17,5,3.0,1,1,0.0,0.0,0.0,0.0,0.0,0.0,0.0,0.10285610252448797,5.469613259668509,0.0001825775296361577
CUST00630,0,2015-01-23,11854.13,Car,15.0,44.8273,40.0,Male,East,Secondary,Salaried,103029.2042479266,523.7473996195927,2.0,2015,1,23,4,1.0,0,1,0.0,0.0,0.0,1.0,0.0,0.0,0.0,0.11505601820892018,0.15126050420168066,0.00014558978795861045
CUST00631,0,2016-03-12,43012.45,Car,35.0,15.3044,38.0,Female,West,Post-Graduate,Salaried,108815.89935334967,629.039656274615,2.0,2016,3,12,5,3.0,0,0,0.0,0.0,1.0,1.0,0.0,0.0,0.0,0.39527725502988226,0.40999609527528313,0.00032164417339737404
CUST00632,0,2019-10-08,25981.04,Home,47.0,9.9417,61.0,Male,West,Primary,Self-Employed,52344.72453826558,506.10956859625617,0.0,2019,10,8,1,0.0,1,1,0.0,0.0,1.0,0.0,0.0,1.0,0.0,0.496344956042458,1.122611464968153,0.0008978937307357798
CUST00633,0,2017-06-15,9440.26,Home,46.0,24.2041,34.0,Male,East,Secondary,Salaried,91086.44391327094,520.4863256659685,3.0,2017,6,15,3,1.0,0,1,0.0,0.0,0.0,0.0,0.0,1.0,0.0,0.10364066917563121,0.6568300809138505,0.0005050147752370205
CUST00634,0,2016-12-21,20957.21,Business,1.0,19.5034,35.0,Male,East,Secondary,Self-Employed,76645.58759609812,692.2330604963847,1.0,2016,12,21,2,1.0,1,1,0.0,0.0,0.0,0.0,0.0,0.0,0.0,0.273430091115472,0.013175230566534914,1.3047065478442598e-05
CUST00635,0,2022-10-21,58811.22,Car,21.0,34.1935,51.0,Male,West,Secondary,Salaried,148595.71546585695,752.051923337767,3.0,2022,10,21,4,1.0,0,1,0.0,0.0,1.0,1.0,0.0,0.0,0.0,0.39578005204001415,4.285714285714286,0.00014132305184011312
CUST00636,0,2020-10-22,32172.63,Business,8.0,41.4676,21.0,Male,South,Primary,Self-Employed,62396.209672103345,631.4636110533185,3.0,2020,10,22,3,0.0,1,1,0.0,1.0,0.0,0.0,0.0,0.0,0.0,0.5156183391438283,0.273972602739726,0.00012821291616975752
CUST00638,0,2015-07-25,6837.72,Home,41.0,33.5755,36.0,Male,North,Graduate,Salaried,119426.63374878712,580.3321346044813,2.0,2015,7,25,5,2.0,0,1,1.0,0.0,0.0,0.0,0.0,1.0,0.0,0.057254565295569534,0.44054441260744986,0.00034330700542261906
CUST00640,0,2017-10-17,27580.86,Business,40.0,13.3738,31.0,Male,West,Graduate,Salaried,88825.65772721986,648.9737294894867,2.0,2017,10,17,1,2.0,0,1,0.0,0.0,1.0,0.0,0.0,0.0,0.0,0.3105055533019496,0.6069802731411229,0.00045032033562687984
CUST00641,0,2016-05-12,24569.54,Business,40.0,8.2565,32.0,Female,North,Graduate,Unemployed,109198.76620480302,645.5431458616051,2.0,2016,5,12,3,2.0,2,0,1.0,0.0,0.0,0.0,0.0,0.0,0.0,0.2249983296873489,0.48000000000000004,0.00036630450498845136
CUST00642,0,2020-02-13,10499.1,Business,30.0,4.4718,30.0,Male,East,Post-Graduate,Salaried,174348.7894762996,605.7334843104195,2.0,2020,2,13,3,3.0,0,1,0.0,0.0,0.0,0.0,0.0,0.0,0.0,0.06021894405769426,0.7978723404255319,0.00017206887463980987
CUST00643,0,2016-06-30,52683.92,Car,38.0,8.0858,52.0,Male,South,Post-Graduate,Self-Employed,134046.54095208278,580.6099633515911,1.0,2016,6,30,3,3.0,1,1,0.0,1.0,0.0,1.0,0.0,0.0,0.0,0.39302707571419365,0.46511627906976744,0.00028348362986541927
CUST00645,0,2022-06-27,69865.2,Education,2.0,17.9649,28.0,Male,West,Secondary,Salaried,93235.56521009136,521.141357325802,2.0,2022,6,27,0,1.0,0,1,0.0,0.0,1.0,0.0,1.0,0.0,0.0,0.7493406603217345,0.22813688212927755,2.145104172955161e-05
CUST00646,0,2020-12-15,10821.7,Other,46.0,18.7095,58.0,Female,North,Secondary,Salaried,94330.40926943484,538.0975536887474,1.0,2020,12,15,1,1.0,0,0,1.0,0.0,0.0,0.0,0.0,0.0,1.0,0.11472122387479637,1.6788321167883213,0.0004876476245174633
CUST00647,0,2021-04-08,12276.42,Car,8.0,62.1586,32.0,Male,North,Post-Graduate,Self-Employed,62749.81302849932,519.3514794591657,4.0,2021,4,8,3,3.0,1,1,1.0,0.0,0.0,1.0,0.0,0.0,0.0,0.19564074229869613,0.3389830508474576,0.00012749041971434416
CUST00648,0,2021-09-04,14003.02,Other,38.0,54.443,44.0,Male,East,Primary,Unemployed,132167.31708579644,606.7978370108661,2.0,2021,9,4,5,0.0,2,1,0.0,0.0,0.0,0.0,0.0,0.0,1.0,0.10594918856459754,2.039355992844365,0.0002875143480088371
CUST00649,0,2018-07-23,20480.74,Car,4.0,36.4709,48.0,Female,East,Secondary,Unemployed,130370.10655696712,512.9685590312594,3.0,2018,7,23,0,1.0,2,0,0.0,0.0,0.0,1.0,0.0,0.0,0.0,0.15709690312365163,0.0706713780918728,3.068188026871131e-05
CUST00650,0,2019-12-18,77161.87,Other,37.0,26.2971,28.0,Male,North,Secondary,Salaried,151796.89916337395,545.2606255587805,1.0,2019,12,18,2,1.0,0,1,1.0,0.0,0.0,0.0,0.0,0.0,1.0,0.5083230976737756,0.9367088607594937,0.0002437467445245909
CUST00651,0,2021-11-14,120953.96,Business,21.0,20.7954,48.0,Female,East,Secondary,Self-Employed,73654.26414742885,543.5395550218242,0.0,2021,11,14,6,1.0,1,0,0.0,0.0,0.0,0.0,0.0,0.0,0.0,1.6421854375993017,1.2909836065573772,0.0002851158754090013
CUST00652,0,2023-01-25,22246.17,Education,13.0,46.88,56.0,Male,South,Secondary,Salaried,162442.70591994372,579.1513334132834,2.0,2023,1,25,2,1.0,0,1,0.0,1.0,0.0,0.0,1.0,0.0,0.0,0.1369477926018022,7.647058823529412,8.002821626479653e-05
CUST00653,0,2020-08-29,34987.62,Education,9.0,46.9576,46.0,Female,North,Graduate,Unemployed,194853.03230304798,481.01004428768186,1.0,2020,8,29,5,2.0,2,0,1.0,0.0,0.0,0.0,1.0,0.0,0.0,0.17955902244100058,0.2903225806451613,4.6188657644304044e-05
CUST00654,0,2019-10-14,53741.13,Car,45.0,28.1324,28.0,Male,North,Secondary,Unemployed,47649.3910345991,606.9763993629814,3.0,2019,10,14,0,1.0,2,1,1.0,0.0,0.0,1.0,0.0,0.0,0.0,1.1278450539058846,1.08,0.0009443982183806854
CUST00655,0,2021-02-22,27904.69,Car,29.0,17.2481,48.0,Male,East,Graduate,Salaried,82609.2098250032,699.7842920531742,3.0,2021,2,22,0,2.0,0,1,0.0,0.0,0.0,1.0,0.0,0.0,0.0,0.3377915133084124,1.1553784860557768,0.00035105044657166804
CUST00656,0,2020-01-01,52083.64,Home,41.0,28.1209,48.0,Female,North,Secondary,Salaried,199788.41273119746,610.8393097853409,0.0,2020,1,1,2,1.0,0,0,1.0,0.0,0.0,0.0,0.0,1.0,0.0,0.26069399765478496,1.0503842869342443,0.00020521710663552284
CUST00657,0,2016-10-13,36197.18,Home,24.0,19.1369,42.92483330374473,Male,West,Primary,Salaried,66854.01095708688,598.4029663875272,0.0,2016,10,13,3,0.0,0,1,0.0,0.0,1.0,0.0,0.0,1.0,0.0,0.5414361753587936,0.3069053708439898,0.0003589911757935576
CUST00658,0,2020-04-28,29650.44,Car,16.0,8.2473,61.0,Male,West,Post-Graduate,Salaried,135571.91497184636,706.719854870154,0.0,2020,4,28,1,3.0,0,1,0.0,0.0,1.0,1.0,0.0,0.0,0.0,0.21870635969225174,0.45584045584045585,0.0001180185439095011
CUST00659,0,2020-01-18,11662.66,Business,12.0,42.4135,56.0,Female,West,Secondary,Self-Employed,99225.03210427308,662.2188037798284,5.0,2020,1,18,5,1.0,1,0,0.0,0.0,1.0,0.0,0.0,0.0,0.0,0.11753747771775983,0.3119584055459272,0.00012093722466513796
CUST00660,0,2017-11-27,40914.29,Education,2.0,28.912,47.0,Female,North,Post-Graduate,Self-Employed,120394.31496629052,605.9748674109509,4.0,2017,11,27,0,3.0,1,0,1.0,0.0,0.0,0.0,1.0,0.0,0.0,0.339835730710837,0.030991735537190084,1.661208006839845e-05
CUST00661,0,2017-10-09,78174.64,Home,19.0,8.435,37.0,Male,West,Graduate,Salaried,101056.37229099098,601.8000310596352,3.0,2017,10,9,0,2.0,0,1,0.0,0.0,1.0,0.0,0.0,1.0,0.0,0.7735745725652685,0.2871536523929471,0.00018801387353673907
CUST00662,0,2022-02-24,19484.56,Other,30.0,38.6914,29.0,Female,South,Primary,Salaried,154461.8764865189,661.1039817890608,1.0,2022,2,24,3,0.0,0,0,0.0,1.0,0.0,0.0,0.0,0.0,1.0,0.1261447837046093,2.33160621761658,0.00019422268253110558
CUST00663,0,2018-02-09,7520.47,Education,16.0,6.2331,53.0,Other,South,Post-Graduate,Self-Employed,53481.42725401935,568.6663512396774,1.0,2018,2,9,4,3.0,1,2,0.0,1.0,0.0,0.0,1.0,0.0,0.0,0.1406183489509399,0.25778732545649835,0.0002991692784114608
CUST00665,0,2020-06-07,121517.86,Business,13.0,43.3883,33.0,Male,North,Post-Graduate,Salaried,237686.56481787478,639.3603243282367,1.0,2020,6,7,6,3.0,0,1,1.0,0.0,0.0,0.0,0.0,0.0,0.0,0.5112525400546387,0.38499506416584406,5.469387809092674e-05
CUST00667,0,2017-09-06,22825.42,Education,23.0,35.5436,49.0,Male,South,Post-Graduate,Self-Employed,98395.30188448919,598.0178044126891,1.0,2017,9,6,2,3.0,1,1,0.0,1.0,0.0,0.0,1.0,0.0,0.0,0.23197672615300086,0.3419226957383548,0.00023375099785760876
CUST00668,0,2018-01-29,52282.24,Education,38.0,36.8007,33.0,Other,North,Primary,Self-Employed,276277.09965212876,599.1120801756522,1.0,2018,1,29,0,0.0,1,2,1.0,0.0,0.0,0.0,1.0,0.0,0.0,0.18923841341113903,0.608649225840897,0.00013754306834640756
CUST00669,0,2019-12-07,59328.0,Home,31.0,56.9477,55.0,Male,East,Graduate,Salaried,62126.953762133635,599.1184005693656,0.0,2019,12,7,5,2.0,0,1,0.0,0.0,0.0,0.0,0.0,1.0,0.0,0.9549478351562185,0.7775919732441472,0.0004989782714711902
CUST00670,0,2015-11-14,119643.35,Home,17.0,35.0412,26.0,Male,North,Graduate,Salaried,71757.55827663395,487.03395149474954,2.0,2015,11,14,5,2.0,0,1,1.0,0.0,0.0,0.0,0.0,1.0,0.0,1.6673274965511036,0.1902985074626866,0.00023690884149740675
CUST00671,0,2023-01-01,56998.02,Home,49.0,3.6969,38.0,Female,East,Post-Graduate,Salaried,236686.67689770818,613.2393251306512,3.0,2023,1,1,6,3.0,0,0,0.0,0.0,0.0,0.0,0.0,1.0,0.0,0.24081634313803618,19.6,0.0002070247495222426
CUST00672,0,2018-03-16,15443.41,Car,49.0,39.5416,25.0,Male,South,Post-Graduate,Salaried,159925.5889817788,677.2911728688839,2.0,2018,3,16,4,3.0,0,1,0.0,1.0,0.0,1.0,0.0,0.0,0.0,0.09656622244336116,0.8045977011494253,0.00030639249360890484
CUST00673,0,2017-08-18,7274.98,Car,3.0,31.8129,45.0,Other,West,Post-Graduate,Salaried,258811.75422546198,509.7326743787374,6.0,2017,8,18,4,3.0,0,2,0.0,0.0,1.0,1.0,0.0,0.0,0.0,0.02810915609985184,0.04418262150220913,1.1591436443750433e-05
CUST00674,0,2018-01-17,21105.16,Education,26.0,39.4623,22.0,Other,West,Post-Graduate,Unemployed,130761.90918803474,701.7986664679007,2.0,2018,1,17,2,3.0,2,2,0.0,0.0,1.0,0.0,1.0,0.0,0.0,0.16140143663435597,0.41379310344827586,0.0001988346618785764
CUST00675,0,2018-10-07,85224.52,Home,13.0,8.3265,30.0,Female,South,Secondary,Salaried,53770.07443320175,475.18633398960446,2.0,2018,10,7,6,1.0,0,0,0.0,1.0,0.0,0.0,0.0,1.0,0.0,1.5849805100395375,0.2404438964241677,0.00024177016931880622
CUST00676,0,2018-08-02,23207.36,Business,44.0,17.8175,50.0,Male,South,Secondary,Salaried,112887.43090638594,769.3859315496763,5.0,2018,8,2,3,1.0,0,1,0.0,1.0,0.0,0.0,0.0,0.0,0.0,0.20557966297634275,0.7819905213270142,0.00038976881346948044
CUST00677,0,2021-01-21,12752.07,Education,38.0,38.219,25.0,Male,South,Secondary,Salaried,203048.77966633695,567.0991655613213,2.0,2021,1,21,3,1.0,0,1,0.0,1.0,0.0,0.0,1.0,0.0,0.0,0.06280298764146741,1.4522292993630572,0.00018714714790428236
CUST00678,0,2015-11-27,43534.51,Car,22.0,19.6544,53.0,Male,West,Graduate,Self-Employed,91158.85094024384,611.6493597461513,1.0,2015,11,27,4,2.0,1,1,0.0,0.0,1.0,1.0,0.0,0.0,0.0,0.4775675598251848,0.24746906636670415,0.00024133696040575775
CUST00679,0,2016-07-20,44439.99,Home,21.0,67.6321,42.81905320695069,Male,South,Graduate,Self-Employed,83128.2511603332,448.6373142011464,1.0,2016,7,20,2,2.0,1,1,0.0,1.0,0.0,0.0,0.0,1.0,0.0,0.5345955121115996,0.2591526120937886,0.00025262169848246123
CUST00680,0,2016-09-09,16096.55,Home,29.0,39.6965,38.0,Female,North,Graduate,Salaried,131967.6428742107,595.0291146824553,2.0,2016,9,9,4,2.0,0,0,1.0,0.0,0.0,0.0,0.0,1.0,0.0,0.12197345992868082,0.365546218487395,0.00021975083716273014
CUST00681,0,2017-08-05,24225.55,Car,45.0,12.6303,52.0,Male,North,Secondary,Salaried,70565.47213962977,618.2785742174553,0.0,2017,8,5,5,1.0,0,1,1.0,0.0,0.0,1.0,0.0,0.0,0.0,0.3433060003065559,0.6585365853658537,0.0006377056460553018
CUST00682,0,2019-04-18,40964.5,Home,46.0,19.8367,31.0,Male,South,Graduate,Self-Employed,117865.60219292362,593.1070316720404,3.0,2019,4,18,3,2.0,1,1,0.0,1.0,0.0,0.0,0.0,1.0,0.0,0.3475526297566349,0.9657102869139258,0.0003902750178521697
CUST00683,0,2022-10-13,65959.04,Car,39.0,27.5679,41.0,Other,South,Secondary,Salaried,102549.49907547915,554.9535138358101,3.0,2022,10,13,3,1.0,0,2,0.0,1.0,0.0,1.0,0.0,0.0,0.0,0.6431922202901488,7.548387096774193,0.0003803041492313382
CUST00684,0,2016-09-17,21609.8,Education,5.0,26.3536,46.0,Male,West,Secondary,Salaried,73552.2504821257,524.2748385177748,1.0,2016,9,17,5,1.0,0,1,0.0,0.0,1.0,0.0,1.0,0.0,0.0,0.2938020231651716,0.06323777403035413,6.797888531249053e-05
CUST00685,0,2022-12-03,19256.79,Education,14.0,20.942,45.0,Male,North,Graduate,Salaried,177804.93171739782,690.4421295629849,1.0,2022,12,3,5,2.0,0,1,1.0,0.0,0.0,0.0,1.0,0.0,0.0,0.10830290146623513,4.038461538461538,7.873797349024899e-05
CUST00688,0,2019-08-27,44335.79,Education,33.0,34.8672,33.0,Female,West,Graduate,Self-Employed,97833.58882089482,557.8814116164061,1.0,2019,8,27,1,2.0,1,0,0.0,0.0,1.0,0.0,1.0,0.0,0.0,0.4531755456826396,0.7627118644067796,0.0003373074666658045
CUST00690,0,2018-09-17,8694.89,Business,20.0,21.4003,54.0,Female,South,Graduate,Self-Employed,67292.99448992105,665.247539567693,3.0,2018,9,17,0,2.0,1,0,0.0,1.0,0.0,0.0,0.0,0.0,0.0,0.12920943800921647,0.3654080389768575,0.00029720775768115866
CUST00691,0,2021-01-31,35781.22,Education,13.0,7.6194,61.0,Female,South,Primary,Salaried,35633.38279994416,470.1620030397149,3.0,2021,1,31,6,0.0,0,0,0.0,1.0,0.0,0.0,1.0,0.0,0.0,1.0041488398922394,0.503225806451613,0.00036482643461008626
CUST00692,0,2020-03-23,9734.46,Car,36.0,9.1465,55.0,Male,West,Graduate,Self-Employed,73843.5063172852,502.92293118776615,0.0,2020,3,23,0,2.0,1,1,0.0,0.0,1.0,1.0,0.0,0.0,0.0,0.1318255387030744,0.9917355371900827,0.0004875174784539337
CUST00693,0,2019-08-31,32708.1,Car,45.0,26.8359,21.0,Male,North,Graduate,Salaried,67885.89099485945,687.7987977082531,1.0,2019,8,31,5,2.0,0,1,1.0,0.0,0.0,1.0,0.0,0.0,0.0,0.48180998320367874,1.0432766615146831,0.000662877062384105
CUST00694,0,2015-09-13,108934.18,Other,4.0,47.0948,41.0,Female,West,Primary,Self-Employed,105760.71595698001,506.2452856621444,3.0,2015,9,13,6,0.0,1,0,0.0,0.0,1.0,0.0,0.0,0.0,1.0,1.0300060756425935,0.0437636761487965,3.782122656608214e-05
CUST00695,0,2017-04-27,16337.61,Home,35.0,47.7665,26.0,Female,East,Secondary,Self-Employed,149086.70801453374,454.4759187757962,1.0,2017,4,27,3,1.0,1,0,0.0,0.0,0.0,0.0,0.0,1.0,0.0,0.10958461835784399,0.4883720930232558,0.00023476271269326049
CUST00696,0,2019-09-17,9574.56,Other,8.0,26.5112,48.0,Male,South,Post-Graduate,Salaried,61003.6634627355,749.4821750458473,3.0,2019,9,17,1,3.0,0,1,0.0,1.0,0.0,0.0,0.0,0.0,1.0,0.1569505740560759,0.1879404855129209,0.00013113966515940234
CUST00698,0,2021-07-20,14506.53,Business,49.0,60.0134,25.0,Male,South,Graduate,Salaried,149087.72361353182,614.7295518662536,1.0,2021,7,20,1,2.0,0,1,0.0,1.0,0.0,0.0,0.0,0.0,0.0,0.09730197529612913,2.4297520661157024,0.0003286655588559309
CUST00699,0,2022-10-19,10950.46,Home,47.0,27.5732,51.0,Male,South,Primary,Salaried,91566.84130293297,605.5268154179417,3.0,2022,10,19,2,0.0,0,1,0.0,1.0,0.0,0.0,0.0,1.0,0.0,0.1195897974002653,9.463087248322147,0.0005132862434831478
CUST00701,0,2021-06-16,14056.27,Education,6.0,43.6048,58.0,Male,East,Graduate,Salaried,154462.12240683715,578.6146381465753,3.0,2021,6,16,2,2.0,0,1,0.0,0.0,0.0,0.0,1.0,0.0,0.0,0.09100140397512634,0.28169014084507044,3.884447466153951e-05
CUST00703,0,2020-05-07,45219.0,Car,6.0,31.3441,43.0,Female,East,Secondary,Self-Employed,92401.5696002261,628.3447505215089,1.0,2020,5,7,3,1.0,1,0,0.0,0.0,0.0,1.0,0.0,0.0,0.0,0.48937480386577065,0.1724137931034483,6.493396190085194e-05
CUST00704,0,2015-01-25,101434.21,Other,42.0,6.6359,57.0,Male,East,Graduate,Salaried,67836.12464657865,672.2816547042801,2.0,2015,1,25,6,2.0,0,1,0.0,0.0,0.0,0.0,0.0,0.0,1.0,1.495283088892017,0.42381432896064586,0.0006191391418483439
CUST00705,0,2018-12-11,42144.23,Education,36.0,18.6114,57.0,Female,North,Secondary,Salaried,81039.76304356086,569.0006948075653,0.0,2018,12,11,1,1.0,0,0,1.0,0.0,0.0,0.0,1.0,0.0,0.0,0.5200438453570804,0.6936416184971098,0.0004442263729306454
CUST00707,0,2019-05-17,17417.68,Home,16.0,14.184,30.0,Female,North,Graduate,Unemployed,73082.88796486816,544.8536745535943,0.0,2019,5,17,4,2.0,2,0,1.0,0.0,0.0,0.0,0.0,1.0,0.0,0.2383277465495465,0.34285714285714286,0.0002189294983483876
CUST00708,0,2019-09-13,22228.22,Business,39.0,9.1984,39.0,Female,East,Graduate,Self-Employed,131616.03679032807,487.162606686978,1.0,2019,9,13,4,2.0,1,0,0.0,0.0,0.0,0.0,0.0,0.0,0.0,0.16888686623660334,0.9133489461358313,0.0002963164744287905
CUST00709,0,2021-01-13,6684.79,Business,46.0,39.8986,37.0,Male,West,Secondary,Self-Employed,92264.26737791761,496.1817299455014,2.0,2021,1,13,2,1.0,1,1,0.0,0.0,1.0,0.0,0.0,0.0,0.0,0.07245264271832204,1.7402269861286255,0.000498567877980133
CUST00710,0,2021-02-14,79017.54,Education,38.0,51.3167,41.0,Female,East,Graduate,Salaried,129378.20152006751,483.0311635843668,1.0,2021,2,14,6,2.0,0,0,0.0,0.0,0.0,0.0,1.0,0.0,0.0,0.6107484805911744,1.4980289093298291,0.0002937125385384641
CUST00711,0,2021-10-06,50800.2,Education,33.0,25.0563,34.0,Male,North,Secondary,Self-Employed,163110.88484281115,680.7668774312955,1.0,2021,10,6,2,1.0,1,1,1.0,0.0,0.0,0.0,1.0,0.0,0.0,0.31144579988610693,1.8785578747628084,0.0002023163569482311
CUST00712,0,2017-06-22,16222.27,Car,18.0,14.3561,29.0,Male,South,Secondary,Salaried,79826.66727623706,478.83411927531546,0.0,2017,6,22,3,1.0,0,1,0.0,1.0,0.0,1.0,0.0,0.0,0.0,0.20321868059283335,0.25787965616045844,0.00022548855682164089
CUST00713,0,2020-06-22,8963.16,Education,12.0,34.546,21.0,Female,East,Post-Graduate,Salaried,151125.2218441035,621.9231072519442,0.0,2020,6,22,0,3.0,0,0,0.0,0.0,0.0,0.0,1.0,0.0,0.0,0.05930949110034155,0.36072144288577157,7.940434993954127e-05
CUST00716,0,2019-11-21,32520.67,Education,1.0,52.8245,21.0,Male,West,Graduate,Salaried,149077.73237638155,709.088583615976,4.0,2019,11,21,3,2.0,0,1,0.0,0.0,1.0,0.0,1.0,0.0,0.0,0.21814572492888457,0.024752475247524754,6.707909920948264e-06
CUST00717,0,2020-06-12,21444.92,Car,15.0,43.5089,60.0,Female,East,Post-Graduate,Salaried,131745.53818530546,564.9258106227782,0.0,2020,6,12,4,3.0,0,0,0.0,0.0,0.0,1.0,0.0,0.0,0.0,0.1627753037817254,0.4464285714285714,0.00011385584822540169
CUST00718,0,2015-04-29,17160.07,Car,47.0,46.8026,52.0,Male,South,Primary,Salaried,149086.25186572614,648.9281249239747,5.0,2015,4,29,2,0.0,0,1,0.0,1.0,0.0,1.0,0.0,0.0,0.0,0.11510162597323285,0.48975338659256684,0.0003152537501736266
CUST00719,0,2019-05-12,98664.35,Business,27.0,24.2262,54.0,Female,North,Secondary,Salaried,116473.19018670036,603.005068110489,3.0,2019,5,12,6,1.0,0,0,1.0,0.0,0.0,0.0,0.0,0.0,0.0,0.8470992323799689,0.5765124555160142,0.00023181300311874713
CUST00720,0,2018-10-08,19469.45,Home,16.0,51.2543,48.0,Other,North,Secondary,Self-Employed,80964.7960305142,587.8384875493841,2.0,2018,10,8,0,1.0,1,2,1.0,0.0,0.0,0.0,0.0,1.0,0.0,0.2404680917452359,0.2961135101789019,0.0001976167517790063
CUST00721,0,2022-07-02,26985.55,Car,21.0,11.4126,51.0,Male,South,Graduate,Salaried,149080.8023383756,783.9975299509179,3.0,2022,7,2,5,2.0,0,1,0.0,1.0,0.0,1.0,0.0,0.0,0.0,0.18101291096320804,2.441860465116279,0.0001408632075398637
CUST00722,0,2022-08-13,83565.66,Business,1.0,25.6594,28.0,Male,South,Graduate,Self-Employed,94508.86076154426,484.6926603427704,1.0,2022,8,13,5,2.0,1,1,0.0,1.0,0.0,0.0,0.0,0.0,0.0,0.8842097907713109,0.1388888888888889,1.0581018456281096e-05
CUST00723,0,2019-07-15,60475.0,Car,29.0,23.6909,59.0,Male,East,Secondary,Salaried,89962.6580594554,703.1305468349956,1.0,2019,7,15,0,1.0,0,1,0.0,0.0,0.0,1.0,0.0,0.0,0.0,0.6722233569403062,0.6487695749440715,0.00032235597108340436
CUST00724,0,2023-02-14,27824.51,Business,3.0,4.8279,43.03887043876587,Female,East,Graduate,Self-Employed,52263.05821139875,652.5125252391978,2.0,2023,2,14,1,2.0,1,0,0.0,0.0,0.0,0.0,0.0,0.0,0.0,0.5323934525119577,2.9032258064516125,5.740192217350362e-05
CUST00726,0,2020-03-29,117296.79,Business,28.0,14.338,23.0,Male,South,Graduate,Salaried,160287.21018698945,730.345481395329,1.0,2020,3,29,6,2.0,0,1,0.0,1.0,0.0,0.0,0.0,0.0,0.0,0.7317913254785752,0.7756232686980609,0.00017468642674194328
CUST00727,0,2016-06-06,14867.07,Home,39.0,45.7489,32.0,Male,North,Secondary,Salaried,114305.97778597748,452.15119100891707,2.0,2016,6,6,0,1.0,0,1,1.0,0.0,0.0,0.0,0.0,1.0,0.0,0.13006380145609342,0.4727272727272727,0.00034118950518075475
CUST00728,0,2021-12-23,30692.45,Home,37.0,34.3003,21.0,Female,North,Secondary,Self-Employed,104185.48162193481,558.2586674160742,2.0,2021,12,23,3,1.0,1,0,1.0,0.0,0.0,0.0,0.0,1.0,0.0,0.29459430932397906,2.472160356347439,0.0003551358540939946
CUST00729,0,2020-12-27,10886.72,Other,31.0,49.3953,64.0,Male,West,Secondary,Self-Employed,203090.94685774375,503.3214236584739,1.0,2020,12,27,6,1.0,1,1,0.0,0.0,1.0,0.0,0.0,0.0,1.0,0.05360514670122478,1.1481481481481481,0.00015264097430061287
CUST00733,0,2021-04-30,61656.26,Education,47.0,29.5318,37.0,Female,West,Graduate,Self-Employed,238848.90711290736,585.0850867342757,5.0,2021,4,30,4,2.0,1,0,0.0,0.0,1.0,0.0,1.0,0.0,0.0,0.25813917570430495,2.055393586005831,0.00019677711976208632
CUST00734,0,2022-06-08,11609.6,Education,40.0,17.6519,43.0,Male,East,Graduate,Salaried,149089.3303345491,561.6516845875133,2.0,2022,6,8,2,2.0,0,1,0.0,0.0,0.0,0.0,1.0,0.0,0.0,0.07787009287618793,4.25531914893617,0.00026829552396702015
CUST00735,0,2015-04-22,60373.47,Other,11.0,15.2779,35.0,Female,North,Post-Graduate,Salaried,128179.75398652104,631.0917796826649,0.0,2015,4,22,2,3.0,0,0,1.0,0.0,0.0,0.0,0.0,0.0,1.0,0.4710062870486448,0.11434511434511434,8.58169848036744e-05
CUST00736,0,2015-12-10,27216.15,Other,46.0,10.7836,57.0,Female,South,Secondary,Salaried,179980.99698958223,578.5102700849549,2.0,2015,12,10,3,1.0,0,0,0.0,1.0,0.0,0.0,0.0,0.0,1.0,0.15121679763544896,0.5199698568198945,0.0002555825379868442
CUST00739,0,2016-07-09,21007.61,Education,13.0,34.592,22.0,Male,North,Secondary,Unemployed,149084.11788864151,561.0266253576684,2.0,2016,7,9,5,1.0,2,1,1.0,0.0,0.0,0.0,1.0,0.0,0.0,0.14091111982626914,0.1597051597051597,8.719909393507871e-05
CUST00740,0,2020-03-06,25457.48,Business,44.0,40.9891,31.0,Male,West,Secondary,Salaried,156968.52046400763,422.5912735878388,2.0,2020,3,6,4,1.0,0,1,0.0,0.0,1.0,0.0,0.0,0.0,0.0,0.16218207271589413,1.193490054249548,0.0002803109812714904
CUST00741,0,2017-01-14,13921.35,Home,19.0,5.5892,59.0,Male,West,Post-Graduate,Salaried,150471.7350612136,532.632104822289,2.0,2017,1,14,5,3.0,0,1,0.0,0.0,1.0,0.0,0.0,1.0,0.0,0.09251803997831644,0.25299600532623173,0.00012626956147126624
CUST00742,0,2015-07-25,45963.96,Car,36.0,23.9649,58.0,Male,West,Secondary,Salaried,220930.19384461644,498.61786493018155,3.0,2015,7,25,5,1.0,0,1,0.0,0.0,1.0,1.0,0.0,0.0,0.0,0.20804743435081197,0.3868194842406877,0.00016294739697426486
CUST00743,0,2017-12-01,13632.64,Home,28.0,8.6005,54.0,Male,East,Graduate,Unemployed,77800.36328886695,666.0916492832413,0.0,2017,12,1,4,2.0,2,1,0.0,0.0,0.0,0.0,0.0,1.0,0.0,0.17522591699710993,0.43478260869565216,0.00035989549169633165
CUST00744,0,2019-04-02,5474.75,Home,4.0,48.6141,58.0,Male,East,Primary,Self-Employed,254881.78942297306,625.7322127673269,3.0,2019,4,2,1,0.0,1,1,0.0,0.0,0.0,0.0,0.0,1.0,0.0,0.02147956514427448,0.08304498269896195,1.56935495825559e-05
CUST00746,0,2017-05-16,42546.04,Education,38.0,18.9051,38.0,Female,East,Secondary,Self-Employed,141867.37163179662,570.3982027330204,1.0,2017,5,16,1,1.0,1,0,0.0,0.0,0.0,0.0,1.0,0.0,0.0,0.29990010747801993,0.5349601126231817,0.0002678558118256072
CUST00748,0,2018-08-31,15757.51,Education,43.0,48.7505,35.0,Male,East,Graduate,Self-Employed,43088.034850122836,570.3255117113865,0.0,2018,8,31,4,2.0,1,1,0.0,0.0,0.0,0.0,1.0,0.0,0.0,0.3657050049929366,0.7775768535262206,0.00099795686086801
CUST00749,0,2018-10-14,53307.68,Car,25.0,60.586,47.0,Male,South,Secondary,Salaried,54017.41018539453,593.5045452691625,1.0,2018,10,14,6,1.0,0,1,0.0,1.0,0.0,1.0,0.0,0.0,0.0,0.986861084547396,0.46439628482972134,0.00046281374679379967
CUST00750,0,2019-04-02,74286.68,Home,41.0,27.0557,54.0,Male,East,Graduate,Salaried,52952.241883217706,666.8266748291868,0.0,2019,4,2,1,2.0,0,1,0.0,0.0,0.0,0.0,0.0,1.0,0.0,1.402899619695684,0.8512110726643599,0.0007742826090427389
CUST00751,0,2018-02-13,31210.91,Education,35.0,10.5784,58.0,Other,West,Primary,Salaried,187837.08761736745,626.8860330004277,0.0,2018,2,13,1,0.0,0,2,0.0,0.0,1.0,0.0,1.0,0.0,0.0,0.16615946507634327,0.5651237890204521,0.00018633167945670328
CUST00752,0,2019-09-23,11435.07,Car,29.0,13.0516,53.0,Male,North,Secondary,Unemployed,82184.83154687975,640.0090263696693,1.0,2019,9,23,0,1.0,2,1,1.0,0.0,0.0,1.0,0.0,0.0,0.0,0.13913844908810483,0.6845003933910306,0.0003528631677423085
CUST00754,0,2015-12-02,59941.09,Other,29.0,25.0705,42.59667508517317,Other,South,Primary,Unemployed,98915.9308413327,670.755394990539,1.0,2015,12,2,2,0.0,2,2,0.0,1.0,0.0,0.0,0.0,0.0,1.0,0.6059801438470941,0.3268219383921863,0.00029317825504283836
CUST00755,0,2020-04-10,58138.09,Home,12.0,28.8372,50.0,Female,West,Post-Graduate,Salaried,40830.135018397435,623.0520033232203,1.0,2020,4,10,4,3.0,0,0,0.0,0.0,1.0,0.0,0.0,1.0,0.0,1.4239014878056089,0.3361344537815126,0.00029390057110007065
CUST00756,0,2015-03-21,36268.22,Home,35.0,38.9893,62.0,Female,South,Primary,Self-Employed,65943.22961924777,628.7078458143135,4.0,2015,3,21,5,0.0,1,0,0.0,1.0,0.0,0.0,0.0,1.0,0.0,0.5499915640985514,0.3598355037697053,0.0005307595670107135
CUST00757,0,2021-01-18,74446.08,Education,20.0,7.4133,37.0,Female,South,Graduate,Salaried,105918.56445062802,695.1044992954526,2.0,2021,1,18,0,2.0,0,0,0.0,1.0,0.0,0.0,1.0,0.0,0.0,0.7028614897315915,0.7614213197969544,0.00018882431142958541
CUST00759,0,2018-12-04,23886.43,Business,12.0,7.7249,49.0,Female,North,Secondary,Salaried,54671.47453875287,531.5405936038794,1.0,2018,12,4,1,1.0,0,0,1.0,0.0,0.0,0.0,0.0,0.0,0.0,0.43690846463393895,0.23017902813299232,0.00021949289096810477
CUST00760,0,2017-07-07,10760.79,Other,36.0,10.0358,24.0,Female,West,Post-Graduate,Self-Employed,138841.5262915096,505.1262720650515,0.0,2017,7,7,4,3.0,1,0,0.0,0.0,1.0,0.0,0.0,0.0,1.0,0.07750411773352885,0.5194805194805195,0.00025928842012594227
CUST00761,0,2022-04-16,42291.74,Car,10.0,31.0611,30.0,Female,South,Secondary,Self-Employed,162970.69106883058,614.6331650896204,3.0,2022,4,16,5,1.0,1,0,0.0,1.0,0.0,1.0,0.0,0.0,0.0,0.25950518907806625,0.8955223880597015,6.13607264865589e-05
CUST00762,0,2015-10-09,19984.05,Other,18.0,21.8932,37.0,Male,South,Post-Graduate,Salaried,67200.19580465896,451.70142070247016,1.0,2015,10,9,4,3.0,0,1,0.0,1.0,0.0,0.0,0.0,0.0,1.0,0.2973808299322621,0.1988217967599411,0.0002678563623880404
CUST00765,0,2015-05-08,51533.82,Other,41.0,35.5591,40.0,Male,South,Graduate,Salaried,54180.32723906364,690.7711759856845,2.0,2015,5,8,4,2.0,0,1,0.0,1.0,0.0,0.0,0.0,0.0,1.0,0.951153723612885,0.42857142857142855,0.0007567322326993862
CUST00766,0,2017-10-09,102437.13,Other,13.0,17.3133,44.0,Male,North,Post-Graduate,Salaried,39437.26621048042,546.2466151628007,3.0,2017,10,9,0,3.0,0,1,1.0,0.0,0.0,0.0,0.0,0.0,1.0,2.597470358449375,0.1964735516372796,0.0003296374533320279
CUST00768,0,2015-03-25,86678.8,Home,6.0,36.6008,54.0,Male,North,Graduate,Self-Employed,100080.45849422648,689.7762666634695,3.0,2015,3,25,2,2.0,1,1,1.0,0.0,0.0,0.0,0.0,1.0,0.0,0.8660911560971756,0.06177076183939602,5.9951763713653776e-05
CUST00770,0,2016-09-16,38233.13,Home,21.0,62.0691,22.0,Female,West,Secondary,Salaried,40762.46407371452,545.5878107398544,6.0,2016,9,16,4,1.0,0,0,0.0,0.0,1.0,0.0,0.0,1.0,0.0,0.9379494313901021,0.26548672566371684,0.000515179846881282
CUST00773,0,2020-04-23,21784.04,Business,49.0,40.3474,63.0,Male,South,Graduate,Self-Employed,27263.59290010732,629.8922724496919,1.0,2020,4,23,3,2.0,1,1,0.0,1.0,0.0,0.0,0.0,0.0,0.0,0.7990157452767075,1.389413988657845,0.0017972686204468346
CUST00774,0,2022-07-05,61080.53,Business,28.0,32.6062,31.0,Male,East,Graduate,Salaried,67575.78307957285,578.9939472547502,1.0,2022,7,5,1,2.0,0,1,0.0,0.0,0.0,0.0,0.0,0.0,0.0,0.903881941376477,3.2941176470588234,0.00041434961940476543
CUST00777,0,2017-06-11,59592.4,Business,21.0,7.3207,51.0,Male,South,Graduate,Unemployed,70096.25157342195,566.3095812159132,0.0,2017,6,11,6,2.0,2,1,0.0,1.0,0.0,0.0,0.0,0.0,0.0,0.850151023233821,0.2992874109263658,0.000299588059683957
CUST00778,0,2020-03-19,48263.61,Education,24.0,2.4741,31.0,Female,East,Graduate,Salaried,111542.06442569983,635.8344586218358,1.0,2020,3,19,3,2.0,0,0,0.0,0.0,0.0,0.0,1.0,0.0,0.0,0.43269425080570617,0.6587374199451053,0.00021516546357259534
CUST00779,0,2022-11-05,22719.5,Car,27.0,12.5698,36.0,Female,North,Post-Graduate,Self-Employed,130321.85049728444,636.5779849559475,2.0,2022,11,5,5,3.0,1,0,1.0,0.0,0.0,1.0,0.0,0.0,0.0,0.17433377375556383,6.136363636363636,0.00020717937856908048
CUST00781,0,2019-02-19,66650.67,Education,13.0,43.1613,24.0,Male,North,Secondary,Self-Employed,287986.85789431934,695.8580314561029,5.0,2019,2,19,1,1.0,1,1,1.0,0.0,0.0,0.0,1.0,0.0,0.0,0.23143649848236603,0.26227303295225285,4.514094877471987e-05
CUST00782,0,2016-11-18,22319.88,Business,29.0,33.3058,60.0,Other,East,Graduate,Self-Employed,121037.11623366248,577.1566699754221,4.0,2016,11,18,4,2.0,1,2,0.0,0.0,0.0,0.0,0.0,0.0,0.0,0.18440525265746924,0.37662337662337664,0.00023959592645957808
CUST00783,0,2021-10-17,54918.01,Other,39.0,37.5776,24.0,Female,East,Secondary,Self-Employed,195108.24275240616,703.9896994824484,2.0,2021,10,17,6,1.0,1,0,0.0,0.0,0.0,0.0,0.0,0.0,1.0,0.2814745764979872,2.2674418604651163,0.0001998890433834274
CUST00784,0,2021-10-23,18148.9,Car,28.0,23.0637,45.0,Male,East,Graduate,Self-Employed,110079.62664121832,542.8766604978036,1.0,2021,10,23,5,2.0,1,1,0.0,0.0,0.0,1.0,0.0,0.0,0.0,0.16487065366920775,1.6470588235294117,0.0002543613278346245
CUST00785,0,2023-01-21,21182.71,Business,37.0,18.5064,23.0,Female,North,Post-Graduate,Self-Employed,29160.394427870444,674.470990623347,3.0,2023,1,21,5,3.0,1,0,1.0,0.0,0.0,0.0,0.0,0.0,0.0,0.726420558281418,20.181818181818183,0.0012688442912362236
CUST00786,0,2016-04-14,88368.41,Home,29.0,27.2703,52.0,Male,West,Graduate,Salaried,48269.36377332795,600.0091274774693,2.0,2016,4,14,3,2.0,0,1,0.0,0.0,1.0,0.0,0.0,1.0,0.0,1.8307349236044719,0.34414556962025317,0.0006007951572799565
CUST00787,0,2016-11-01,59337.52,Business,48.0,16.5101,23.0,Male,North,Secondary,Salaried,54670.15846271936,697.1955285483975,2.0,2016,11,1,1,1.0,0,1,1.0,0.0,0.0,0.0,0.0,0.0,0.0,1.0853731115570737,0.618822518263859,0.0008779926993028954
CUST00790,0,2021-06-28,53731.65,Car,30.0,21.8824,52.0,Female,South,Graduate,Salaried,122693.7727681497,477.7126962992571,1.0,2021,6,28,0,2.0,0,0,0.0,1.0,0.0,1.0,0.0,0.0,0.0,0.4379329837834141,1.4354066985645935,0.0002445111868610479
CUST00791,0,2015-04-16,40582.51,Education,28.0,20.3047,39.0,Female,South,Graduate,Self-Employed,92644.71048896175,624.8431710331363,0.0,2015,4,16,3,2.0,1,0,0.0,1.0,0.0,0.0,1.0,0.0,0.0,0.43804454443014584,0.2904564315352697,0.0003022298828742747
CUST00792,0,2018-07-01,59549.51,Home,23.0,9.5141,41.0,Male,South,Post-Graduate,Self-Employed,207551.50354168878,510.78262176232647,0.0,2018,7,1,6,3.0,1,1,0.0,1.0,0.0,0.0,0.0,1.0,0.0,0.2869143753903902,0.4011627906976744,0.0001108158679051931
CUST00793,0,2021-06-16,39846.32,Other,33.0,21.5461,25.0,Male,North,Graduate,Salaried,41310.409562099514,536.5492269108851,0.0,2021,6,16,2,2.0,0,1,1.0,0.0,0.0,0.0,0.0,0.0,1.0,0.9645588223980536,1.5492957746478873,0.0007988301338526561
CUST00794,0,2022-08-06,32660.51,Home,4.0,47.556,38.0,Male,North,Graduate,Salaried,73584.00059833744,504.7403359410663,2.0,2022,8,6,5,2.0,0,1,1.0,0.0,0.0,0.0,0.0,1.0,0.0,0.4438534156124413,0.5381165919282511,5.4359642958721873e-05
CUST00795,0,2019-03-18,31871.59,Other,3.0,46.9554,48.0,Female,South,Post-Graduate,Salaried,67346.27065071513,563.1686133874675,4.0,2019,3,18,0,3.0,0,0,0.0,1.0,0.0,0.0,0.0,0.0,1.0,0.4732495161506254,0.06164383561643836,4.4545896469296835e-05
CUST00796,0,2019-06-13,86937.39,Business,32.0,20.5618,62.0,Male,East,Secondary,Salaried,125344.96505416081,597.7624468410414,1.0,2019,6,13,3,1.0,0,1,0.0,0.0,0.0,0.0,0.0,0.0,0.0,0.6935850192501539,0.6991988346686089,0.0002552954559137895
CUST00797,0,2023-01-07,63319.69,Car,4.0,4.0762,42.0,Male,West,Graduate,Salaried,168974.27703251704,621.8891664932564,0.0,2023,1,7,5,2.0,0,1,0.0,0.0,1.0,1.0,0.0,0.0,0.0,0.37472975835141403,1.7391304347826089,2.367224213203912e-05
CUST00798,0,2017-03-23,50201.24,Car,1.0,33.2495,41.0,Female,North,Post-Graduate,Salaried,149067.92610985617,551.959469166883,2.0,2017,3,23,3,3.0,0,0,1.0,0.0,0.0,1.0,0.0,0.0,0.0,0.33676754825853017,0.013729977116704806,6.7083511932878585e-06
CUST00799,0,2015-11-08,38990.23,Business,12.0,15.5265,26.0,Male,South,Graduate,Self-Employed,132242.13667665646,685.5426965116146,0.0,2015,11,8,6,2.0,1,1,0.0,1.0,0.0,0.0,0.0,0.0,0.0,0.2948396855938173,0.1340282948622487,9.074263545318422e-05
CUST00800,0,2021-08-22,23410.62,Education,13.0,44.058,21.0,Other,North,Graduate,Unemployed,79485.86836837401,583.3435793608028,0.0,2021,8,22,6,2.0,2,2,1.0,0.0,0.0,0.0,1.0,0.0,0.0,0.29452556134260793,0.6818181818181819,0.00016355108482619867
CUST00801,0,2022-09-29,28412.86,Business,34.0,31.7597,25.0,Male,North,Post-Graduate,Salaried,119665.53415475509,536.9822053387585,2.0,2022,9,29,3,3.0,0,1,1.0,0.0,0.0,0.0,0.0,0.0,0.0,0.23743561753759132,6.035502958579881,0.00028412525160360853
CUST00802,0,2022-01-13,85113.16,Car,29.0,54.4375,61.0,Female,East,Graduate,Salaried,59640.92494324262,618.103381379475,0.0,2022,1,13,3,2.0,0,0,0.0,0.0,0.0,1.0,0.0,0.0,0.0,1.4270932263541867,2.0327102803738315,0.000486243297326423
CUST00803,0,2017-09-21,78936.74,Education,9.0,36.2087,32.0,Male,East,Graduate,Salaried,147928.3569681291,757.0842266835052,1.0,2017,9,21,3,2.0,0,1,0.0,0.0,0.0,0.0,1.0,0.0,0.0,0.5336146606225525,0.13479780329505742,6.0840262032647554e-05
CUST00804,0,2016-02-22,21614.98,Other,31.0,27.7255,46.0,Female,North,Post-Graduate,Self-Employed,73103.98782079823,626.8128453228094,1.0,2016,2,22,0,3.0,1,0,1.0,0.0,0.0,0.0,0.0,0.0,1.0,0.29567443096244467,0.36046511627906974,0.0004240534740182866
CUST00805,0,2022-10-26,39337.59,Home,7.0,10.9601,54.0,Male,North,Post-Graduate,Self-Employed,149073.95145365826,570.9715498101115,3.0,2022,10,26,2,3.0,1,1,1.0,0.0,0.0,0.0,0.0,1.0,0.0,0.2638797027677142,1.4788732394366197,4.695656036310306e-05
CUST00807,0,2022-09-03,51356.54,Car,2.0,37.5028,46.0,Male,West,Primary,Salaried,31323.700716972104,582.4470143222344,2.0,2022,9,3,5,0.0,0,1,0.0,0.0,1.0,1.0,0.0,0.0,0.0,1.6395425452450934,0.3076923076923077,6.384941607223124e-05
CUST00808,0,2021-09-25,51041.08,Business,33.0,36.6438,47.0,Male,West,Graduate,Self-Employed,239096.3871668045,618.7942500070493,3.0,2021,9,25,5,2.0,1,1,0.0,0.0,1.0,0.0,0.0,0.0,0.0,0.2134749111218959,1.8401486988847584,0.000138019651367537
CUST00809,0,2016-05-10,14918.24,Business,7.0,22.5815,29.0,Male,North,Graduate,Self-Employed,159254.59040164118,568.9935286995544,1.0,2016,5,10,1,2.0,1,1,1.0,0.0,0.0,0.0,0.0,0.0,0.0,0.09367541596368491,0.08393285371702637,4.3954776953970066e-05
CUST00810,0,2021-05-07,14225.8,Car,18.0,16.7471,46.0,Female,North,Graduate,Salaried,120835.07884868163,466.76922894072004,2.0,2021,5,7,4,2.0,0,0,1.0,0.0,0.0,1.0,0.0,0.0,0.0,0.11772905794859925,0.7952871870397644,0.00014896336536959515
CUST00811,0,2015-06-18,92610.31,Home,8.0,56.0007,42.0,Male,West,Graduate,Self-Employed,37264.22957075985,531.9547688397253,2.0,2015,6,18,3,2.0,1,1,0.0,0.0,1.0,0.0,0.0,1.0,0.0,2.4852334548912447,0.08483563096500531,0.00021468309132244518
CUST00812,0,2018-11-23,121445.41,Home,12.0,6.0894,50.0,Female,West,Graduate,Salaried,64853.482565183556,716.3630768710207,0.0,2018,11,23,4,2.0,0,0,0.0,0.0,1.0,0.0,0.0,1.0,0.0,1.8726120047282966,0.22857142857142856,0.0001850324689647765
CUST00813,0,2020-12-22,11100.92,Car,43.0,9.1903,63.0,Female,South,Graduate,Salaried,101147.49336485766,597.6556292934162,4.0,2020,12,22,1,2.0,0,0,0.0,1.0,0.0,1.0,0.0,0.0,0.0,0.109749828005692,1.5828220858895705,0.0004251217560566832
CUST00814,0,2019-10-21,35517.89,Car,30.0,22.4223,37.0,Female,North,Secondary,Self-Employed,84299.99944319253,529.0688664636322,3.0,2019,10,21,0,1.0,1,0,1.0,0.0,0.0,1.0,0.0,0.0,0.0,0.4213272862941658,0.7240547063555913,0.00035587188847155545
CUST00815,0,2022-06-02,69650.19,Other,9.0,67.8912,46.0,Male,North,Graduate,Self-Employed,35841.47497690272,653.8205429759538,3.0,2022,6,2,3,2.0,1,1,1.0,0.0,0.0,0.0,0.0,0.0,1.0,1.9432847014494965,0.9375,0.00025110573730014905
CUST00816,0,2019-02-26,6229.04,Education,28.0,40.6593,56.0,Male,East,Graduate,Salaried,44808.027905922376,505.7141772183861,2.0,2019,2,26,1,2.0,0,1,0.0,0.0,0.0,0.0,1.0,0.0,0.0,0.13901616052101892,0.5675675675675675,0.0006248880236101437
CUST00817,0,2015-10-10,15387.79,Car,4.0,38.8812,21.0,Female,South,Secondary,Unemployed,83294.96330922992,712.3453025595962,3.0,2015,10,10,5,1.0,2,0,0.0,1.0,0.0,1.0,0.0,0.0,0.0,0.184738541067283,0.04419889502762431,4.802211131482376e-05
CUST00818,0,2020-09-03,33733.35,Other,39.0,41.1941,28.0,Other,North,Secondary,Salaried,45707.89690952043,619.6188678315389,1.0,2020,9,3,3,1.0,0,2,1.0,0.0,0.0,0.0,0.0,0.0,1.0,0.7380201733362562,1.2648648648648648,0.000853244245238436
CUST00819,0,2022-04-06,22521.13,Education,17.0,72.6513,55.0,Male,East,Graduate,Self-Employed,224769.87821764298,675.9713198893227,1.0,2022,4,6,2,2.0,1,1,0.0,0.0,0.0,0.0,1.0,0.0,0.0,0.10019638831762395,1.4782608695652173,7.56329101337103e-05
CUST00820,0,2018-10-29,42929.51,Education,11.0,35.0651,35.0,Male,North,Graduate,Salaried,149071.95924771123,462.7925322253969,1.0,2018,10,29,0,2.0,0,1,1.0,0.0,0.0,0.0,1.0,0.0,0.0,0.28797843817605234,0.20625,7.378986668929078e-05
CUST00821,0,2015-02-21,117757.84,Home,2.0,9.309,42.0,Male,East,Secondary,Self-Employed,60956.8511374248,654.2109681539911,3.0,2015,2,21,5,1.0,1,1,0.0,0.0,0.0,0.0,0.0,1.0,0.0,1.9318228845929004,0.020366598778004074,3.281009374140865e-05
CUST00822,0,2019-09-17,18356.92,Car,23.0,49.3946,34.0,Other,South,Post-Graduate,Unemployed,199086.14446747807,599.3860749052398,2.0,2019,9,17,1,3.0,2,2,0.0,1.0,0.0,1.0,0.0,0.0,0.0,0.0922059144251433,0.5403288958496476,0.00011552787895672565
CUST00823,0,2020-06-30,37805.82,Other,22.0,8.8831,46.0,Male,North,Graduate,Salaried,176420.20436353894,668.1543256632674,2.0,2020,6,30,1,2.0,0,1,1.0,0.0,0.0,0.0,0.0,0.0,1.0,0.2142941628278342,0.6666666666666666,0.00012470227023808378
CUST00824,0,2016-03-08,27561.17,Education,26.0,7.0493,48.0,Male,East,Post-Graduate,Unemployed,117403.85400659482,673.189423847828,4.0,2016,3,8,1,3.0,2,1,0.0,0.0,0.0,0.0,1.0,0.0,0.0,0.23475524064526732,0.30409356725146197,0.0002214578066452531
CUST00825,0,2019-11-11,40501.42,Car,12.0,35.3407,43.0,Female,South,Graduate,Self-Employed,96398.72553516093,605.26277515798,3.0,2019,11,11,0,2.0,1,0,0.0,1.0,0.0,1.0,0.0,0.0,0.0,0.4201447661797906,0.2945990180032733,0.00012448297353913733
CUST00826,0,2019-01-23,36484.4,Education,32.0,9.2592,34.0,Male,West,Graduate,Self-Employed,82529.88218647605,551.9336288723268,1.0,2019,1,23,2,2.0,1,1,0.0,0.0,1.0,0.0,1.0,0.0,0.0,0.44207502826144346,0.6340819022457067,0.0003877383458235901
CUST00828,0,2020-02-27,119570.56,Car,43.0,59.2929,22.0,Female,North,Graduate,Salaried,44263.90544765298,595.1876400475898,2.0,2020,2,27,3,2.0,0,0,1.0,0.0,0.0,1.0,0.0,0.0,0.0,2.701310668156147,1.1579892280071813,0.0009714461380018153
CUST00829,0,2022-12-07,10252.24,Education,5.0,40.8857,46.0,Female,East,Graduate,Self-Employed,246963.85109531265,530.1772037177886,1.0,2022,12,7,2,2.0,1,0,0.0,0.0,0.0,0.0,1.0,0.0,0.0,0.04151312005595213,1.5,2.024587800127198e-05
CUST00830,0,2016-09-18,17674.75,Other,26.0,4.5547,34.0,Male,North,Secondary,Salaried,72235.87381573979,526.3878214833851,1.0,2016,9,18,6,1.0,0,1,1.0,0.0,0.0,0.0,0.0,0.0,1.0,0.24468105757376152,0.32897511598481655,0.00035993196491705963
CUST00831,0,2019-11-19,19491.12,Home,7.0,14.2681,27.0,Male,West,Graduate,Unemployed,100400.28911101466,481.82684669500946,1.0,2019,11,19,1,2.0,2,1,0.0,0.0,1.0,0.0,0.0,1.0,0.0,0.1941341023276165,0.1729818780889621,6.972091477007558e-05
CUST00832,0,2016-12-22,13528.85,Business,29.0,26.6786,43.18548776861141,Male,South,Secondary,Salaried,57173.8146218034,559.176707234955,0.0,2016,12,22,3,1.0,0,1,0.0,1.0,0.0,0.0,0.0,0.0,0.0,0.23662668110377813,0.38224956063268895,0.0005072252077604206
CUST00833,0,2020-11-07,12152.74,Education,33.0,14.1006,43.0,Male,South,Secondary,Salaried,84485.03440564893,688.2153636859503,1.0,2020,11,7,5,1.0,0,1,0.0,1.0,0.0,0.0,1.0,0.0,0.0,0.14384488430991785,1.1511627906976745,0.0003906017229223442
CUST00835,0,2018-01-11,20095.48,Car,25.0,28.8599,38.0,Male,South,Primary,Salaried,63856.985335333564,557.6185835261567,2.0,2018,1,11,3,0.0,0,1,0.0,1.0,0.0,1.0,0.0,0.0,0.0,0.31469509395835354,0.3966155473294553,0.00039149984717751647
CUST00836,0,2021-11-27,17807.32,Car,31.0,26.9526,58.0,Male,West,Post-Graduate,Self-Employed,235427.30584535596,664.3884750544064,2.0,2021,11,27,5,3.0,1,1,0.0,0.0,1.0,1.0,0.0,0.0,0.0,0.07563829495503385,1.9578947368421051,0.000131675465123671
CUST00838,0,2020-06-03,21232.7,Home,5.0,16.4515,42.882972450085454,Female,North,Graduate,Unemployed,148444.0024301378,607.6280219466223,4.0,2020,6,3,2,2.0,2,0,1.0,0.0,0.0,0.0,0.0,1.0,0.0,0.14303508159578726,0.14749262536873156,3.3682735025641406e-05
CUST00839,0,2020-03-19,25475.33,Car,38.0,19.4069,45.0,Male,North,Post-Graduate,Salaried,208302.81748249833,585.6295701819588,2.0,2020,3,19,3,3.0,0,1,1.0,0.0,0.0,1.0,0.0,0.0,0.0,0.12229949795153609,1.0430009149130834,0.00018242672115173272
CUST00840,0,2019-11-20,65720.43,Home,45.0,33.2112,57.0,Female,West,Graduate,Salaried,116233.97106646467,662.3304500470682,1.0,2019,11,20,2,2.0,0,0,0.0,0.0,1.0,0.0,0.0,1.0,0.0,0.5654149935428074,1.1129431162407255,0.0003871501557343179
CUST00841,0,2023-03-14,25406.93,Home,11.0,73.4402,48.0,Male,West,Secondary,Salaried,79935.52939309945,473.82173032643993,0.0,2023,3,14,1,1.0,0,1,0.0,0.0,1.0,0.0,0.0,1.0,0.0,0.3178427689526666,110.0,0.00013761089822655995
CUST00842,0,2021-08-23,14292.09,Other,32.0,47.0214,30.0,Female,North,Graduate,Salaried,88286.7583274935,531.9841803348276,1.0,2021,8,23,0,2.0,0,0,1.0,0.0,0.0,0.0,0.0,0.0,1.0,0.16188260018546044,1.6812609457092818,0.00036245526063261106
CUST00843,0,2018-01-04,29544.36,Car,8.0,32.6932,59.0,Female,South,Graduate,Unemployed,90088.0596054239,468.9403472724373,0.0,2018,1,4,3,2.0,2,0,0.0,1.0,0.0,1.0,0.0,0.0,0.0,0.3279497874568633,0.12644889357218125,8.880200145323529e-05
CUST00845,0,2017-10-02,24707.11,Home,34.0,41.2134,59.0,Male,West,Graduate,Self-Employed,40518.92928696993,696.9142002905944,1.0,2017,10,2,0,2.0,1,1,0.0,0.0,1.0,0.0,0.0,1.0,0.0,0.6097670998415378,0.5120481927710843,0.0008391139795229909
CUST00846,0,2015-12-21,17511.04,Education,47.0,14.7816,42.0,Male,North,Post-Graduate,Salaried,34117.4350816941,559.5642232277178,3.0,2015,12,21,0,3.0,0,1,1.0,0.0,0.0,0.0,1.0,0.0,0.0,0.5132578096234335,0.5334846765039728,0.0013775947660619456
CUST00847,0,2018-02-16,50827.06,Home,42.0,9.4118,46.0,Male,North,Graduate,Salaried,35509.951129190405,559.145284944348,2.0,2018,2,16,4,2.0,0,1,1.0,0.0,0.0,0.0,0.0,1.0,0.0,1.43134694314514,0.6792452830188679,0.0011827670459809377
CUST00848,0,2020-01-21,28431.94,Business,8.0,7.0279,64.0,Male,East,Secondary,Salaried,57736.286665981475,669.737953934731,2.0,2020,1,21,1,1.0,0,1,0.0,0.0,0.0,0.0,0.0,0.0,0.0,0.49244490149644915,0.20851433536055602,0.00013856104127863217
CUST00850,0,2020-03-18,86828.92,Home,21.0,64.4109,37.0,Male,South,Primary,Salaried,155881.53012401127,592.9143146184969,1.0,2020,3,18,2,0.0,0,1,0.0,1.0,0.0,0.0,0.0,1.0,0.0,0.5570186534025128,0.5758683729433272,0.00013471769223264286
CUST00852,0,2021-11-04,92107.5,Home,6.0,20.8726,40.0,Male,South,Secondary,Salaried,149044.68348086745,513.8436367297643,1.0,2021,11,4,3,1.0,0,1,0.0,1.0,0.0,0.0,0.0,1.0,0.0,0.6179858137095084,0.36144578313253006,4.025638392375269e-05
CUST00853,0,2022-06-29,26766.97,Education,5.0,33.8721,45.0,Female,South,Secondary,Self-Employed,50524.86240421589,710.2379467140331,1.0,2022,6,29,2,1.0,1,0,0.0,1.0,0.0,0.0,1.0,0.0,0.0,0.5297781869420096,0.574712643678161,9.896117994341713e-05
CUST00854,0,2019-04-02,36213.52,Other,3.0,15.9577,24.0,Male,South,Post-Graduate,Salaried,53416.16142438278,771.8965035149641,1.0,2019,4,2,1,3.0,0,1,0.0,1.0,0.0,0.0,0.0,0.0,1.0,0.6779506245738893,0.06228373702422146,5.6162777706272904e-05
CUST00855,0,2018-10-09,15932.18,Other,43.0,7.1832,30.0,Female,North,Graduate,Salaried,139793.2890096694,641.697263295098,1.0,2018,10,9,1,2.0,0,0,1.0,0.0,0.0,0.0,0.0,0.0,1.0,0.1139695625796313,0.7962962962962963,0.0003075970263281074
CUST00856,0,2015-04-28,23605.78,Other,43.0,7.1639,23.0,Female,East,Graduate,Self-Employed,185092.39959899304,433.25347029257597,1.0,2015,4,28,1,2.0,1,0,0.0,0.0,0.0,0.0,0.0,0.0,1.0,0.12753511246892074,0.4479166666666667,0.00023231640031227914
CUST00857,0,2020-07-17,26615.35,Car,16.0,26.2511,61.0,Male,West,Graduate,Salaried,74154.69812790817,555.3415790081773,1.0,2020,7,17,4,2.0,0,1,0.0,0.0,1.0,1.0,0.0,0.0,0.0,0.3589165713289216,0.49331963001027757,0.0002157651558691787
CUST00858,0,2018-08-24,41203.68,Home,35.0,63.4385,38.0,Male,East,Post-Graduate,Self-Employed,263289.39633632964,649.0260257335457,0.0,2018,8,24,4,3.0,1,1,0.0,0.0,0.0,0.0,0.0,1.0,0.0,0.1564957821064918,0.6302521008403361,0.00013293357228595147
CUST00859,0,2017-01-14,11729.42,Home,9.0,27.5661,56.0,Male,North,Secondary,Self-Employed,176197.9238101807,566.2813602266909,3.0,2017,1,14,5,1.0,1,1,1.0,0.0,0.0,0.0,0.0,1.0,0.0,0.06656956986982542,0.11984021304926765,5.1078921961054235e-05
CUST00860,0,2020-06-20,46592.17,Education,35.0,17.9034,42.0,Male,North,Post-Graduate,Salaried,149069.92783941192,701.7758843400078,2.0,2020,6,20,5,3.0,0,1,1.0,0.0,0.0,0.0,1.0,0.0,0.0,0.3125524421678945,1.0499999999999998,0.0002347891389449409
CUST00861,0,2017-05-18,32315.6,Business,19.0,38.166,54.0,Female,North,Primary,Unemployed,149077.84609635617,647.0525811548692,2.0,2017,5,18,3,0.0,2,0,1.0,0.0,0.0,0.0,0.0,0.0,0.0,0.21676996848420305,0.2677313292625646,0.00012745019127603565
CUST00864,0,2018-10-26,30310.57,Car,34.0,38.3214,64.0,Female,East,Secondary,Self-Employed,77071.54921616048,528.4933423488728,1.0,2018,10,26,4,1.0,1,0,0.0,0.0,0.0,1.0,0.0,0.0,0.0,0.3932783278429861,0.6363069245165316,0.0004411485216761522
CUST00865,0,2018-02-19,53667.25,Car,39.0,33.7697,39.0,Female,North,Graduate,Salaried,89994.0266882406,585.3932097270047,3.0,2018,2,19,0,2.0,0,0,1.0,0.0,0.0,1.0,0.0,0.0,0.0,0.5963423570979365,0.6317494600431965,0.0004333620956322435
CUST00866,0,2021-09-07,33869.12,Business,10.0,40.6891,62.0,Female,North,Secondary,Self-Employed,55902.75255095144,555.6325407653959,1.0,2021,9,7,1,1.0,1,0,1.0,0.0,0.0,0.0,0.0,0.0,0.0,0.6058578237114652,0.539568345323741,0.00017888206830040616
CUST00867,0,2022-11-12,65826.54,Education,10.0,17.3773,61.0,Male,South,Graduate,Self-Employed,49685.62537104665,693.9809440186431,5.0,2022,11,12,5,2.0,1,1,0.0,1.0,0.0,0.0,1.0,0.0,0.0,1.3248608527801515,2.4,0.00020126545505508138
CUST00868,0,2018-02-05,46765.48,Business,20.0,22.9191,57.0,Female,East,Graduate,Unemployed,50034.55747819028,769.2809645464796,0.0,2018,2,5,0,2.0,2,0,0.0,0.0,0.0,0.0,0.0,0.0,0.0,0.9346636076552641,0.3215434083601286,0.0003997237311175953
CUST00869,0,2021-03-26,41975.16,Home,1.0,20.6819,26.0,Male,North,Graduate,Salaried,60664.88573404039,485.5049333411398,1.0,2021,3,26,4,2.0,0,1,1.0,0.0,0.0,0.0,0.0,1.0,0.0,0.6919185537416552,0.041608876560332866,1.648400038836434e-05
CUST00871,0,2020-10-17,102401.1,Home,46.0,33.056,54.0,Other,North,Secondary,Self-Employed,62223.01811001925,580.3862062518891,2.0,2020,10,17,5,1.0,1,2,1.0,0.0,0.0,0.0,0.0,1.0,0.0,1.6457109139087425,1.5664018161180477,0.0007392762581632633
CUST00872,0,2017-02-21,50218.97,Home,2.0,16.4468,26.0,Female,West,Primary,Salaried,114290.3629696704,478.52674409370536,2.0,2017,2,21,1,0.0,0,0,0.0,0.0,1.0,0.0,0.0,1.0,0.0,0.4393981145490523,0.027088036117381493,1.7499288199222418e-05
CUST00873,0,2015-12-17,12617.37,Business,38.0,4.726,57.0,Female,West,Secondary,Salaried,115717.49256303096,603.6969282936734,1.0,2015,12,17,3,1.0,0,0,0.0,0.0,1.0,0.0,0.0,0.0,0.0,0.10903597823058046,0.43067623724971665,0.0003283859610015445
CUST00874,0,2017-09-15,24895.43,Other,33.0,23.137,53.0,Male,North,Graduate,Salaried,74453.1512048694,659.9148891044741,1.0,2017,9,15,4,2.0,0,1,1.0,0.0,0.0,0.0,0.0,0.0,1.0,0.33437711630897077,0.4927824788451966,0.00044323174326356423
CUST00875,0,2023-01-28,30246.39,Car,3.0,36.2228,42.0,Female,North,Post-Graduate,Salaried,95074.65815483502,719.531351781346,3.0,2023,1,28,5,3.0,0,0,1.0,0.0,0.0,1.0,0.0,0.0,0.0,0.31813303972907125,1.875,3.155414974108361e-05
CUST00876,0,2019-07-23,36282.89,Car,36.0,39.6491,41.0,Female,South,Graduate,Salaried,71915.89314311737,616.1115646972224,1.0,2019,7,23,1,2.0,0,0,0.0,1.0,0.0,1.0,0.0,0.0,0.0,0.5045183813235088,0.8102025506376594,0.0005005847584811
CUST00877,0,2020-06-24,41829.87,Education,13.0,36.7544,26.0,Male,North,Graduate,Self-Employed,81924.7265730745,584.5475820120337,5.0,2020,6,24,2,2.0,1,1,1.0,0.0,0.0,0.0,1.0,0.0,0.0,0.5105890705987155,0.39156626506024095,0.00015868225069270598
CUST00878,0,2021-03-24,17062.3,Home,35.0,32.7768,26.0,Male,East,Post-Graduate,Self-Employed,60759.711913933636,441.72920667415326,1.0,2021,3,24,2,3.0,1,1,0.0,0.0,0.0,0.0,0.0,1.0,0.0,0.28081601216557467,1.4522821576763485,0.0005760395975803446
CUST00879,0,2017-09-11,34392.77,Business,15.0,29.7263,24.0,Male,West,Graduate,Salaried,103825.07738814542,602.0948119348639,3.0,2017,9,11,0,2.0,0,1,0.0,0.0,1.0,0.0,0.0,0.0,0.0,0.33125686842904206,0.22354694485842028,0.00014447376662117157
CUST00880,0,2022-09-29,28245.88,Business,45.0,34.3532,50.0,Female,East,Post-Graduate,Salaried,68849.10334249731,605.7029808439569,3.0,2022,9,29,3,3.0,0,0,0.0,0.0,0.0,0.0,0.0,0.0,0.0,0.41025777575472283,7.988165680473372,0.0006536032833447755
CUST00882,0,2022-03-30,16381.98,Education,43.0,44.6534,50.0,Female,South,Secondary,Self-Employed,149086.68340833343,543.3209518776728,1.0,2022,3,30,2,1.0,1,0,0.0,1.0,0.0,0.0,1.0,0.0,0.0,0.10988224853813003,3.6647727272727275,0.00028842280891196246
CUST00883,0,2022-12-25,35814.11,Business,4.0,12.8721,51.0,Male,North,Primary,Salaried,143828.1870592078,565.1957919811313,1.0,2022,12,25,6,0.0,0,1,1.0,0.0,0.0,0.0,0.0,0.0,0.0,0.2490061978272513,1.4634146341463414,2.781096029774313e-05
CUST00884,0,2020-07-03,20987.7,Car,17.0,12.4341,44.0,Female,East,Graduate,Self-Employed,192339.84672816005,481.75981957566523,1.0,2020,7,3,4,2.0,1,0,0.0,0.0,0.0,1.0,0.0,0.0,0.0,0.10911779517877321,0.5167173252279635,8.838522172697077e-05
CUST00887,0,2016-01-17,9760.64,Education,24.0,15.9121,51.0,Male,North,Graduate,Salaried,113356.98111481454,474.37393485975866,2.0,2016,1,17,6,2.0,0,1,1.0,0.0,0.0,0.0,1.0,0.0,0.0,0.08610532764730083,0.27522935779816515,0.00021172052893408835
CUST00888,0,2018-04-20,19206.98,Home,31.0,41.6897,60.0,Male,North,Graduate,Self-Employed,73040.99033005643,626.9369836336489,0.0,2018,4,20,4,2.0,1,1,1.0,0.0,0.0,0.0,0.0,1.0,0.0,0.2629616591068633,0.5189732142857143,0.00042441921802973515
CUST00889,0,2017-06-26,72892.33,Business,40.0,6.0622,57.0,Female,West,Graduate,Salaried,139044.20599378715,599.6175794932007,0.0,2017,6,26,0,2.0,0,0,0.0,0.0,1.0,0.0,0.0,0.0,0.0,0.5242385288838071,0.5741626794258373,0.0002876782942094495
CUST00890,0,2019-07-15,52356.24,Car,30.0,46.5509,56.0,Male,North,Secondary,Self-Employed,133087.18682784695,556.9410295940169,0.0,2019,7,15,0,1.0,1,1,1.0,0.0,0.0,1.0,0.0,0.0,0.0,0.39339805166762354,0.6711409395973154,0.00022541614046441659
CUST00891,0,2022-10-04,51059.42,Car,42.0,35.3502,44.0,Male,West,Graduate,Salaried,131607.22712315313,521.2469563059831,4.0,2022,10,4,1,2.0,0,1,0.0,0.0,1.0,1.0,0.0,0.0,0.0,0.3879682074922869,7.682926829268292,0.00031913141031911544
CUST00893,0,2018-06-08,77727.15,Home,49.0,40.3696,26.0,Female,East,Post-Graduate,Self-Employed,149052.6593385684,720.664859899804,0.0,2018,6,8,4,3.0,1,0,0.0,0.0,0.0,0.0,0.0,1.0,0.0,0.5214744261854815,0.8433734939759036,0.00032874287662790403
CUST00894,0,2022-06-12,67831.45,Car,7.0,17.0912,22.0,Female,East,Graduate,Salaried,108264.72527731194,519.978358177857,1.0,2022,6,12,6,2.0,0,0,0.0,0.0,0.0,1.0,0.0,0.0,0.0,0.6265332482602699,0.7553956834532374,6.465633180216388e-05
CUST00895,0,2021-07-10,28783.43,Car,27.0,23.5563,40.0,Male,East,Post-Graduate,Self-Employed,87893.28683838257,567.0063944120075,3.0,2021,7,10,5,3.0,1,1,0.0,0.0,0.0,1.0,0.0,0.0,0.0,0.32748155217959624,1.3170731707317074,0.00030719069648228503
CUST00896,0,2019-02-20,13913.2,Car,24.0,21.9612,48.0,Male,West,Graduate,Salaried,91645.35179723344,483.60862677685515,2.0,2019,2,20,2,2.0,0,1,0.0,0.0,1.0,1.0,0.0,0.0,0.0,0.15181566470259333,0.4845222072678331,0.0002618790754723744
CUST00897,0,2020-04-22,9395.14,Other,19.0,43.4553,31.0,Male,North,Graduate,Salaried,52128.854713030276,677.7544274752507,1.0,2020,4,22,2,2.0,0,1,1.0,0.0,0.0,0.0,0.0,0.0,1.0,0.18022916581843804,0.538243626062323,0.0003644814393984893
CUST00898,0,2021-03-17,33425.99,Business,41.0,32.3689,24.0,Male,South,Secondary,Salaried,34220.285409123964,611.474314962986,0.0,2021,3,17,2,1.0,0,1,0.0,1.0,0.0,0.0,0.0,0.0,0.0,0.9767887555691693,1.6849315068493151,0.0011981197558647012
CUST00899,0,2020-12-14,8333.83,Home,34.0,3.6195,35.0,Male,East,Graduate,Salaried,130385.88472459487,533.8907771787306,1.0,2020,12,14,0,2.0,0,1,0.0,0.0,0.0,0.0,0.0,1.0,0.0,0.06391665798489596,1.2393681652490887,0.00026076442301876354
CUST00900,0,2018-11-09,44391.24,Business,22.0,9.432,26.0,Female,South,Graduate,Self-Employed,205701.1697979963,568.6216310924781,2.0,2018,11,9,4,2.0,1,0,0.0,1.0,0.0,0.0,0.0,0.0,0.0,0.21580450924801892,0.41535556954059155,0.00010695126343522768
CUST00901,0,2019-10-09,28383.83,Education,27.0,28.7151,50.0,Female,South,Graduate,Self-Employed,80977.85862819296,734.2543937699896,1.0,2019,10,9,2,2.0,1,0,0.0,1.0,0.0,0.0,1.0,0.0,0.0,0.3505134672716326,0.6454183266932271,0.00033342447500334094
CUST00903,0,2018-09-16,47786.74,Car,10.0,46.651,22.0,Female,East,Graduate,Salaried,88795.6143802732,585.4613169907275,2.0,2018,9,16,6,2.0,0,0,0.0,0.0,0.0,1.0,0.0,0.0,0.0,0.5381655426736512,0.18259281801582472,0.0001126181745550442
CUST00904,0,2018-12-12,35476.29,Education,45.0,33.6475,35.0,Other,West,Secondary,Self-Employed,30568.85048100752,524.6894811088588,1.0,2018,12,12,2,1.0,1,2,0.0,0.0,1.0,0.0,1.0,0.0,0.0,1.1605372607007738,0.8676092544987146,0.0014720867579877948
CUST00905,0,2022-11-18,9967.29,Education,31.0,43.1984,31.0,Female,North,Graduate,Unemployed,171261.95300153267,448.4335079622158,1.0,2022,11,18,4,2.0,2,0,1.0,0.0,0.0,0.0,1.0,0.0,0.0,0.05819909107255597,7.815126050420168,0.00018100926362624495
CUST00906,0,2020-02-02,13228.69,Education,25.0,56.9025,28.0,Female,West,Secondary,Salaried,74044.90834608274,587.1969061136524,0.0,2020,2,2,6,1.0,0,0,0.0,0.0,1.0,0.0,1.0,0.0,0.0,0.17865765918933504,0.6584723441615452,0.0003376329386910855
CUST00907,0,2018-01-14,62635.24,Education,2.0,42.8913,46.0,Male,East,Post-Graduate,Unemployed,180821.78401881893,626.0388089859694,2.0,2018,1,14,6,3.0,2,1,0.0,0.0,0.0,0.0,1.0,0.0,0.0,0.3463921138698713,0.03177966101694915,1.1060614244309475e-05
CUST00908,0,2018-06-09,28269.05,Home,10.0,44.4729,64.0,Male,West,Secondary,Salaried,45866.18937271596,687.9667571462136,0.0,2018,6,9,5,1.0,0,1,0.0,0.0,1.0,0.0,0.0,1.0,0.0,0.6163374456570001,0.1722158438576349,0.0002180255246133139
CUST00910,0,2017-08-02,33981.07,Education,26.0,5.8378,26.0,Male,East,Graduate,Self-Employed,61066.783140413056,509.9922938381577,1.0,2017,8,2,2,2.0,1,1,0.0,0.0,0.0,0.0,1.0,0.0,0.0,0.5564575085258069,0.37993180711154406,0.0004257633800722279
CUST00911,0,2016-05-09,41570.16,Other,5.0,34.4468,46.0,Female,North,Graduate,Salaried,111395.57900740461,553.540712755484,1.0,2016,5,9,0,2.0,0,0,1.0,0.0,0.0,0.0,0.0,0.0,1.0,0.3731760305966611,0.05992808629644426,4.4885084709399856e-05
CUST00912,0,2023-02-02,83559.83,Car,22.0,47.3592,24.0,Female,West,Graduate,Salaried,156367.45805550166,599.7215321141439,2.0,2023,2,2,3,2.0,0,0,0.0,0.0,1.0,1.0,0.0,0.0,0.0,0.5343812007888556,15.348837209302326,0.00014069423570338554
CUST00913,0,2017-02-27,77493.18,Business,4.0,8.0357,42.336221046457844,Male,North,Secondary,Salaried,136031.3429150375,588.3973046777262,0.0,2017,2,27,0,1.0,0,1,1.0,0.0,0.0,0.0,0.0,0.0,0.0,0.5696715061351758,0.05432322317790855,2.9404987955594333e-05
CUST00915,0,2016-05-04,55244.81,Business,7.0,6.0798,53.0,Female,West,Secondary,Self-Employed,43171.01225007549,632.6476846855956,2.0,2016,5,4,2,1.0,1,0,0.0,0.0,1.0,0.0,0.0,0.0,0.0,1.2796737236547748,0.08373205741626795,0.00016214583895905198
CUST00916,0,2021-01-03,69524.51,Other,17.0,29.1475,40.0,Male,North,Post-Graduate,Salaried,153002.03613089092,527.7365511376713,4.0,2021,1,3,6,3.0,0,1,1.0,0.0,0.0,0.0,0.0,0.0,1.0,0.4544025148823695,0.635118306351183,0.00011110963245911811
CUST00919,0,2017-02-23,22279.84,Education,28.0,24.3968,46.0,Male,North,Secondary,Salaried,57663.661539169334,574.4134188697536,2.0,2017,2,23,3,1.0,0,1,1.0,0.0,0.0,0.0,1.0,0.0,0.0,0.3863757417635701,0.3795752372345233,0.000485574437221271
CUST00921,0,2020-06-06,13137.73,Education,33.0,18.6488,58.0,Male,North,Primary,Self-Employed,87110.70521453436,724.5132828457413,1.0,2020,6,6,5,0.0,1,1,1.0,0.0,0.0,0.0,1.0,0.0,0.0,0.15081648079469318,0.9763313609467457,0.0003788282957729284
CUST00922,0,2018-02-06,68818.15,Home,25.0,50.3612,57.0,Female,North,Graduate,Salaried,58567.311609254306,674.6316284155047,2.0,2018,2,6,1,2.0,0,0,1.0,0.0,0.0,0.0,0.0,1.0,0.0,1.1750266165388739,0.40214477211796246,0.00042685927205936004
CUST00924,0,2021-08-11,20609.22,Education,12.0,30.0023,56.0,Male,East,Post-Graduate,Salaried,67297.97104289691,726.3156074174381,1.0,2021,8,11,2,3.0,0,1,0.0,0.0,0.0,0.0,1.0,0.0,0.0,0.3062383557873286,0.6174957118353345,0.00017831146785021184
CUST00925,0,2020-11-18,9614.01,Car,26.0,2.1873,33.0,Male,West,Primary,Salaried,108730.24517031202,663.5806817977548,1.0,2020,11,18,2,0.0,0,1,0.0,0.0,1.0,1.0,0.0,0.0,0.0,0.08842075160357528,0.9187279151943463,0.00023912389748845253
CUST00926,0,2021-09-10,29479.92,Car,29.0,55.7419,63.0,Male,South,Graduate,Unemployed,77039.68806722651,760.512691017035,4.0,2021,9,10,4,2.0,2,1,0.0,1.0,0.0,1.0,0.0,0.0,0.0,0.3826588702471793,1.573236889692586,0.00037642935385062785
CUST00927,0,2018-03-05,28027.68,Other,38.0,34.9601,23.0,Female,East,Graduate,Salaried,81104.48234635018,698.9971673386831,3.0,2018,3,5,0,2.0,0,0,0.0,0.0,0.0,0.0,0.0,0.0,1.0,0.34557498166759815,0.6202393906420022,0.00046853144118131533
CUST00928,0,2016-02-16,41702.86,Home,35.0,18.1162,53.0,Female,East,Graduate,Salaried,192189.74732528624,726.2674141997828,2.0,2016,2,16,1,2.0,0,0,0.0,0.0,0.0,0.0,0.0,1.0,0.0,0.21698795373000207,0.40603248259860786,0.0001821116916333813
CUST00929,0,2017-03-06,64851.28,Home,37.0,21.1191,26.0,Male,East,Primary,Salaried,22446.392546909537,670.2923880144303,4.0,2017,3,6,0,0.0,0,1,0.0,0.0,0.0,0.0,0.0,1.0,0.0,2.8891626957191767,0.5040871934604905,0.0016483717783459253
CUST00930,0,2018-04-28,19019.63,Home,46.0,36.2625,30.0,Female,East,Post-Graduate,Salaried,137702.44666767996,707.895455891641,2.0,2018,4,28,5,3.0,0,0,0.0,0.0,0.0,0.0,0.0,1.0,0.0,0.1381212205030783,0.773542600896861,0.000334053614247049
CUST00932,0,2019-01-18,23604.02,Other,45.0,30.2127,43.0,Male,South,Graduate,Salaried,67968.76329388758,617.3243790702564,3.0,2019,1,18,4,2.0,0,1,0.0,1.0,0.0,0.0,0.0,0.0,1.0,0.34727746770879836,0.8887425938117183,0.0006620688360243689
CUST00933,0,2017-01-04,58791.65,Business,45.0,4.9667,30.0,Male,North,Secondary,Salaried,173279.15966041668,474.2215564737496,3.0,2017,1,4,2,1.0,0,1,1.0,0.0,0.0,0.0,0.0,0.0,0.0,0.33928863756736105,0.5965532479010163,0.00025969655028445783
CUST00934,0,2018-05-23,39031.88,Other,29.0,17.0411,64.0,Male,East,Graduate,Salaried,55524.83182240774,575.4031279987886,4.0,2018,5,23,2,2.0,0,1,0.0,0.0,0.0,0.0,0.0,0.0,1.0,0.7029625974346165,0.4945992040932348,0.0005222888399329953
CUST00935,0,2015-02-27,30977.99,Home,49.0,14.2868,22.0,Male,North,Graduate,Salaried,66437.0307879771,631.1956479506749,1.0,2015,2,27,4,2.0,0,1,1.0,0.0,0.0,0.0,0.0,1.0,0.0,0.4662759553307128,0.5,0.0007375404863648328
CUST00937,0,2020-12-27,17116.02,Home,15.0,14.2122,42.87489330041207,Male,North,Secondary,Unemployed,174691.23063638745,500.2750427072459,1.0,2020,12,27,6,1.0,2,1,1.0,0.0,0.0,0.0,0.0,1.0,0.0,0.09797870183664964,0.5555555555555556,8.586578699661163e-05
CUST00938,0,2016-06-02,26634.09,Home,6.0,19.9609,22.0,Female,East,Post-Graduate,Salaried,34649.25099225586,469.5145899844017,4.0,2016,6,2,3,3.0,0,0,0.0,0.0,0.0,0.0,0.0,1.0,0.0,0.7686772220834657,0.07260992335619201,0.00017316391633807627
CUST00939,0,2018-01-28,12434.07,Home,32.0,10.2216,40.0,Male,East,Secondary,Salaried,264101.3831825072,597.8591381982487,0.0,2018,1,28,6,1.0,0,1,0.0,0.0,0.0,0.0,0.0,1.0,0.0,0.04708066974192043,0.512273212379936,0.00012116559032894732
CUST00940,0,2015-07-06,23402.16,Education,44.0,17.2626,43.012794624442705,Female,North,Secondary,Salaried,82210.38081285097,664.619164478732,4.0,2015,7,6,0,1.0,0,0,1.0,0.0,0.0,0.0,1.0,0.0,0.0,0.28466186105224583,0.4695837780149413,0.0005352122148681496
CUST00941,0,2015-08-12,25000.88,Business,34.0,45.5301,42.84578287787684,Female,North,Graduate,Salaried,142763.87097422185,726.4271816658376,4.0,2015,8,12,2,2.0,0,0,1.0,0.0,0.0,0.0,0.0,0.0,0.0,0.17512049672927602,0.36770007209805333,0.00023815549247848013
CUST00942,0,2021-03-16,71408.85,Car,36.0,66.2874,29.0,Male,North,Graduate,Self-Employed,135567.4732352904,673.3254091022161,2.0,2021,3,16,1,2.0,1,1,1.0,0.0,0.0,1.0,0.0,0.0,0.0,0.5267402887716515,1.4774281805745553,0.0002655504240129823
CUST00943,0,2018-04-11,27846.42,Other,20.0,5.3403,37.0,Male,East,Primary,Salaried,108092.11647844262,684.5941829691309,0.0,2018,4,11,2,0.0,0,1,0.0,0.0,0.0,0.0,0.0,0.0,1.0,0.25761749244269405,0.33314825097168244,0.00018502736972486521
CUST00944,0,2022-10-27,25375.38,Car,12.0,26.5522,29.0,Male,West,Graduate,Self-Employed,68843.31216400323,593.5347541469154,0.0,2022,10,27,3,2.0,1,1,0.0,0.0,1.0,1.0,0.0,0.0,0.0,0.36859615265966633,2.553191489361702,0.00017430887072099002
CUST00946,0,2022-02-25,41968.81,Education,49.0,46.1973,35.0,Male,East,Primary,Salaried,72481.6887928367,563.5823535293836,0.0,2022,2,25,4,0.0,0,1,0.0,0.0,0.0,0.0,1.0,0.0,0.0,0.5790263816831449,3.818181818181818,0.0006760328134744375
CUST00947,0,2020-07-03,22633.07,Business,38.0,45.4072,44.0,Female,South,Primary,Self-Employed,63656.1235124987,579.2988470502097,2.0,2020,7,3,4,0.0,1,0,0.0,1.0,0.0,0.0,0.0,0.0,0.0,0.35555212524928664,1.155015197568389,0.0005969574944748058
CUST00948,0,2016-02-25,49780.7,Business,17.0,53.3263,58.0,Female,South,Post-Graduate,Salaried,167146.53639802718,560.2358010531455,2.0,2016,2,25,3,3.0,0,0,0.0,1.0,0.0,0.0,0.0,0.0,0.0,0.2978266919121607,0.1979045401629802,0.00010170716286646697
CUST00949,0,2015-02-20,31479.2,Education,27.0,26.3629,55.0,Male,West,Secondary,Self-Employed,107737.1530606484,604.37558922997,1.0,2015,2,20,4,1.0,1,1,0.0,0.0,1.0,0.0,1.0,0.0,0.0,0.29218518501486146,0.27485578554462164,0.00025060992640858916
CUST00950,0,2021-06-09,22603.71,Education,17.0,55.2475,50.0,Female,South,Primary,Salaried,222947.80061224173,635.313580791436,1.0,2021,6,9,2,0.0,0,0,0.0,1.0,0.0,0.0,1.0,0.0,0.0,0.10138566040089862,0.7894736842105262,7.625103254356372e-05
CUST00951,0,2018-03-10,24431.22,Car,11.0,10.0614,51.0,Male,South,Graduate,Self-Employed,95072.9475744511,668.2412150594798,0.0,2018,3,10,5,2.0,1,1,0.0,1.0,0.0,1.0,0.0,0.0,0.0,0.2569734148703873,0.18003273322422259,0.00011570063073290076
CUST00952,0,2020-04-06,77612.25,Education,39.0,18.2309,25.0,Female,North,Post-Graduate,Salaried,66801.0966551038,577.7504108506932,2.0,2020,4,6,0,3.0,0,0,1.0,0.0,0.0,0.0,1.0,0.0,0.0,1.1618409560057754,1.0883720930232557,0.0005838227507155796
CUST00953,0,2020-05-14,25025.68,Other,2.0,17.4275,64.0,Female,North,Secondary,Self-Employed,116406.78277147081,447.69924754843254,0.0,2020,5,14,3,1.0,1,0,1.0,0.0,0.0,0.0,0.0,0.0,1.0,0.21498472343428893,0.057859209257473475,1.7181129418604323e-05
CUST00954,0,2019-12-10,44752.4,Home,2.0,11.5662,34.0,Female,North,Graduate,Salaried,75465.41164413557,561.3697824567092,2.0,2019,12,10,1,2.0,0,0,1.0,0.0,0.0,0.0,0.0,1.0,0.0,0.5930186959164055,0.05029337803855826,2.650220752032988e-05
CUST00955,0,2018-10-27,13017.89,Other,29.0,14.0485,43.1598249887108,Male,North,Primary,Self-Employed,67971.68451294793,603.4968317593587,1.0,2018,10,27,5,0.0,1,1,1.0,0.0,0.0,0.0,0.0,0.0,1.0,0.19151930827196464,0.5430711610486891,0.0004266482463661142
CUST00956,0,2017-01-25,88631.62,Education,45.0,4.4331,29.0,Male,East,Graduate,Salaried,162613.73053957813,697.8246337706727,1.0,2017,1,25,2,2.0,0,1,0.0,0.0,0.0,0.0,1.0,0.0,0.0,0.5450438883967931,0.6021409455842998,0.0002767293994835668
CUST00957,0,2015-07-30,22779.23,Car,24.0,7.882,54.0,Other,South,Graduate,Self-Employed,149083.1352762194,554.5753726252716,1.0,2015,7,30,3,2.0,1,2,0.0,1.0,0.0,1.0,0.0,0.0,0.0,0.1527954852693091,0.25834230355220666,0.0001609840036938658
CUST00958,0,2017-10-31,50022.67,Other,24.0,49.2459,32.0,Male,South,Graduate,Salaried,85146.01837334347,641.0034902719522,1.0,2017,10,31,1,2.0,0,1,0.0,1.0,0.0,0.0,0.0,0.0,1.0,0.587492767784671,0.36678553234844624,0.00028186872925479794
CUST00959,0,2020-05-10,29695.34,Education,16.0,27.2656,55.0,Other,North,Secondary,Unemployed,55003.67544356347,623.2070319708346,1.0,2020,5,10,6,1.0,2,2,1.0,0.0,0.0,0.0,1.0,0.0,0.0,0.5398791946270738,0.4610951008645533,0.0002908896518454808
CUST00960,0,2016-04-12,49566.34,Car,31.0,45.4004,55.0,Male,North,Secondary,Salaried,90032.51754027035,603.5120426498711,2.0,2016,4,12,1,1.0,0,1,1.0,0.0,0.0,1.0,0.0,0.0,0.0,0.5505381983551624,0.36758893280632415,0.0003443200395472015
CUST00961,0,2015-09-25,51779.63,Home,49.0,25.3968,21.0,Male,East,Secondary,Salaried,134441.00240162108,674.4426655459673,2.0,2015,9,25,4,1.0,0,1,0.0,0.0,0.0,0.0,0.0,1.0,0.0,0.38514760433960915,0.5384615384615384,0.0003644721411226934
CUST00962,0,2019-06-30,32346.77,Home,43.0,10.6299,60.0,Male,West,Graduate,Salaried,115207.22209623593,547.1327042597935,2.0,2019,6,30,6,2.0,0,1,0.0,0.0,1.0,0.0,0.0,1.0,0.0,0.2807703320281415,0.9513274336283185,0.0003732404897679145
CUST00963,0,2020-07-07,8161.87,Business,9.0,33.8838,42.0,Male,North,Primary,Salaried,202104.26704122027,553.9850840285187,0.0,2020,7,7,1,0.0,0,1,1.0,0.0,0.0,0.0,0.0,0.0,0.0,0.040384451647106204,0.2746693794506612,4.453146948235586e-05
CUST00964,0,2015-10-31,86925.97,Education,27.0,10.694,49.0,Female,West,Graduate,Salaried,147127.362611488,599.0479341524617,4.0,2015,10,31,5,2.0,0,0,0.0,0.0,1.0,0.0,1.0,0.0,0.0,0.590821234453452,0.30066815144766146,0.0001835144701893255
CUST00965,0,2021-06-21,32470.19,Other,41.0,54.3617,28.0,Male,East,Post-Graduate,Unemployed,50917.11121022767,548.7882795925041,3.0,2021,6,21,0,3.0,2,1,0.0,0.0,0.0,0.0,0.0,0.0,1.0,0.6377068381970136,1.94006309148265,0.0008052302855658546
CUST00966,0,2022-01-22,48747.29,Home,14.0,51.655,31.0,Male,East,Post-Graduate,Unemployed,73424.20947756986,598.8001367072771,2.0,2022,1,22,5,3.0,2,1,0.0,0.0,0.0,0.0,0.0,1.0,0.0,0.6639130383132237,1.0023866348448687,0.00019067280532692444
CUST00967,0,2022-09-12,63156.75,Home,45.0,24.3836,61.0,Male,South,Post-Graduate,Salaried,43109.53701288211,542.9446156507094,2.0,2022,9,12,0,3.0,0,1,0.0,1.0,0.0,0.0,0.0,1.0,0.0,1.4650296518175858,7.258064516129032,0.0010438525467474397
CUST00968,0,2015-08-08,25191.47,Home,25.0,7.4139,57.0,Male,North,Graduate,Unemployed,196183.8693472666,618.1043366196108,0.0,2015,8,8,5,2.0,2,1,1.0,0.0,0.0,0.0,0.0,1.0,0.0,0.1284074479916001,0.2699784017278618,0.000127431475804707
CUST00969,0,2016-09-13,54924.15,Education,43.0,32.3467,34.0,Male,North,Graduate,Salaried,29877.699376094643,591.9861784970594,0.0,2016,9,13,1,2.0,0,1,1.0,0.0,0.0,0.0,1.0,0.0,0.0,1.8382991711853558,0.5429292929292929,0.0014392005039854108
CUST00970,0,2016-09-03,19968.64,Other,44.0,8.065,50.0,Male,East,Secondary,Salaried,45706.719524771346,617.1940771821364,2.0,2016,9,3,5,1.0,0,1,0.0,0.0,0.0,0.0,0.0,0.0,1.0,0.4368863092258839,0.5532271584241408,0.0009626593301265831
CUST00971,0,2021-04-24,49515.17,Business,22.0,29.8986,55.0,Female,South,Graduate,Self-Employed,72614.39942959626,563.2206883949568,1.0,2021,4,24,5,2.0,1,0,0.0,1.0,0.0,0.0,0.0,0.0,0.0,0.6818918890599341,0.953757225433526,0.0003029702121454607
CUST00972,0,2018-05-29,36892.45,Car,35.0,39.0153,41.0,Male,West,Graduate,Self-Employed,138461.89520234108,572.8729364378538,0.0,2018,5,29,1,2.0,1,1,0.0,0.0,1.0,1.0,0.0,0.0,0.0,0.2664447857375292,0.5989731888191672,0.0002527771265072806
CUST00973,0,2015-12-15,25900.15,Other,33.0,23.1522,57.0,Male,South,Graduate,Unemployed,72186.47292921312,607.680741439764,2.0,2015,12,15,1,2.0,2,1,0.0,1.0,0.0,0.0,0.0,0.0,1.0,0.358795061581662,0.3737259343148358,0.00045714936138187794
CUST00974,0,2017-10-13,37706.72,Business,27.0,33.5975,25.0,Male,North,Graduate,Salaried,79289.60795194958,616.165960492905,3.0,2017,10,13,4,2.0,0,1,1.0,0.0,0.0,0.0,0.0,0.0,0.0,0.4755568979840423,0.40888440181726404,0.00034052381765290493
CUST00976,0,2021-04-04,46501.13,Business,26.0,12.985,34.0,Other,North,Secondary,Salaried,109498.87710255748,736.4289885210467,1.0,2021,4,4,6,1.0,0,2,1.0,0.0,0.0,0.0,0.0,0.0,0.0,0.42467220879759965,1.095505617977528,0.00023744535732223265
CUST00977,0,2019-09-01,50526.72,Car,19.0,12.5197,46.0,Male,South,Post-Graduate,Salaried,47462.39910897326,520.7410465006973,1.0,2019,9,1,6,3.0,0,1,0.0,1.0,0.0,1.0,0.0,0.0,0.0,1.064563126781499,0.4408352668213457,0.00040031688993167334
CUST00978,0,2021-10-19,47882.82,Home,45.0,31.0141,24.0,Male,East,Primary,Salaried,55920.91677472873,594.8636964037829,1.0,2021,10,19,1,0.0,0,1,0.0,0.0,0.0,0.0,0.0,1.0,0.0,0.8562595672901909,2.6264591439688716,0.0008047078373424663
CUST00979,0,2021-09-07,120781.29,Home,39.0,61.5191,45.0,Female,West,Graduate,Unemployed,270642.548310319,474.10967823064124,2.0,2021,9,7,1,2.0,2,0,0.0,0.0,1.0,0.0,0.0,1.0,0.0,0.4462760595259842,2.1043165467625897,0.00014410151043686803
CUST00980,0,2021-12-08,33658.5,Education,45.0,19.493,62.0,Male,East,Post-Graduate,Self-Employed,125673.11108846049,629.7665182933908,3.0,2021,12,8,2,3.0,1,1,0.0,0.0,0.0,0.0,1.0,0.0,0.0,0.26782578793890127,2.9094827586206895,0.00035807182308333874
CUST00981,0,2017-07-13,35564.45,Car,26.0,19.8602,45.0,Male,East,Graduate,Self-Employed,155821.9523163594,510.78027708985485,2.0,2017,7,13,3,2.0,1,1,0.0,0.0,0.0,1.0,0.0,0.0,0.0,0.22823773846572554,0.3762662807525326,0.00016685710590516272
CUST00982,0,2020-11-10,14239.63,Car,6.0,57.4587,38.0,Other,East,Graduate,Salaried,102213.30343458883,577.7351795298739,1.0,2020,11,10,1,2.0,0,2,0.0,0.0,0.0,1.0,0.0,0.0,0.0,0.1393128831719309,0.21003500583430573,5.870077375827782e-05
CUST00985,0,2019-12-19,43601.68,Other,28.0,4.4933,59.0,Male,North,Post-Graduate,Self-Employed,152751.5784001532,555.7767265963856,0.0,2019,12,19,3,3.0,1,1,1.0,0.0,0.0,0.0,0.0,0.0,1.0,0.28544176405025135,0.7094594594594594,0.00018330416152329538
CUST00986,0,2018-05-02,22207.27,Business,3.0,23.5059,60.0,Male,North,Graduate,Salaried,164003.88651947732,552.3755441844814,1.0,2018,5,2,2,2.0,0,1,1.0,0.0,0.0,0.0,0.0,0.0,0.0,0.13540697401315935,0.05056179775280899,1.8292249431806702e-05
CUST00988,0,2019-10-23,12753.39,Home,13.0,14.3394,52.0,Male,East,Primary,Salaried,175119.8601790378,622.765343237962,2.0,2019,10,23,2,0.0,0,1,0.0,0.0,0.0,0.0,0.0,1.0,0.0,0.07282663420905704,0.314262691377921,7.423486968701981e-05
CUST00989,0,2018-06-04,74111.85,Home,13.0,23.3523,58.0,Female,East,Primary,Salaried,22477.496377600542,599.5394363511912,3.0,2018,6,4,0,0.0,0,0,0.0,0.0,0.0,0.0,0.0,1.0,0.0,3.2971576885161706,0.22323983972524328,0.0005783562271176636
CUST00990,0,2021-05-18,16913.31,Home,1.0,23.6161,53.0,Male,East,Post-Graduate,Salaried,168614.8174357595,579.9333062551016,2.0,2021,5,18,1,3.0,0,1,0.0,0.0,0.0,0.0,0.0,1.0,0.0,0.10030737664229182,0.04491017964071856,5.930676883607751e-06
CUST00991,0,2021-12-18,92318.75,Education,40.0,8.8122,43.0,Female,North,Graduate,Salaried,76409.05017704159,731.6283961816596,0.0,2021,12,18,5,2.0,0,0,1.0,0.0,0.0,0.0,1.0,0.0,0.0,1.208217479291985,2.643171806167401,0.0005234981969716813
CUST00992,0,2015-09-04,17290.49,Education,37.0,28.0376,35.0,Female,East,Graduate,Salaried,137589.44143515002,581.1868097399123,1.0,2015,9,4,4,2.0,0,0,0.0,0.0,0.0,0.0,1.0,0.0,0.0,0.1256672737358958,0.40348964013086147,0.0002689159837707401
CUST00993,0,2021-11-02,79234.73,Business,31.0,16.3877,53.0,Male,South,Primary,Salaried,66863.15617460948,544.857870147809,4.0,2021,11,2,1,0.0,0,1,0.0,1.0,0.0,0.0,0.0,0.0,0.0,1.1850282656876505,1.8599999999999999,0.00046363351318692153
CUST00994,0,2016-02-11,18680.36,Business,17.0,40.4462,45.0,Male,East,Graduate,Self-Employed,44532.889362116795,545.2003079898886,2.0,2016,2,11,3,2.0,1,1,0.0,0.0,0.0,0.0,0.0,0.0,0.0,0.41947334357988,0.19683519876495564,0.00038174033267335104
CUST00995,0,2017-05-01,22210.32,Car,9.0,31.8956,37.0,Female,East,Post-Graduate,Self-Employed,121033.47252848622,556.0698815208339,2.0,2017,5,1,0,3.0,1,0,0.0,0.0,0.0,1.0,0.0,0.0,0.0,0.18350560002955066,0.12581547064305684,7.435959501105594e-05
CUST00996,0,2022-01-06,36261.91,Car,45.0,13.0978,53.0,Male,South,Graduate,Salaried,40097.99796575457,552.4401822058622,1.0,2022,1,6,3,2.0,0,1,0.0,1.0,0.0,1.0,0.0,0.0,0.0,0.9043321821445861,3.103448275862069,0.001122250543242382
CUST00997,0,2017-05-14,18428.59,Business,13.0,41.5562,43.09319617944213,Female,North,Secondary,Salaried,77667.60637584778,497.62817213206057,0.0,2017,5,14,6,1.0,0,0,1.0,0.0,0.0,0.0,0.0,0.0,0.0,0.23727511197938397,0.1828410689170183,0.0001673799490754307
CUST00998,0,2017-12-19,17999.5,Car,37.0,16.3216,34.0,Male,North,Graduate,Salaried,60629.8233409125,510.0639922442417,3.0,2017,12,19,1,2.0,0,1,1.0,0.0,0.0,1.0,0.0,0.0,0.0,0.2968753495914293,0.5799373040752351,0.0006102607258469893
CUST00999,0,2022-05-29,18600.19,Home,14.0,37.7159,60.0,Male,West,Graduate,Self-Employed,88874.49429543407,533.6543700510904,1.0,2022,5,29,6,2.0,1,1,0.0,0.0,1.0,0.0,0.0,1.0,0.0,0.20928602910717867,1.4383561643835618,0.00015752550955127348
CUST01000,0,2015-11-29,46867.72,Car,11.0,23.0542,60.0,Male,West,Graduate,Self-Employed,159265.11327519058,647.3256814762478,1.0,2015,11,29,6,2.0,1,1,0.0,0.0,1.0,1.0,0.0,0.0,0.0,0.2942748668317482,0.12382739212007506,6.906722868424643e-05
