amount,quantity,price,stock,age,income,purchased,days_since_signup,days_since_last_purchase,purchase_month,purchase_weekday,gender_encoded,payment_mode_encoded,city_Bangalore,city_Bhopal,city_Chandigarh,city_Chennai,city_Delhi,city_Hyderabad,city_Indore,city_Jaipur,city_Kolkata,city_Lucknow,city_Mumbai,city_Nagpur,city_Pune,city_Surat,category_Computer,category_Electronics,category_Mobile Accessories,category_Wearable,product_name_encoded,income_bin,total_purchases,purchase_per_day,avg_spend_per_purchase,recency_score,income_quantile_bin,frequent_buyer
1299.0,3.0,1299.0,25.0,27.0,42207.0,1,1816,198,3,0,1,1,0.0,0.0,0.0,0.0,0.0,0.0,0.0,0.0,1.0,0.0,0.0,0.0,0.0,0.0,0.0,0.0,0.0,1.0,5.0,0,1,0.7149146945514584,1299.0,0.005025125628140704,0,0
2599.0,2.0,2599.0,20.0,45.0,189316.0,1,1839,24,9,6,1,0,0.0,0.0,0.0,0.0,0.0,0.0,0.0,0.0,0.0,0.0,1.0,0.0,0.0,0.0,0.0,0.0,1.0,0.0,4.0,3,1,1.4125,2599.0,0.04,3,0
899.0,2.0,899.0,60.0,62.0,103588.0,1,1994,216,3,3,1,1,0.0,0.0,0.0,0.0,0.0,1.0,0.0,0.0,0.0,0.0,0.0,0.0,0.0,0.0,1.0,0.0,0.0,0.0,3.0,1,3,0.4506265664160401,299.6666666666667,0.004608294930875576,1,1
631.0,2.0,699.0,40.0,52.0,43284.0,1,1277,151,5,5,1,0,0.0,0.0,1.0,0.0,0.0,0.0,0.0,0.0,0.0,0.0,0.0,0.0,0.0,0.0,0.0,0.0,0.0,0.0,0.0,0,3,0.4937402190923318,210.33333333333334,0.006578947368421052,0,1
1999.0,3.0,1999.0,30.0,50.0,41621.0,1,1412,154,5,2,1,4,0.0,0.0,0.0,0.0,0.0,0.0,1.0,0.0,0.0,0.0,0.0,0.0,0.0,0.0,0.0,0.0,0.0,0.0,2.0,0,3,1.4147204529370134,666.3333333333334,0.0064516129032258064,0,1
2599.0,2.0,2599.0,20.0,41.77920202911176,188553.0,1,1169,227,3,6,0,5,0.0,0.0,0.0,1.0,0.0,0.0,0.0,0.0,0.0,0.0,0.0,0.0,0.0,0.0,0.0,0.0,1.0,0.0,4.0,3,2,2.2213675213675215,1299.5,0.0043859649122807015,3,0
699.0,3.0,699.0,40.0,47.0,50447.0,1,1940,128,6,0,0,3,0.0,0.0,0.0,1.0,0.0,0.0,0.0,0.0,0.0,0.0,0.0,0.0,0.0,0.0,0.0,0.0,0.0,0.0,0.0,0,1,0.3601236476043277,699.0,0.007751937984496124,0,0
2599.0,3.0,2599.0,20.0,41.823295809617136,193672.0,1,1872,99,7,1,0,2,0.0,0.0,0.0,0.0,0.0,0.0,0.0,1.0,0.0,0.0,0.0,0.0,0.0,0.0,0.0,0.0,1.0,0.0,4.0,3,2,1.3876134543513081,1299.5,0.01,3,0
699.0,2.0,699.0,40.0,51.0,87695.0,1,1536,209,3,3,1,0,0.0,0.0,0.0,0.0,0.0,0.0,0.0,0.0,1.0,0.0,0.0,0.0,0.0,0.0,0.0,0.0,0.0,0.0,0.0,1,3,0.4547820429407938,233.0,0.004761904761904762,1,1
1999.0,2.0,1999.0,30.0,45.0,106795.0,1,1850,6,10,3,0,5,0.0,0.0,0.0,0.0,0.0,0.0,0.0,0.0,0.0,0.0,0.0,0.0,1.0,0.0,0.0,0.0,0.0,0.0,2.0,1,3,1.0799567801188548,666.3333333333334,0.14285714285714285,1,1
1999.0,3.0,1999.0,30.0,22.0,115074.0,1,1450,161,5,2,0,1,1.0,0.0,0.0,0.0,0.0,0.0,0.0,0.0,0.0,0.0,0.0,0.0,0.0,0.0,0.0,0.0,0.0,0.0,2.0,2,1,1.377670572019297,1999.0,0.006172839506172839,2,0
1999.0,2.0,1999.0,30.0,29.0,175072.0,1,1376,18,9,5,1,4,0.0,0.0,0.0,0.0,0.0,0.0,0.0,0.0,0.0,0.0,0.0,0.0,0.0,1.0,0.0,0.0,0.0,0.0,2.0,3,2,1.4517066085693537,999.5,0.05263157894736842,3,0
2599.0,1.0,2599.0,20.0,41.0,25906.0,1,1201,230,2,3,1,3,0.0,0.0,0.0,0.0,0.0,0.0,0.0,0.0,0.0,0.0,1.0,0.0,0.0,0.0,0.0,0.0,1.0,0.0,4.0,0,1,2.1622296173044924,2599.0,0.004329004329004329,0,0
1999.0,1.0,1999.0,30.0,22.0,187708.0,1,1469,13,10,3,1,1,0.0,0.0,0.0,0.0,0.0,0.0,0.0,1.0,0.0,0.0,0.0,0.0,0.0,0.0,0.0,0.0,0.0,0.0,2.0,3,1,1.3598639455782313,1999.0,0.07142857142857142,3,0
1299.0,3.0,1299.0,25.0,45.0,99751.0,1,1261,228,3,5,0,0,0.0,0.0,0.0,0.0,0.0,1.0,0.0,0.0,0.0,0.0,0.0,0.0,0.0,0.0,0.0,0.0,0.0,1.0,5.0,1,2,1.0293185419968305,649.5,0.004366812227074236,1,0
2599.0,2.0,2599.0,20.0,49.0,61321.0,1,2003,26,9,4,0,4,0.0,0.0,1.0,0.0,0.0,0.0,0.0,0.0,0.0,0.0,0.0,0.0,0.0,0.0,0.0,0.0,1.0,0.0,4.0,0,2,1.2969061876247505,1299.5,0.037037037037037035,0,0
499.0,2.0,499.0,50.0,21.0,173262.0,1,1412,75,8,4,1,3,0.0,0.0,0.0,0.0,0.0,0.0,0.0,0.0,0.0,0.0,0.0,0.0,0.0,0.0,0.0,1.0,0.0,0.0,1.0,3,2,0.35314932767162066,249.5,0.013157894736842105,3,0
499.0,3.0,499.0,50.0,22.0,181162.0,1,1880,130,6,5,1,5,0.0,0.0,0.0,0.0,0.0,0.0,1.0,0.0,0.0,0.0,0.0,0.0,0.0,0.0,0.0,1.0,0.0,0.0,1.0,3,3,0.26528442317916,166.33333333333334,0.007633587786259542,3,1
899.0,3.0,899.0,60.0,19.0,113506.35283332468,1,1464,176,4,1,0,4,0.0,0.0,0.0,0.0,0.0,0.0,0.0,0.0,0.0,0.0,0.0,0.0,0.0,0.0,1.0,0.0,0.0,0.0,3.0,1,2,0.6136518771331058,449.5,0.005649717514124294,1,0
499.0,3.0,499.0,50.0,48.0,116722.0,1,1869,255,2,6,1,5,1.0,0.0,0.0,0.0,0.0,0.0,0.0,0.0,0.0,0.0,0.0,0.0,0.0,0.0,0.0,1.0,0.0,0.0,1.0,2,3,0.26684491978609626,166.33333333333334,0.00390625,2,1
499.0,2.0,499.0,50.0,21.0,157244.0,1,1527,271,1,4,0,0,0.0,0.0,0.0,0.0,0.0,0.0,0.0,0.0,0.0,0.0,0.0,0.0,0.0,1.0,0.0,1.0,0.0,0.0,1.0,2,1,0.32657068062827227,499.0,0.003676470588235294,2,0
699.0,2.0,699.0,40.0,49.0,157660.0,1,1347,72,8,0,0,5,0.0,0.0,1.0,0.0,0.0,0.0,0.0,0.0,0.0,0.0,0.0,0.0,0.0,0.0,0.0,0.0,0.0,0.0,0.0,2,1,0.5185459940652819,699.0,0.0136986301369863,2,0
899.0,1.0,899.0,60.0,27.0,41312.0,1,1163,95,7,5,1,0,0.0,1.0,0.0,0.0,0.0,0.0,0.0,0.0,0.0,0.0,0.0,0.0,0.0,0.0,1.0,0.0,0.0,0.0,3.0,0,2,0.7723367697594502,449.5,0.010416666666666666,0,0
2599.0,1.0,2599.0,20.0,44.0,113502.14574317806,1,1950,109,6,5,1,1,0.0,0.0,0.0,0.0,0.0,0.0,0.0,0.0,0.0,0.0,1.0,0.0,0.0,0.0,0.0,0.0,1.0,0.0,4.0,1,2,1.3321373654536135,1299.5,0.00909090909090909,1,0
1999.0,1.0,1999.0,30.0,58.0,84028.0,1,2046,173,4,4,0,1,0.0,0.0,0.0,0.0,0.0,0.0,0.0,1.0,0.0,0.0,0.0,0.0,0.0,0.0,0.0,0.0,0.0,0.0,2.0,1,1,0.9765510503175379,1999.0,0.005747126436781609,1,0
499.0,2.0,499.0,50.0,61.0,62604.0,1,1751,9,10,0,1,0,0.0,0.0,0.0,0.0,0.0,0.0,0.0,0.0,0.0,1.0,0.0,0.0,0.0,0.0,0.0,1.0,0.0,0.0,1.0,0,1,0.2848173515981735,499.0,0.1,0,0
899.0,2.0,899.0,60.0,35.0,100685.0,1,1153,52,8,6,0,1,0.0,0.0,0.0,1.0,0.0,0.0,0.0,0.0,0.0,0.0,0.0,0.0,0.0,0.0,1.0,0.0,0.0,0.0,3.0,1,1,0.7790294627383015,899.0,0.018867924528301886,1,0
1299.0,1.0,1299.0,25.0,53.0,144447.0,1,1663,230,2,3,0,5,0.0,0.0,0.0,0.0,1.0,0.0,0.0,0.0,0.0,0.0,0.0,0.0,0.0,0.0,0.0,0.0,0.0,1.0,5.0,2,1,0.7806490384615384,1299.0,0.004329004329004329,2,0
2599.0,1.0,2599.0,20.0,21.0,173262.0,1,1273,164,5,6,1,4,0.0,0.0,0.0,0.0,0.0,0.0,0.0,0.0,0.0,0.0,0.0,0.0,0.0,0.0,0.0,0.0,1.0,0.0,4.0,3,2,2.0400313971742543,1299.5,0.006060606060606061,3,0
499.0,1.0,499.0,50.0,43.0,179674.0,1,1213,263,1,5,1,0,0.0,1.0,0.0,0.0,0.0,0.0,0.0,0.0,0.0,0.0,0.0,0.0,0.0,0.0,0.0,1.0,0.0,0.0,1.0,3,2,0.4110378912685338,249.5,0.003787878787878788,3,0
499.0,1.0,499.0,50.0,62.0,193824.0,1,2100,11,10,5,1,1,0.0,0.0,0.0,0.0,0.0,0.0,0.0,0.0,0.0,0.0,1.0,0.0,0.0,0.0,0.0,1.0,0.0,0.0,1.0,3,3,0.23750594954783436,166.33333333333334,0.08333333333333333,3,1
499.0,3.0,499.0,50.0,29.0,175072.0,1,1276,168,4,2,1,2,0.0,0.0,0.0,0.0,0.0,0.0,0.0,0.0,0.0,0.0,0.0,0.0,0.0,1.0,0.0,1.0,0.0,0.0,1.0,3,2,0.39075959279561473,249.5,0.005917159763313609,3,0
1299.0,1.0,1299.0,25.0,31.0,111353.0,1,1261,123,6,5,0,5,0.0,0.0,0.0,0.0,0.0,0.0,0.0,0.0,0.0,0.0,0.0,0.0,0.0,1.0,0.0,0.0,0.0,1.0,5.0,1,2,1.0293185419968305,649.5,0.008064516129032258,1,0
699.0,2.0,699.0,40.0,50.0,41621.0,1,1478,174,4,3,1,3,0.0,0.0,0.0,0.0,0.0,0.0,1.0,0.0,0.0,0.0,0.0,0.0,0.0,0.0,0.0,0.0,0.0,0.0,0.0,0,3,0.4726166328600406,233.0,0.005714285714285714,0,1
1276.0,3.0,1299.0,25.0,41.68329389002502,167256.0,1,1589,198,3,0,1,5,0.0,0.0,0.0,0.0,0.0,0.0,0.0,0.0,0.0,0.0,0.0,0.0,0.0,1.0,0.0,0.0,0.0,1.0,5.0,3,3,0.8025157232704403,425.3333333333333,0.005025125628140704,3,1
899.0,3.0,899.0,60.0,45.0,113506.35367545258,1,1210,111,6,3,1,4,0.0,0.0,0.0,0.0,0.0,0.0,0.0,0.0,0.0,0.0,1.0,0.0,0.0,0.0,1.0,0.0,0.0,0.0,3.0,2,1,0.7423616845582164,899.0,0.008928571428571428,2,0
899.0,2.0,899.0,60.0,41.0,97175.0,1,1456,74,8,5,1,2,1.0,0.0,0.0,0.0,0.0,0.0,0.0,0.0,0.0,0.0,0.0,0.0,0.0,0.0,1.0,0.0,0.0,0.0,3.0,1,4,0.6170212765957447,224.75,0.013333333333333334,1,1
1299.0,1.0,1299.0,25.0,40.0,113471.0,1,1538,45,8,6,1,3,0.0,0.0,0.0,0.0,0.0,0.0,0.0,0.0,0.0,0.0,1.0,0.0,0.0,0.0,0.0,0.0,0.0,1.0,5.0,1,2,0.8440545808966862,649.5,0.021739130434782608,1,0
699.0,2.0,699.0,40.0,25.0,179741.0,1,1509,214,3,5,1,5,0.0,0.0,0.0,1.0,0.0,0.0,0.0,0.0,0.0,0.0,0.0,0.0,0.0,0.0,0.0,0.0,0.0,0.0,0.0,3,1,0.4629139072847682,699.0,0.004651162790697674,3,0
499.0,3.0,499.0,50.0,50.0,170871.0,1,1721,2,10,0,0,0,0.0,0.0,0.0,0.0,0.0,0.0,0.0,0.0,0.0,0.0,0.0,0.0,0.0,1.0,0.0,1.0,0.0,0.0,1.0,3,1,0.2897793263646922,499.0,0.3333333333333333,3,0
899.0,3.0,899.0,60.0,31.0,65838.0,1,1397,118,6,3,0,1,0.0,0.0,0.0,1.0,0.0,0.0,0.0,0.0,0.0,0.0,0.0,0.0,0.0,0.0,1.0,0.0,0.0,0.0,3.0,0,3,0.6430615164520744,299.6666666666667,0.008403361344537815,0,1
899.0,3.0,899.0,60.0,38.0,113506.35345522728,1,1976,13,10,3,1,4,0.0,0.0,0.0,0.0,0.0,0.0,0.0,0.0,0.0,1.0,0.0,0.0,0.0,0.0,1.0,0.0,0.0,0.0,3.0,2,3,0.45472938796155793,299.6666666666667,0.07142857142857142,2,1
631.0,1.0,699.0,40.0,58.0,106120.0,1,1352,267,1,1,0,3,0.0,0.0,0.0,0.0,0.0,0.0,0.0,0.0,0.0,0.0,0.0,0.0,1.0,0.0,0.0,0.0,0.0,0.0,0.0,1,2,0.4663710273466371,315.5,0.0037313432835820895,1,0
1999.0,2.0,1999.0,30.0,61.0,128821.0,1,1416,176,4,1,0,3,0.0,1.0,0.0,0.0,0.0,0.0,0.0,0.0,0.0,0.0,0.0,0.0,0.0,0.0,0.0,0.0,0.0,0.0,2.0,2,1,1.4107268877911079,1999.0,0.005649717514124294,2,0
1299.0,1.0,1299.0,25.0,36.0,111396.0,1,1653,179,4,5,1,4,0.0,0.0,0.0,0.0,0.0,0.0,0.0,0.0,0.0,0.0,0.0,0.0,0.0,1.0,0.0,0.0,0.0,1.0,5.0,1,2,0.7853688029020556,649.5,0.005555555555555556,1,0
2599.0,3.0,2599.0,20.0,55.0,139619.0,1,1587,163,5,0,1,0,0.0,0.0,0.0,0.0,0.0,0.0,0.0,0.0,0.0,0.0,0.0,0.0,0.0,0.0,0.0,0.0,1.0,0.0,4.0,2,1,1.6366498740554156,2599.0,0.006097560975609756,2,0
2599.0,2.0,2599.0,20.0,25.0,96229.0,1,1543,5,10,4,1,1,0.0,0.0,0.0,0.0,1.0,0.0,0.0,0.0,0.0,0.0,0.0,0.0,0.0,0.0,0.0,0.0,1.0,0.0,4.0,1,2,1.6832901554404145,1299.5,0.16666666666666666,1,0
1299.0,2.0,1299.0,25.0,32.0,51337.0,1,1215,104,7,3,1,3,0.0,0.0,0.0,0.0,0.0,0.0,0.0,0.0,0.0,0.0,0.0,0.0,1.0,0.0,0.0,0.0,0.0,1.0,5.0,0,1,1.0682565789473684,1299.0,0.009523809523809525,0,0
1299.0,1.0,1299.0,25.0,22.0,88099.0,1,1680,49,8,2,0,0,0.0,0.0,0.0,0.0,0.0,0.0,1.0,0.0,0.0,0.0,0.0,0.0,0.0,0.0,0.0,0.0,0.0,1.0,5.0,1,4,0.7727543129089828,324.75,0.02,1,1
2599.0,2.0,2599.0,20.0,40.0,188455.0,1,1958,183,4,1,1,2,0.0,0.0,0.0,0.0,0.0,0.0,0.0,0.0,1.0,0.0,0.0,0.0,0.0,0.0,0.0,0.0,1.0,0.0,4.0,3,1,1.3266972945380295,2599.0,0.005434782608695652,3,0
872.0,1.0,899.0,60.0,44.0,23471.0,1,1727,213,3,6,1,5,0.0,0.0,0.0,0.0,0.0,0.0,0.0,0.0,0.0,0.0,0.0,1.0,0.0,0.0,1.0,0.0,0.0,0.0,3.0,0,3,0.5046296296296297,290.6666666666667,0.004672897196261682,0,1
1999.0,2.0,1999.0,30.0,22.0,88099.0,1,1187,74,8,5,0,3,0.0,0.0,0.0,0.0,0.0,0.0,1.0,0.0,0.0,0.0,0.0,0.0,0.0,0.0,0.0,0.0,0.0,0.0,2.0,1,4,1.6826599326599327,499.75,0.013333333333333334,1,1
699.0,2.0,699.0,40.0,60.0,113506.84795825859,1,1837,162,5,1,1,0,0.0,0.0,0.0,1.0,0.0,0.0,0.0,0.0,0.0,0.0,0.0,0.0,0.0,0.0,0.0,0.0,0.0,0.0,0.0,2,1,0.38030467899891185,699.0,0.006134969325153374,2,0
2599.0,2.0,2599.0,20.0,36.0,29752.0,1,1591,156,5,0,1,2,0.0,0.0,0.0,0.0,0.0,0.0,0.0,0.0,0.0,0.0,0.0,1.0,0.0,0.0,0.0,0.0,1.0,0.0,4.0,0,3,1.6325376884422111,866.3333333333334,0.006369426751592357,0,1
2599.0,1.0,2599.0,20.0,41.6791207043221,176951.0,1,1240,52,8,6,0,0,0.0,0.0,0.0,0.0,0.0,0.0,0.0,0.0,0.0,0.0,0.0,0.0,1.0,0.0,0.0,0.0,1.0,0.0,4.0,3,3,2.0942788074133762,866.3333333333334,0.018867924528301886,3,1
1299.0,2.0,1299.0,25.0,27.0,28770.0,1,1163,8,10,1,1,5,0.0,0.0,0.0,0.0,0.0,0.0,0.0,0.0,1.0,0.0,0.0,0.0,0.0,0.0,0.0,0.0,0.0,1.0,5.0,0,5,1.115979381443299,259.8,0.1111111111111111,0,1
1999.0,1.0,1999.0,30.0,26.0,197558.0,1,1760,19,9,4,0,4,0.0,0.0,0.0,0.0,0.0,0.0,0.0,0.0,0.0,0.0,0.0,0.0,0.0,1.0,0.0,0.0,0.0,0.0,2.0,3,1,1.1351504826802954,1999.0,0.05,3,0
499.0,1.0,499.0,50.0,43.0,197691.0,1,1193,263,1,5,1,5,0.0,0.0,0.0,0.0,0.0,1.0,0.0,0.0,0.0,0.0,0.0,0.0,0.0,0.0,0.0,1.0,0.0,0.0,1.0,3,3,0.41792294807370184,166.33333333333334,0.003787878787878788,3,1
699.0,3.0,699.0,40.0,57.0,180372.0,1,1829,253,2,1,0,1,0.0,0.0,0.0,0.0,0.0,0.0,0.0,1.0,0.0,0.0,0.0,0.0,0.0,0.0,0.0,0.0,0.0,0.0,0.0,3,3,0.3819672131147541,233.0,0.003937007874015748,3,1
499.0,1.0,499.0,50.0,62.0,118989.0,1,1324,96,7,4,1,0,0.0,0.0,0.0,0.0,0.0,0.0,0.0,0.0,0.0,0.0,0.0,0.0,0.0,0.0,0.0,1.0,0.0,0.0,1.0,2,3,0.37660377358490565,166.33333333333334,0.010309278350515464,2,1
2599.0,3.0,2599.0,20.0,56.0,159251.0,1,1513,40,9,4,0,3,0.0,1.0,0.0,0.0,0.0,0.0,0.0,0.0,0.0,0.0,0.0,0.0,0.0,0.0,0.0,0.0,1.0,0.0,4.0,2,2,1.7166446499339498,1299.5,0.024390243902439025,2,0
462.0,3.0,499.0,50.0,50.0,108664.0,1,1279,279,1,3,0,4,0.0,0.0,0.0,0.0,0.0,0.0,0.0,0.0,0.0,0.0,0.0,0.0,1.0,0.0,0.0,1.0,0.0,0.0,1.0,1,2,0.3609375,231.0,0.0035714285714285713,1,0
1299.0,3.0,1299.0,25.0,45.0,108668.0,1,1294,279,1,3,1,2,0.0,0.0,0.0,0.0,0.0,0.0,0.0,0.0,0.0,1.0,0.0,0.0,0.0,0.0,0.0,0.0,0.0,1.0,5.0,1,2,1.003088803088803,649.5,0.0035714285714285713,1,0
2599.0,1.0,2599.0,20.0,20.0,58211.0,1,1503,233,2,0,0,1,0.0,0.0,0.0,0.0,0.0,0.0,0.0,0.0,1.0,0.0,0.0,0.0,0.0,0.0,0.0,0.0,1.0,0.0,4.0,0,1,1.728058510638298,2599.0,0.004273504273504274,0,0
699.0,2.0,699.0,40.0,53.0,87843.0,1,1923,18,9,5,0,3,0.0,0.0,0.0,0.0,0.0,0.0,0.0,0.0,0.0,0.0,0.0,0.0,0.0,1.0,0.0,0.0,0.0,0.0,0.0,1,2,0.3633056133056133,349.5,0.05263157894736842,1,0
1299.0,2.0,1299.0,25.0,20.0,44995.0,1,1261,247,2,0,1,0,0.0,0.0,0.0,0.0,0.0,0.0,0.0,0.0,0.0,0.0,1.0,0.0,0.0,0.0,0.0,0.0,0.0,1.0,5.0,0,5,1.0293185419968305,259.8,0.004032258064516129,0,1
899.0,2.0,899.0,60.0,18.0,102302.0,1,1241,172,4,5,1,1,0.0,0.0,0.0,0.0,0.0,0.0,0.0,0.0,0.0,0.0,0.0,0.0,0.0,1.0,1.0,0.0,0.0,0.0,3.0,1,1,0.7238325281803543,899.0,0.005780346820809248,1,0
499.0,1.0,499.0,50.0,34.0,126108.0,1,1832,271,1,4,0,5,0.0,0.0,0.0,0.0,0.0,1.0,0.0,0.0,0.0,0.0,0.0,0.0,0.0,0.0,0.0,1.0,0.0,0.0,1.0,2,1,0.2722313147845063,499.0,0.003676470588235294,2,0
899.0,3.0,899.0,60.0,21.0,49055.0,1,1311,259,1,2,0,0,0.0,0.0,0.0,0.0,0.0,0.0,0.0,0.0,0.0,0.0,0.0,0.0,1.0,0.0,1.0,0.0,0.0,0.0,3.0,0,1,0.6852134146341463,899.0,0.0038461538461538464,0,0
2599.0,3.0,2599.0,20.0,28.0,119853.0,1,1820,65,8,0,1,0,1.0,0.0,0.0,0.0,0.0,0.0,0.0,0.0,0.0,0.0,0.0,0.0,0.0,0.0,0.0,0.0,1.0,0.0,4.0,2,1,1.42723778143877,2599.0,0.015151515151515152,2,0
1299.0,1.0,1299.0,25.0,34.0,195674.0,1,1615,17,9,6,0,4,0.0,0.0,0.0,0.0,0.0,0.0,1.0,0.0,0.0,0.0,0.0,0.0,0.0,0.0,0.0,0.0,0.0,1.0,5.0,3,3,0.8038366336633663,433.0,0.05555555555555555,3,1
699.0,2.0,699.0,40.0,46.0,135725.0,1,1207,44,9,0,0,5,0.0,0.0,0.0,0.0,1.0,0.0,0.0,0.0,0.0,0.0,0.0,0.0,0.0,0.0,0.0,0.0,0.0,0.0,0.0,2,3,0.5786423841059603,233.0,0.022222222222222223,2,1
499.0,3.0,499.0,50.0,43.0,165128.0,1,1209,9,10,0,1,2,0.0,0.0,0.0,1.0,0.0,0.0,0.0,0.0,0.0,0.0,0.0,0.0,0.0,0.0,0.0,1.0,0.0,0.0,1.0,3,1,0.412396694214876,499.0,0.1,3,0
499.0,1.0,499.0,50.0,32.0,33947.0,1,1314,279,1,3,1,2,0.0,0.0,0.0,0.0,0.0,0.0,0.0,0.0,0.0,0.0,1.0,0.0,0.0,0.0,0.0,1.0,0.0,0.0,1.0,0,1,0.379467680608365,499.0,0.0035714285714285713,0,0
699.0,1.0,699.0,40.0,27.0,96975.0,1,1678,84,7,2,0,5,0.0,0.0,0.0,0.0,1.0,0.0,0.0,0.0,0.0,0.0,0.0,0.0,0.0,0.0,0.0,0.0,0.0,0.0,0.0,1,2,0.41631923764145323,349.5,0.011764705882352941,1,0
699.0,3.0,699.0,40.0,24.0,47386.0,1,1127,88,7,5,0,3,0.0,0.0,0.0,0.0,0.0,0.0,0.0,0.0,0.0,1.0,0.0,0.0,0.0,0.0,0.0,0.0,0.0,0.0,0.0,0,1,0.6196808510638298,699.0,0.011235955056179775,0,0
1999.0,3.0,1999.0,30.0,53.0,140234.0,1,1607,216,3,3,0,5,0.0,0.0,0.0,0.0,0.0,0.0,0.0,0.0,0.0,0.0,0.0,1.0,0.0,0.0,0.0,0.0,0.0,0.0,2.0,2,4,1.2431592039800996,499.75,0.004608294930875576,2,1
499.0,1.0,499.0,50.0,22.0,109906.0,1,2000,260,1,1,1,2,0.0,0.0,0.0,0.0,0.0,0.0,0.0,0.0,0.0,0.0,0.0,1.0,0.0,0.0,0.0,1.0,0.0,0.0,1.0,1,2,0.2493753123438281,249.5,0.0038314176245210726,1,0
699.0,2.0,699.0,40.0,41.41310295892304,131672.0,1,1172,84,7,2,1,2,0.0,0.0,0.0,0.0,0.0,0.0,0.0,0.0,0.0,0.0,1.0,0.0,0.0,0.0,0.0,0.0,0.0,0.0,0.0,2,2,0.5959079283887468,349.5,0.011764705882352941,2,0
2599.0,1.0,2599.0,20.0,59.0,151743.0,1,1686,36,9,1,0,0,0.0,0.0,0.0,0.0,0.0,0.0,0.0,0.0,1.0,0.0,0.0,0.0,0.0,0.0,0.0,0.0,1.0,0.0,4.0,2,1,1.5406046235921755,2599.0,0.02702702702702703,2,0
1999.0,3.0,1999.0,30.0,40.0,82424.0,1,1318,192,4,6,0,0,0.0,0.0,1.0,0.0,0.0,0.0,0.0,0.0,0.0,0.0,0.0,0.0,0.0,0.0,0.0,0.0,0.0,0.0,2.0,1,3,1.5155420773313115,666.3333333333334,0.0051813471502590676,1,1
2599.0,1.0,2599.0,20.0,29.0,113502.14526095087,1,1696,136,6,6,1,3,0.0,0.0,0.0,1.0,0.0,0.0,0.0,0.0,0.0,0.0,0.0,0.0,0.0,0.0,0.0,0.0,1.0,0.0,4.0,1,2,1.5315262227460225,1299.5,0.0072992700729927005,1,0
434.0,3.0,499.0,50.0,44.0,79871.0,1,1233,209,3,3,0,5,0.0,0.0,1.0,0.0,0.0,0.0,0.0,0.0,0.0,0.0,0.0,0.0,0.0,0.0,0.0,1.0,0.0,0.0,1.0,1,1,0.35170178282009723,434.0,0.004761904761904762,1,0
1299.0,2.0,1299.0,25.0,49.0,199402.0,1,1845,285,1,4,0,4,0.0,0.0,0.0,0.0,0.0,0.0,0.0,0.0,0.0,1.0,0.0,0.0,0.0,0.0,0.0,0.0,0.0,1.0,5.0,3,3,0.7036836403033586,433.0,0.0034965034965034965,3,1
1299.0,1.0,1299.0,25.0,54.0,113505.3625659637,1,1277,220,3,6,1,4,0.0,1.0,0.0,0.0,0.0,0.0,0.0,0.0,0.0,0.0,0.0,0.0,0.0,0.0,0.0,0.0,0.0,1.0,5.0,1,1,1.016431924882629,1299.0,0.004524886877828055,1,0
899.0,2.0,899.0,60.0,59.0,77804.0,1,2061,25,9,5,1,3,0.0,0.0,0.0,0.0,0.0,0.0,1.0,0.0,0.0,0.0,0.0,0.0,0.0,0.0,1.0,0.0,0.0,0.0,3.0,1,1,0.435984481086324,899.0,0.038461538461538464,1,0
462.0,2.0,499.0,50.0,41.64429340682013,156511.0,1,1396,121,6,0,1,3,0.0,0.0,0.0,0.0,0.0,0.0,0.0,0.0,1.0,0.0,0.0,0.0,0.0,0.0,0.0,1.0,0.0,0.0,1.0,2,2,0.33070866141732286,231.0,0.00819672131147541,2,0
1299.0,1.0,1299.0,25.0,53.0,96373.0,1,1263,1,10,1,0,4,0.0,0.0,0.0,0.0,0.0,1.0,0.0,0.0,0.0,0.0,0.0,0.0,0.0,0.0,0.0,0.0,0.0,1.0,5.0,1,1,1.0276898734177216,1299.0,0.5,1,0
1999.0,1.0,1999.0,30.0,56.0,32763.0,1,1295,201,3,4,1,0,0.0,0.0,1.0,0.0,0.0,0.0,0.0,0.0,0.0,0.0,0.0,0.0,0.0,0.0,0.0,0.0,0.0,0.0,2.0,0,2,1.5424382716049383,999.5,0.0049504950495049506,0,0
1299.0,1.0,1299.0,25.0,20.0,26643.0,1,2010,255,2,6,1,1,0.0,0.0,0.0,0.0,0.0,0.0,0.0,0.0,0.0,0.0,0.0,0.0,0.0,0.0,0.0,0.0,0.0,1.0,5.0,0,2,0.6459472899055196,649.5,0.00390625,0,0
1299.0,2.0,1299.0,25.0,18.0,103457.0,1,1141,248,2,6,1,0,0.0,0.0,0.0,0.0,1.0,0.0,0.0,0.0,0.0,0.0,0.0,0.0,0.0,0.0,0.0,0.0,0.0,1.0,5.0,1,2,1.137478108581436,649.5,0.004016064257028112,1,0
699.0,2.0,699.0,40.0,48.0,22023.0,1,2035,187,4,4,0,0,0.0,0.0,0.0,0.0,0.0,0.0,0.0,0.0,0.0,0.0,0.0,0.0,1.0,0.0,0.0,0.0,0.0,0.0,0.0,0,2,0.3433202357563851,349.5,0.005319148936170213,0,0
699.0,3.0,699.0,40.0,59.0,98815.0,1,1851,117,6,4,1,0,0.0,0.0,0.0,0.0,0.0,0.0,0.0,0.0,1.0,0.0,0.0,0.0,0.0,0.0,0.0,0.0,0.0,0.0,0.0,1,3,0.37742980561555073,233.0,0.00847457627118644,1,1
1299.0,2.0,1299.0,25.0,63.0,166964.0,1,1415,218,3,1,1,0,0.0,0.0,0.0,0.0,0.0,0.0,0.0,0.0,0.0,0.0,0.0,1.0,0.0,0.0,0.0,0.0,0.0,1.0,5.0,3,2,0.9173728813559322,649.5,0.0045662100456621,3,0
1999.0,2.0,1999.0,30.0,22.0,186597.0,1,1447,42,9,2,0,1,0.0,0.0,0.0,0.0,0.0,1.0,0.0,0.0,0.0,0.0,0.0,0.0,0.0,0.0,0.0,0.0,0.0,0.0,2.0,3,3,1.3805248618784531,666.3333333333334,0.023255813953488372,3,1
899.0,3.0,899.0,60.0,30.0,164129.0,1,1780,36,9,1,0,2,0.0,1.0,0.0,0.0,0.0,0.0,0.0,0.0,0.0,0.0,0.0,0.0,0.0,0.0,1.0,0.0,0.0,0.0,3.0,3,2,0.5047725996631106,449.5,0.02702702702702703,3,0
699.0,2.0,699.0,40.0,32.0,150576.0,1,1463,86,7,0,0,2,0.0,0.0,0.0,0.0,0.0,1.0,0.0,0.0,0.0,0.0,0.0,0.0,0.0,0.0,0.0,0.0,0.0,0.0,0.0,2,1,0.4774590163934426,699.0,0.011494252873563218,2,0
1999.0,3.0,1999.0,30.0,29.0,113503.63020403608,1,1679,195,4,3,0,3,0.0,1.0,0.0,0.0,0.0,0.0,0.0,0.0,0.0,0.0,0.0,0.0,0.0,0.0,0.0,0.0,0.0,0.0,2.0,1,4,1.1898809523809524,499.75,0.00510204081632653,1,1
1902.0,2.0,1999.0,30.0,28.0,37543.0,1,1119,180,4,4,0,5,0.0,0.0,0.0,0.0,0.0,1.0,0.0,0.0,0.0,0.0,0.0,0.0,0.0,0.0,0.0,0.0,0.0,0.0,2.0,0,3,1.6982142857142857,634.0,0.0055248618784530384,0,1
1299.0,3.0,1299.0,25.0,19.0,28210.0,1,1714,78,7,1,1,4,1.0,0.0,0.0,0.0,0.0,0.0,0.0,0.0,0.0,0.0,0.0,0.0,0.0,0.0,0.0,0.0,0.0,1.0,5.0,0,2,0.7574344023323615,649.5,0.012658227848101266,0,0
699.0,3.0,699.0,40.0,46.0,158311.0,1,1677,158,5,5,1,1,1.0,0.0,0.0,0.0,0.0,0.0,0.0,0.0,0.0,0.0,0.0,0.0,0.0,0.0,0.0,0.0,0.0,0.0,0.0,2,3,0.4165673420738975,233.0,0.006289308176100629,2,1
2599.0,2.0,2599.0,20.0,46.0,50841.0,1,1751,250,2,4,0,0,0.0,0.0,0.0,0.0,0.0,1.0,0.0,0.0,0.0,0.0,0.0,0.0,0.0,0.0,0.0,0.0,1.0,0.0,4.0,0,1,1.4834474885844748,2599.0,0.00398406374501992,0,0
899.0,3.0,899.0,60.0,19.0,152161.0,1,1427,28,9,2,1,3,1.0,0.0,0.0,0.0,0.0,0.0,0.0,0.0,0.0,0.0,0.0,0.0,0.0,0.0,1.0,0.0,0.0,0.0,3.0,2,2,0.6295518207282913,449.5,0.034482758620689655,2,0
1970.0,3.0,1999.0,30.0,34.0,39446.0,1,1518,13,10,3,0,5,0.0,0.0,0.0,0.0,0.0,0.0,0.0,0.0,1.0,0.0,0.0,0.0,0.0,0.0,0.0,0.0,0.0,0.0,2.0,0,1,1.2969058591178406,1970.0,0.07142857142857142,0,0
499.0,1.0,499.0,50.0,55.0,35037.0,1,1711,106,7,1,0,1,0.0,0.0,1.0,0.0,0.0,0.0,0.0,0.0,0.0,0.0,0.0,0.0,0.0,0.0,0.0,1.0,0.0,0.0,1.0,0,2,0.29147196261682246,249.5,0.009345794392523364,0,0
1974.0,2.0,1999.0,30.0,38.0,54518.0,1,1745,83,7,3,1,5,0.0,0.0,0.0,0.0,0.0,0.0,0.0,0.0,0.0,1.0,0.0,0.0,0.0,0.0,0.0,0.0,0.0,0.0,2.0,0,2,1.1305841924398625,987.0,0.011904761904761904,0,0
899.0,1.0,899.0,60.0,53.0,181726.0,1,1501,155,5,1,1,4,0.0,0.0,0.0,0.0,0.0,0.0,0.0,0.0,0.0,0.0,1.0,0.0,0.0,0.0,1.0,0.0,0.0,0.0,3.0,3,1,0.5985352862849534,899.0,0.00641025641025641,3,0
2599.0,2.0,2599.0,20.0,46.0,26530.0,1,1741,174,4,3,1,3,0.0,0.0,0.0,0.0,0.0,0.0,0.0,0.0,1.0,0.0,0.0,0.0,0.0,0.0,0.0,0.0,1.0,0.0,4.0,0,1,1.491963260619977,2599.0,0.005714285714285714,0,0
899.0,1.0,899.0,60.0,24.0,116044.0,1,1756,31,9,6,0,5,0.0,0.0,0.0,0.0,0.0,0.0,0.0,0.0,0.0,0.0,0.0,0.0,0.0,1.0,1.0,0.0,0.0,0.0,3.0,2,2,0.5116676152532726,449.5,0.03125,2,0
499.0,1.0,499.0,50.0,35.0,63619.0,1,1660,75,8,4,0,2,0.0,0.0,0.0,0.0,0.0,0.0,1.0,0.0,0.0,0.0,0.0,0.0,0.0,0.0,0.0,1.0,0.0,0.0,1.0,0,2,0.300421432871764,249.5,0.013157894736842105,0,0
2599.0,2.0,2599.0,20.0,50.0,158051.0,1,1332,112,6,2,0,2,0.0,0.0,1.0,0.0,0.0,0.0,0.0,0.0,0.0,0.0,0.0,0.0,0.0,0.0,0.0,0.0,1.0,0.0,4.0,2,1,1.9497374343585896,2599.0,0.008849557522123894,2,0
699.0,1.0,699.0,40.0,34.0,195674.0,1,2014,44,9,0,0,2,0.0,0.0,0.0,0.0,0.0,0.0,1.0,0.0,0.0,0.0,0.0,0.0,0.0,0.0,0.0,0.0,0.0,0.0,0.0,3,3,0.34689826302729526,233.0,0.022222222222222223,3,1
2599.0,2.0,2599.0,20.0,22.0,88673.0,1,1754,253,2,1,0,2,0.0,0.0,0.0,0.0,0.0,1.0,0.0,0.0,0.0,0.0,0.0,0.0,0.0,0.0,0.0,0.0,1.0,0.0,4.0,1,1,1.480911680911681,2599.0,0.003937007874015748,1,0
2599.0,3.0,2599.0,20.0,31.0,41223.0,1,1473,232,2,1,0,2,0.0,0.0,0.0,0.0,0.0,0.0,0.0,0.0,0.0,1.0,0.0,0.0,0.0,0.0,0.0,0.0,1.0,0.0,4.0,0,2,1.7632293080054273,1299.5,0.004291845493562232,0,0
699.0,3.0,699.0,40.0,60.0,173504.0,1,1464,163,5,0,1,5,0.0,0.0,0.0,0.0,0.0,0.0,0.0,0.0,0.0,0.0,0.0,0.0,1.0,0.0,0.0,0.0,0.0,0.0,0.0,3,2,0.47713310580204776,349.5,0.006097560975609756,3,0
1999.0,2.0,1999.0,30.0,50.0,113980.0,1,1567,69,8,3,0,3,0.0,0.0,0.0,1.0,0.0,0.0,0.0,0.0,0.0,0.0,0.0,0.0,0.0,0.0,0.0,0.0,0.0,0.0,2.0,2,1,1.2748724489795917,1999.0,0.014285714285714285,2,0
899.0,2.0,899.0,60.0,37.0,39873.0,1,1648,66,8,6,0,1,0.0,0.0,0.0,1.0,0.0,0.0,0.0,0.0,0.0,0.0,0.0,0.0,0.0,0.0,1.0,0.0,0.0,0.0,3.0,0,4,0.5451788963007883,224.75,0.014925373134328358,0,1
2599.0,3.0,2599.0,20.0,44.0,198148.0,1,1582,57,8,1,0,1,0.0,0.0,0.0,0.0,0.0,0.0,0.0,0.0,0.0,0.0,0.0,0.0,0.0,1.0,0.0,0.0,1.0,0.0,4.0,3,1,1.6418193303853443,2599.0,0.017241379310344827,3,0
791.0,3.0,899.0,60.0,64.0,106544.0,1,1534,255,2,6,1,2,0.0,0.0,0.0,0.0,0.0,0.0,0.0,0.0,0.0,0.0,0.0,0.0,0.0,0.0,1.0,0.0,0.0,0.0,3.0,1,2,0.5153094462540717,395.5,0.00390625,1,0
1999.0,2.0,1999.0,30.0,25.0,146303.0,1,2008,187,4,4,1,2,0.0,0.0,0.0,0.0,0.0,0.0,0.0,0.0,1.0,0.0,0.0,0.0,0.0,0.0,0.0,0.0,0.0,0.0,2.0,2,1,0.9950223992035838,1999.0,0.005319148936170213,2,0
1299.0,3.0,1299.0,25.0,29.0,113505.36177831363,1,1906,17,9,6,0,0,0.0,1.0,0.0,0.0,0.0,0.0,0.0,0.0,0.0,0.0,0.0,0.0,0.0,0.0,0.0,0.0,0.0,1.0,5.0,1,4,0.6811746198217095,324.75,0.05555555555555555,1,1
1999.0,2.0,1999.0,30.0,44.0,23471.0,1,2100,229,2,4,1,0,0.0,0.0,0.0,0.0,0.0,0.0,0.0,0.0,0.0,0.0,0.0,1.0,0.0,0.0,0.0,0.0,0.0,0.0,2.0,0,3,0.951451689671585,666.3333333333334,0.004347826086956522,0,1
899.0,3.0,899.0,60.0,41.0,113506.35355418544,1,1530,135,6,0,1,5,0.0,0.0,0.0,0.0,0.0,0.0,0.0,0.0,0.0,0.0,1.0,0.0,0.0,0.0,1.0,0.0,0.0,0.0,3.0,2,2,0.5871979098628347,449.5,0.007352941176470588,2,0
499.0,1.0,499.0,50.0,55.0,157488.0,1,1888,227,3,6,1,2,0.0,0.0,0.0,0.0,0.0,0.0,0.0,0.0,0.0,0.0,0.0,0.0,0.0,0.0,0.0,1.0,0.0,0.0,1.0,2,3,0.2641609317098994,166.33333333333334,0.0043859649122807015,2,1
499.0,3.0,499.0,50.0,39.0,54051.0,1,1310,215,3,4,0,5,0.0,0.0,0.0,0.0,0.0,0.0,0.0,0.0,0.0,0.0,0.0,0.0,1.0,0.0,0.0,1.0,0.0,0.0,1.0,0,1,0.38062547673531655,499.0,0.004629629629629629,0,0
899.0,2.0,899.0,60.0,19.0,158999.0,1,2000,91,7,2,0,3,0.0,0.0,0.0,0.0,0.0,0.0,0.0,0.0,0.0,0.0,0.0,0.0,0.0,0.0,1.0,0.0,0.0,0.0,3.0,2,2,0.4492753623188406,449.5,0.010869565217391304,2,0
899.0,3.0,899.0,60.0,50.0,180811.0,1,2109,199,3,6,0,5,0.0,0.0,0.0,0.0,0.0,0.0,0.0,0.0,0.0,0.0,0.0,0.0,0.0,0.0,1.0,0.0,0.0,0.0,3.0,3,1,0.4260663507109005,899.0,0.005,3,0
899.0,2.0,899.0,60.0,61.0,174983.0,1,1510,126,6,2,1,1,0.0,0.0,0.0,0.0,0.0,0.0,0.0,0.0,0.0,0.0,1.0,0.0,0.0,0.0,1.0,0.0,0.0,0.0,3.0,3,3,0.5949702183984117,299.6666666666667,0.007874015748031496,3,1
499.0,1.0,499.0,50.0,27.0,175024.0,1,1324,39,9,5,0,4,0.0,1.0,0.0,0.0,0.0,0.0,0.0,0.0,0.0,0.0,0.0,0.0,0.0,0.0,0.0,1.0,0.0,0.0,1.0,3,3,0.37660377358490565,166.33333333333334,0.025,3,1
899.0,2.0,899.0,60.0,41.72227150469458,169109.0,1,1318,34,9,3,0,3,0.0,0.0,0.0,1.0,0.0,0.0,0.0,0.0,0.0,0.0,0.0,0.0,0.0,0.0,1.0,0.0,0.0,0.0,3.0,3,1,0.6815769522365428,899.0,0.02857142857142857,3,0
899.0,1.0,899.0,60.0,41.21017807519468,109709.0,1,1883,37,9,0,1,0,0.0,0.0,0.0,0.0,0.0,0.0,0.0,0.0,0.0,0.0,0.0,0.0,1.0,0.0,1.0,0.0,0.0,0.0,3.0,1,2,0.47717622080679406,449.5,0.02631578947368421,1,0
1912.0,2.0,1999.0,30.0,64.0,48082.0,1,1116,271,1,4,0,2,0.0,1.0,0.0,0.0,0.0,0.0,0.0,0.0,0.0,0.0,0.0,0.0,0.0,0.0,0.0,0.0,0.0,0.0,2.0,0,2,1.711727842435094,956.0,0.003676470588235294,0,0
1999.0,3.0,1999.0,30.0,33.0,128777.0,1,2028,34,9,3,1,0,0.0,0.0,0.0,0.0,0.0,1.0,0.0,0.0,0.0,0.0,0.0,0.0,0.0,0.0,0.0,0.0,0.0,0.0,2.0,2,3,0.9852143913257763,666.3333333333334,0.02857142857142857,2,1
499.0,2.0,499.0,50.0,43.0,31116.0,1,1509,9,10,0,0,2,0.0,0.0,0.0,0.0,0.0,0.0,1.0,0.0,0.0,0.0,0.0,0.0,0.0,0.0,0.0,1.0,0.0,0.0,1.0,0,2,0.3304635761589404,249.5,0.1,0,0
499.0,1.0,499.0,50.0,52.0,21283.0,1,1208,8,10,1,0,0,1.0,0.0,0.0,0.0,0.0,0.0,0.0,0.0,0.0,0.0,0.0,0.0,0.0,0.0,0.0,1.0,0.0,0.0,1.0,0,4,0.41273779983457404,124.75,0.1111111111111111,0,1
499.0,2.0,499.0,50.0,26.0,197832.0,1,1526,161,5,2,0,5,0.0,0.0,0.0,0.0,0.0,0.0,0.0,0.0,0.0,0.0,0.0,0.0,0.0,0.0,0.0,1.0,0.0,0.0,1.0,3,1,0.32678454485920105,499.0,0.006172839506172839,3,0
499.0,2.0,499.0,50.0,32.0,99003.0,1,1579,243,2,4,0,2,1.0,0.0,0.0,0.0,0.0,0.0,0.0,0.0,0.0,0.0,0.0,0.0,0.0,0.0,0.0,1.0,0.0,0.0,1.0,1,2,0.3158227848101266,249.5,0.004098360655737705,1,0
499.0,3.0,499.0,50.0,64.0,141251.0,1,1835,180,4,4,1,1,0.0,0.0,0.0,0.0,0.0,0.0,1.0,0.0,0.0,0.0,0.0,0.0,0.0,0.0,0.0,1.0,0.0,0.0,1.0,2,2,0.2717864923747277,249.5,0.0055248618784530384,2,0
2599.0,1.0,2599.0,20.0,61.0,192927.0,1,1267,68,8,4,0,5,0.0,0.0,0.0,0.0,0.0,0.0,1.0,0.0,0.0,0.0,0.0,0.0,0.0,0.0,0.0,0.0,1.0,0.0,4.0,3,1,2.0496845425867507,2599.0,0.014492753623188406,3,0
699.0,3.0,699.0,40.0,36.0,160600.0,1,1244,257,1,4,1,1,0.0,0.0,0.0,0.0,0.0,1.0,0.0,0.0,0.0,0.0,0.0,0.0,0.0,0.0,0.0,0.0,0.0,0.0,0.0,2,3,0.5614457831325301,233.0,0.003875968992248062,2,1
1999.0,2.0,1999.0,30.0,63.0,188123.0,1,1327,201,3,4,1,3,0.0,0.0,0.0,0.0,0.0,0.0,0.0,1.0,0.0,0.0,0.0,0.0,0.0,0.0,0.0,0.0,0.0,0.0,2.0,3,3,1.5052710843373494,666.3333333333334,0.0049504950495049506,3,1
1299.0,3.0,1299.0,25.0,50.0,194018.0,1,2012,24,9,6,0,2,0.0,0.0,0.0,0.0,0.0,1.0,0.0,0.0,0.0,0.0,0.0,0.0,0.0,0.0,0.0,0.0,0.0,1.0,5.0,3,2,0.6453055141579732,649.5,0.04,3,0
499.0,2.0,499.0,50.0,20.0,44995.0,1,1253,257,1,4,1,0,0.0,0.0,0.0,0.0,0.0,0.0,0.0,0.0,0.0,0.0,1.0,0.0,0.0,0.0,0.0,1.0,0.0,0.0,1.0,0,5,0.39792663476874,99.8,0.003875968992248062,0,1
2599.0,1.0,2599.0,20.0,40.0,187340.0,1,1936,160,5,3,0,1,0.0,0.0,0.0,1.0,0.0,0.0,0.0,0.0,0.0,0.0,0.0,0.0,0.0,0.0,0.0,0.0,1.0,0.0,4.0,3,3,1.3417656169334022,866.3333333333334,0.006211180124223602,3,1
1299.0,2.0,1299.0,25.0,42.0,29168.0,1,1643,86,7,0,0,5,0.0,0.0,0.0,0.0,0.0,0.0,0.0,1.0,0.0,0.0,0.0,0.0,0.0,0.0,0.0,0.0,0.0,1.0,5.0,0,1,0.7901459854014599,1299.0,0.011494252873563218,0,0
1999.0,2.0,1999.0,30.0,30.0,75419.0,1,1394,75,8,4,1,5,0.0,0.0,0.0,0.0,0.0,0.0,0.0,0.0,0.0,0.0,1.0,0.0,0.0,0.0,0.0,0.0,0.0,0.0,2.0,1,1,1.4329749103942653,1999.0,0.013157894736842105,1,0
499.0,3.0,499.0,50.0,47.0,120158.0,1,1280,81,7,5,0,4,0.0,0.0,0.0,0.0,0.0,0.0,0.0,0.0,0.0,1.0,0.0,0.0,0.0,0.0,0.0,1.0,0.0,0.0,1.0,2,4,0.38953942232630756,124.75,0.012195121951219513,2,1
1299.0,2.0,1299.0,25.0,25.0,155450.0,1,2082,55,8,3,0,2,0.0,0.0,0.0,1.0,0.0,0.0,0.0,0.0,0.0,0.0,0.0,0.0,0.0,0.0,0.0,0.0,0.0,1.0,5.0,2,1,0.6236197791646664,1299.0,0.017857142857142856,2,0
1915.0,3.0,1999.0,30.0,47.0,90553.0,1,1469,240,2,0,1,5,0.0,0.0,0.0,0.0,1.0,0.0,0.0,0.0,0.0,0.0,0.0,0.0,0.0,0.0,0.0,0.0,0.0,0.0,2.0,1,1,1.3027210884353742,1915.0,0.004149377593360996,1,0
899.0,1.0,899.0,60.0,22.0,164355.0,1,1420,104,7,3,1,5,0.0,0.0,0.0,0.0,0.0,0.0,0.0,0.0,0.0,0.0,0.0,0.0,0.0,0.0,1.0,0.0,0.0,0.0,3.0,3,3,0.6326530612244898,299.6666666666667,0.009523809523809525,3,1
1999.0,2.0,1999.0,30.0,51.0,195271.0,1,1536,179,4,5,1,0,0.0,0.0,0.0,0.0,0.0,1.0,0.0,0.0,0.0,0.0,0.0,0.0,0.0,0.0,0.0,0.0,0.0,0.0,2.0,3,1,1.3005855562784645,1999.0,0.005555555555555556,3,0
1299.0,3.0,1299.0,25.0,33.0,115286.0,1,1458,7,10,2,0,2,0.0,0.0,0.0,0.0,0.0,0.0,0.0,1.0,0.0,0.0,0.0,0.0,0.0,0.0,0.0,0.0,0.0,1.0,5.0,2,1,0.890335846470185,1299.0,0.125,2,0
1999.0,1.0,1999.0,30.0,20.0,89519.0,1,2068,263,1,5,0,2,0.0,0.0,0.0,0.0,0.0,0.0,0.0,1.0,0.0,0.0,0.0,0.0,0.0,0.0,0.0,0.0,0.0,0.0,2.0,1,2,0.9661672305461576,999.5,0.003787878787878788,1,0
2599.0,1.0,2599.0,20.0,41.0,49956.0,1,1273,279,1,3,1,0,0.0,0.0,0.0,0.0,0.0,0.0,0.0,0.0,0.0,0.0,0.0,0.0,1.0,0.0,0.0,0.0,1.0,0.0,4.0,0,2,2.0400313971742543,1299.5,0.0035714285714285713,0,0
699.0,1.0,699.0,40.0,54.0,178806.0,1,1165,68,8,4,0,4,0.0,0.0,0.0,0.0,1.0,0.0,0.0,0.0,0.0,0.0,0.0,0.0,0.0,0.0,0.0,0.0,0.0,0.0,0.0,3,1,0.5994854202401372,699.0,0.014492753623188406,3,0
699.0,2.0,699.0,40.0,45.0,137886.0,1,1529,206,3,6,0,2,0.0,1.0,0.0,0.0,0.0,0.0,0.0,0.0,0.0,0.0,0.0,0.0,0.0,0.0,0.0,0.0,0.0,0.0,0.0,2,2,0.4568627450980392,349.5,0.004830917874396135,2,0
2599.0,3.0,2599.0,20.0,24.0,68355.0,1,2037,97,7,3,0,4,0.0,0.0,0.0,1.0,0.0,0.0,0.0,0.0,0.0,0.0,0.0,0.0,0.0,0.0,0.0,0.0,1.0,0.0,4.0,1,2,1.275269872423945,1299.5,0.01020408163265306,1,0
2599.0,3.0,2599.0,20.0,61.0,42852.0,1,1604,131,6,4,0,0,0.0,0.0,0.0,0.0,0.0,0.0,0.0,0.0,0.0,0.0,0.0,1.0,0.0,0.0,0.0,0.0,1.0,0.0,4.0,0,1,1.6193146417445483,2599.0,0.007575757575757576,0,0
699.0,1.0,699.0,40.0,27.0,115998.0,1,1984,239,2,1,1,4,0.0,0.0,0.0,0.0,0.0,0.0,1.0,0.0,0.0,0.0,0.0,0.0,0.0,0.0,0.0,0.0,0.0,0.0,0.0,2,1,0.35214105793450884,699.0,0.004166666666666667,2,0
838.0,1.0,899.0,60.0,41.030438592486746,88056.0,1,1191,60,8,5,1,3,0.0,0.0,0.0,0.0,0.0,0.0,0.0,0.0,0.0,0.0,0.0,1.0,0.0,0.0,1.0,0.0,0.0,0.0,3.0,1,1,0.7030201342281879,838.0,0.01639344262295082,1,0
2599.0,3.0,2599.0,20.0,40.0,113502.14562603194,1,2007,71,8,1,1,4,0.0,0.0,0.0,0.0,0.0,0.0,0.0,0.0,0.0,0.0,1.0,0.0,0.0,0.0,0.0,0.0,1.0,0.0,4.0,1,2,1.2943227091633467,1299.5,0.013888888888888888,1,0
812.0,1.0,899.0,60.0,22.0,115457.0,1,2077,235,2,5,1,5,0.0,1.0,0.0,0.0,0.0,0.0,0.0,0.0,0.0,0.0,0.0,0.0,0.0,0.0,1.0,0.0,0.0,0.0,3.0,2,3,0.39076034648700675,270.6666666666667,0.00423728813559322,2,1
1299.0,1.0,1299.0,25.0,44.0,23471.0,1,1198,92,7,1,1,1,0.0,0.0,0.0,0.0,0.0,0.0,0.0,0.0,0.0,0.0,0.0,1.0,0.0,0.0,0.0,0.0,0.0,1.0,5.0,0,3,1.0834028356964136,433.0,0.010752688172043012,0,1
2599.0,3.0,2599.0,20.0,62.0,32109.0,1,1739,283,1,6,0,3,0.0,0.0,0.0,1.0,0.0,0.0,0.0,0.0,0.0,0.0,0.0,0.0,0.0,0.0,0.0,0.0,1.0,0.0,4.0,0,1,1.4936781609195402,2599.0,0.0035211267605633804,0,0
699.0,3.0,699.0,40.0,53.0,113506.84777369325,1,1502,178,4,6,1,5,0.0,0.0,0.0,0.0,0.0,0.0,0.0,0.0,0.0,1.0,0.0,0.0,0.0,0.0,0.0,0.0,0.0,0.0,0.0,2,3,0.46506986027944114,233.0,0.00558659217877095,2,1
699.0,1.0,699.0,40.0,48.0,48933.0,1,1911,61,8,4,1,3,0.0,0.0,0.0,0.0,0.0,0.0,0.0,0.0,1.0,0.0,0.0,0.0,0.0,0.0,0.0,0.0,0.0,0.0,0.0,0,3,0.3655857740585774,233.0,0.016129032258064516,0,1
499.0,2.0,499.0,50.0,62.0,103588.0,1,1315,91,7,2,1,4,0.0,0.0,0.0,0.0,0.0,1.0,0.0,0.0,0.0,0.0,0.0,0.0,0.0,0.0,0.0,1.0,0.0,0.0,1.0,1,3,0.3791793313069909,166.33333333333334,0.010869565217391304,1,1
899.0,2.0,899.0,60.0,54.0,105376.0,1,1352,161,5,2,1,1,0.0,0.0,0.0,0.0,0.0,1.0,0.0,0.0,0.0,0.0,0.0,0.0,0.0,0.0,1.0,0.0,0.0,0.0,3.0,1,2,0.6644493717664449,449.5,0.006172839506172839,1,0
499.0,3.0,499.0,50.0,38.0,174455.0,1,1151,142,5,0,0,3,0.0,0.0,0.0,0.0,0.0,0.0,0.0,0.0,0.0,0.0,0.0,0.0,0.0,1.0,0.0,1.0,0.0,0.0,1.0,3,2,0.4331597222222222,249.5,0.006993006993006993,3,0
2599.0,3.0,2599.0,20.0,61.0,36052.0,1,2087,22,9,1,1,1,0.0,0.0,0.0,0.0,0.0,0.0,0.0,0.0,0.0,0.0,1.0,0.0,0.0,0.0,0.0,0.0,1.0,0.0,4.0,0,2,1.2447318007662835,1299.5,0.043478260869565216,0,0
699.0,1.0,699.0,40.0,25.0,113506.8469021721,1,1762,260,1,1,1,2,0.0,0.0,0.0,0.0,0.0,0.0,0.0,0.0,0.0,0.0,1.0,0.0,0.0,0.0,0.0,0.0,0.0,0.0,0.0,2,1,0.396483267158253,699.0,0.0038314176245210726,2,0
899.0,3.0,899.0,60.0,50.0,142775.0,1,1195,251,2,3,1,0,0.0,0.0,0.0,0.0,0.0,0.0,0.0,0.0,0.0,0.0,0.0,1.0,0.0,0.0,1.0,0.0,0.0,0.0,3.0,2,2,0.7516722408026756,449.5,0.003968253968253968,2,0
499.0,2.0,499.0,50.0,42.0,190404.0,1,1839,220,3,6,0,2,0.0,0.0,0.0,0.0,0.0,0.0,0.0,0.0,0.0,0.0,1.0,0.0,0.0,0.0,0.0,1.0,0.0,0.0,1.0,3,2,0.27119565217391306,249.5,0.004524886877828055,3,0
1999.0,2.0,1999.0,30.0,62.0,58392.0,1,1741,199,3,6,0,3,1.0,0.0,0.0,0.0,0.0,0.0,0.0,0.0,0.0,0.0,0.0,0.0,0.0,0.0,0.0,0.0,0.0,0.0,2.0,0,2,1.1475315729047073,999.5,0.005,0,0
428.0,1.0,499.0,50.0,37.0,160641.0,1,1865,177,4,0,0,2,0.0,0.0,0.0,0.0,0.0,0.0,0.0,0.0,0.0,0.0,0.0,0.0,0.0,1.0,0.0,1.0,0.0,0.0,1.0,2,1,0.22936763129689175,428.0,0.0056179775280898875,2,0
499.0,2.0,499.0,50.0,47.0,169765.0,1,2036,28,9,2,0,0,0.0,0.0,0.0,0.0,0.0,0.0,0.0,0.0,0.0,0.0,0.0,1.0,0.0,0.0,0.0,1.0,0.0,0.0,1.0,3,2,0.24496809032891506,249.5,0.034482758620689655,3,0
2599.0,3.0,2599.0,20.0,45.0,92954.0,1,1927,71,8,1,1,0,0.0,0.0,0.0,0.0,0.0,0.0,0.0,0.0,0.0,0.0,0.0,0.0,0.0,0.0,0.0,0.0,1.0,0.0,4.0,1,1,1.3480290456431536,2599.0,0.013888888888888888,1,0
499.0,2.0,499.0,50.0,61.0,46928.0,1,1522,209,3,3,0,3,0.0,0.0,0.0,0.0,0.0,0.0,1.0,0.0,0.0,0.0,0.0,0.0,0.0,0.0,0.0,1.0,0.0,0.0,1.0,0,1,0.32764281024294156,499.0,0.004761904761904762,0,0
1271.0,2.0,1299.0,25.0,41.0,143287.0,1,1452,13,10,3,0,1,0.0,0.0,0.0,0.0,0.0,0.0,0.0,1.0,0.0,0.0,0.0,0.0,0.0,0.0,0.0,0.0,0.0,1.0,5.0,2,1,0.874741913282863,1271.0,0.07142857142857142,2,0
1999.0,2.0,1999.0,30.0,39.0,85428.0,1,1431,254,2,0,1,5,0.0,0.0,0.0,0.0,0.0,0.0,0.0,0.0,0.0,0.0,1.0,0.0,0.0,0.0,0.0,0.0,0.0,0.0,2.0,1,2,1.395949720670391,999.5,0.00392156862745098,1,0
899.0,1.0,899.0,60.0,19.0,180237.0,1,1285,258,1,3,1,1,0.0,0.0,0.0,0.0,0.0,0.0,0.0,1.0,0.0,0.0,0.0,0.0,0.0,0.0,1.0,0.0,0.0,0.0,3.0,3,2,0.6990668740279938,449.5,0.003861003861003861,3,0
899.0,2.0,899.0,60.0,62.0,103588.0,1,2093,259,1,2,1,3,0.0,0.0,0.0,0.0,0.0,1.0,0.0,0.0,0.0,0.0,0.0,0.0,0.0,0.0,1.0,0.0,0.0,0.0,3.0,1,3,0.42932187201528177,299.6666666666667,0.0038461538461538464,1,1
2599.0,1.0,2599.0,20.0,49.0,182727.0,1,1643,226,3,0,1,1,0.0,0.0,0.0,0.0,0.0,0.0,0.0,0.0,0.0,0.0,0.0,0.0,0.0,1.0,0.0,0.0,1.0,0.0,4.0,3,1,1.5809002433090025,2599.0,0.004405286343612335,3,0
699.0,2.0,699.0,40.0,64.0,158440.0,1,1273,33,9,4,0,1,0.0,0.0,0.0,0.0,0.0,0.0,0.0,0.0,0.0,1.0,0.0,0.0,0.0,0.0,0.0,0.0,0.0,0.0,0.0,2,3,0.5486656200941915,233.0,0.029411764705882353,2,1
1999.0,1.0,1999.0,30.0,38.0,40074.0,1,1788,155,5,1,0,5,1.0,0.0,0.0,0.0,0.0,0.0,0.0,0.0,0.0,0.0,0.0,0.0,0.0,0.0,0.0,0.0,0.0,0.0,2.0,0,3,1.117384013415316,666.3333333333334,0.00641025641025641,0,1
699.0,1.0,699.0,40.0,42.0,184044.0,1,1632,227,3,6,1,2,0.0,0.0,0.0,0.0,0.0,0.0,0.0,0.0,1.0,0.0,0.0,0.0,0.0,0.0,0.0,0.0,0.0,0.0,0.0,3,2,0.4280465401102266,349.5,0.0043859649122807015,3,0
899.0,3.0,899.0,60.0,46.0,128899.0,1,1792,153,5,3,0,4,0.0,0.0,0.0,0.0,0.0,0.0,0.0,0.0,1.0,0.0,0.0,0.0,0.0,0.0,1.0,0.0,0.0,0.0,3.0,2,3,0.5013943112102621,299.6666666666667,0.006493506493506494,2,1
1999.0,3.0,1999.0,30.0,61.0,105090.0,1,2048,54,8,4,1,0,0.0,0.0,0.0,0.0,0.0,1.0,0.0,0.0,0.0,0.0,0.0,0.0,0.0,0.0,0.0,0.0,0.0,0.0,2.0,1,2,0.9755978526110298,999.5,0.01818181818181818,1,0
499.0,2.0,499.0,50.0,41.916349767565215,188553.0,1,1158,202,3,3,0,3,0.0,0.0,0.0,1.0,0.0,0.0,0.0,0.0,0.0,0.0,0.0,0.0,0.0,0.0,0.0,1.0,0.0,0.0,1.0,3,2,0.43054357204486626,249.5,0.0049261083743842365,3,0
1299.0,1.0,1299.0,25.0,24.0,96272.0,1,1796,228,3,5,0,3,0.0,0.0,0.0,0.0,0.0,0.0,0.0,0.0,0.0,1.0,0.0,0.0,0.0,0.0,0.0,0.0,0.0,1.0,5.0,1,1,0.7228714524207012,1299.0,0.004366812227074236,1,0
1939.0,1.0,1999.0,30.0,62.0,193824.0,1,1241,162,5,1,1,4,0.0,0.0,0.0,0.0,0.0,0.0,0.0,0.0,0.0,0.0,1.0,0.0,0.0,0.0,0.0,0.0,0.0,0.0,2.0,3,3,1.5611916264090178,646.3333333333334,0.006134969325153374,3,1
1299.0,1.0,1299.0,25.0,49.0,38489.0,1,1244,196,4,2,1,1,0.0,0.0,0.0,0.0,0.0,0.0,0.0,0.0,0.0,0.0,0.0,0.0,1.0,0.0,0.0,0.0,0.0,1.0,5.0,0,2,1.0433734939759036,649.5,0.005076142131979695,0,0
2599.0,2.0,2599.0,20.0,58.0,112051.0,1,1464,173,4,4,1,0,0.0,0.0,0.0,0.0,0.0,0.0,0.0,0.0,0.0,0.0,0.0,0.0,0.0,1.0,0.0,0.0,1.0,0.0,4.0,1,3,1.774061433447099,866.3333333333334,0.005747126436781609,1,1
899.0,1.0,899.0,60.0,45.0,43705.0,1,2099,149,5,0,0,2,0.0,0.0,0.0,0.0,0.0,0.0,0.0,0.0,0.0,0.0,0.0,0.0,0.0,1.0,1.0,0.0,0.0,0.0,3.0,0,2,0.4280952380952381,449.5,0.006666666666666667,0,0
1299.0,1.0,1299.0,25.0,56.0,32763.0,1,1203,261,1,0,1,5,0.0,0.0,1.0,0.0,0.0,0.0,0.0,0.0,0.0,0.0,0.0,0.0,0.0,0.0,0.0,0.0,0.0,1.0,5.0,0,2,1.0789036544850499,649.5,0.003816793893129771,0,0
1999.0,2.0,1999.0,30.0,39.0,137235.0,1,1402,252,2,2,0,0,0.0,0.0,0.0,0.0,0.0,1.0,0.0,0.0,0.0,0.0,0.0,0.0,0.0,0.0,0.0,0.0,0.0,0.0,2.0,2,1,1.4248039914468995,1999.0,0.003952569169960474,2,0
1299.0,1.0,1299.0,25.0,64.0,141251.0,1,1345,120,6,1,1,2,0.0,0.0,0.0,0.0,0.0,0.0,1.0,0.0,0.0,0.0,0.0,0.0,0.0,0.0,0.0,0.0,0.0,1.0,5.0,2,2,0.9650817236255572,649.5,0.008264462809917356,2,0
789.0,3.0,899.0,60.0,58.0,112051.0,1,1440,132,6,3,1,3,0.0,0.0,0.0,0.0,0.0,0.0,0.0,0.0,0.0,0.0,0.0,0.0,0.0,1.0,1.0,0.0,0.0,0.0,3.0,1,3,0.5475364330326162,263.0,0.007518796992481203,1,1
699.0,1.0,699.0,40.0,56.0,70939.0,1,1301,35,9,2,1,3,0.0,0.0,0.0,0.0,0.0,0.0,0.0,0.0,0.0,1.0,0.0,0.0,0.0,0.0,0.0,0.0,0.0,0.0,0.0,1,3,0.5368663594470046,233.0,0.027777777777777776,1,1
1999.0,1.0,1999.0,30.0,27.0,28770.0,1,1353,210,3,2,1,1,0.0,0.0,0.0,0.0,0.0,0.0,0.0,0.0,1.0,0.0,0.0,0.0,0.0,0.0,0.0,0.0,0.0,0.0,2.0,0,5,1.4763663220088625,399.8,0.004739336492890996,0,1
832.0,2.0,899.0,60.0,48.0,157416.0,1,1556,283,1,6,0,5,1.0,0.0,0.0,0.0,0.0,0.0,0.0,0.0,0.0,0.0,0.0,0.0,0.0,0.0,1.0,0.0,0.0,0.0,3.0,2,3,0.5343609505459217,277.3333333333333,0.0035211267605633804,2,1
2599.0,1.0,2599.0,20.0,46.0,193540.0,1,1512,130,6,5,0,5,0.0,0.0,0.0,0.0,0.0,1.0,0.0,0.0,0.0,0.0,0.0,0.0,0.0,0.0,0.0,0.0,1.0,0.0,4.0,3,2,1.7177792465300727,1299.5,0.007633587786259542,3,0
1999.0,1.0,1999.0,30.0,49.0,61321.0,1,1665,36,9,1,0,0,0.0,0.0,1.0,0.0,0.0,0.0,0.0,0.0,0.0,0.0,0.0,0.0,0.0,0.0,0.0,0.0,0.0,0.0,2.0,0,2,1.1998799519807923,999.5,0.02702702702702703,0,0
699.0,1.0,699.0,40.0,22.0,164355.0,1,1737,265,1,3,1,4,0.0,0.0,0.0,0.0,0.0,0.0,0.0,0.0,0.0,0.0,0.0,0.0,0.0,0.0,0.0,0.0,0.0,0.0,0.0,3,3,0.40218642117376296,233.0,0.0037593984962406013,3,1
1999.0,3.0,1999.0,30.0,53.0,140234.0,1,1783,53,8,5,0,2,0.0,0.0,0.0,0.0,0.0,0.0,0.0,0.0,0.0,0.0,0.0,1.0,0.0,0.0,0.0,0.0,0.0,0.0,2.0,2,4,1.1205156950672646,499.75,0.018518518518518517,2,1
1736.0,3.0,1999.0,30.0,43.0,109570.0,1,1796,249,2,5,1,0,0.0,0.0,0.0,0.0,0.0,0.0,1.0,0.0,0.0,0.0,0.0,0.0,0.0,0.0,0.0,0.0,0.0,0.0,2.0,1,3,0.9660545353366722,578.6666666666666,0.004,1,1
499.0,2.0,499.0,50.0,38.0,66305.0,1,1411,166,5,4,1,1,0.0,0.0,1.0,0.0,0.0,0.0,0.0,0.0,0.0,0.0,0.0,0.0,0.0,0.0,0.0,1.0,0.0,0.0,1.0,0,1,0.35339943342776203,499.0,0.005988023952095809,0,0
1299.0,2.0,1299.0,25.0,22.0,88099.0,1,2042,120,6,1,0,0,0.0,0.0,0.0,0.0,0.0,0.0,1.0,0.0,0.0,0.0,0.0,0.0,0.0,0.0,0.0,0.0,0.0,1.0,5.0,1,4,0.6358296622613803,324.75,0.008264462809917356,1,1
1299.0,3.0,1299.0,25.0,63.0,30800.0,1,1519,218,3,1,0,1,0.0,0.0,0.0,0.0,0.0,0.0,1.0,0.0,0.0,0.0,0.0,0.0,0.0,0.0,0.0,0.0,0.0,1.0,5.0,0,2,0.8546052631578948,649.5,0.0045662100456621,0,0
699.0,2.0,699.0,40.0,58.0,129787.0,1,1791,49,8,2,1,0,0.0,0.0,0.0,0.0,1.0,0.0,0.0,0.0,0.0,0.0,0.0,0.0,0.0,0.0,0.0,0.0,0.0,0.0,0.0,2,3,0.3900669642857143,233.0,0.02,2,1
499.0,2.0,499.0,50.0,23.0,62891.0,1,1625,56,8,2,0,1,0.0,0.0,0.0,0.0,1.0,0.0,0.0,0.0,0.0,0.0,0.0,0.0,0.0,0.0,0.0,1.0,0.0,0.0,1.0,0,1,0.3068880688806888,499.0,0.017543859649122806,0,0
1299.0,3.0,1299.0,25.0,54.0,162055.0,1,2092,207,3,5,0,4,0.0,0.0,0.0,0.0,0.0,0.0,0.0,0.0,1.0,0.0,0.0,0.0,0.0,0.0,0.0,0.0,0.0,1.0,5.0,3,2,0.6206402293358815,649.5,0.004807692307692308,3,0
2599.0,2.0,2599.0,20.0,39.0,196325.0,1,1247,177,4,0,0,4,0.0,0.0,0.0,0.0,0.0,1.0,0.0,0.0,0.0,0.0,0.0,0.0,0.0,0.0,0.0,0.0,1.0,0.0,4.0,3,2,2.082532051282051,1299.5,0.0056179775280898875,3,0
499.0,3.0,499.0,50.0,54.0,96971.0,1,1752,85,7,1,0,2,0.0,0.0,0.0,0.0,0.0,0.0,1.0,0.0,0.0,0.0,0.0,0.0,0.0,0.0,0.0,1.0,0.0,0.0,1.0,1,3,0.28465487735310896,166.33333333333334,0.011627906976744186,1,1
2599.0,2.0,2599.0,20.0,45.0,50620.0,1,1611,272,1,3,1,1,0.0,0.0,0.0,0.0,0.0,0.0,0.0,0.0,0.0,0.0,0.0,1.0,0.0,0.0,0.0,0.0,1.0,0.0,4.0,0,2,1.6122828784119108,1299.5,0.003663003663003663,0,0
899.0,1.0,899.0,60.0,43.0,182777.0,1,1240,160,5,3,1,3,0.0,1.0,0.0,0.0,0.0,0.0,0.0,0.0,0.0,0.0,0.0,0.0,0.0,0.0,1.0,0.0,0.0,0.0,3.0,3,2,0.7244157937147462,449.5,0.006211180124223602,3,0
499.0,1.0,499.0,50.0,47.0,25774.0,1,2002,225,3,1,0,1,0.0,0.0,1.0,0.0,0.0,0.0,0.0,0.0,0.0,0.0,0.0,0.0,0.0,0.0,0.0,1.0,0.0,0.0,1.0,0,2,0.2491263105341987,249.5,0.004424778761061947,0,0
699.0,3.0,699.0,40.0,23.0,110353.0,1,1517,97,7,3,0,0,0.0,0.0,0.0,0.0,0.0,0.0,0.0,1.0,0.0,0.0,0.0,0.0,0.0,0.0,0.0,0.0,0.0,0.0,0.0,1,1,0.46047430830039526,699.0,0.01020408163265306,1,0
2422.0,1.0,2599.0,20.0,58.0,87990.0,1,1956,276,1,6,1,4,0.0,0.0,0.0,0.0,0.0,1.0,0.0,0.0,0.0,0.0,0.0,0.0,0.0,0.0,0.0,0.0,1.0,0.0,4.0,1,1,1.2376085845682168,2422.0,0.0036101083032490976,1,0
2599.0,2.0,2599.0,20.0,20.0,113502.14499482924,1,1271,240,2,0,0,1,0.0,0.0,0.0,0.0,0.0,0.0,0.0,0.0,0.0,1.0,0.0,0.0,0.0,0.0,0.0,0.0,1.0,0.0,4.0,1,2,2.0432389937106916,1299.5,0.004149377593360996,1,0
499.0,3.0,499.0,50.0,39.0,54964.0,1,1547,201,3,4,0,4,0.0,0.0,0.0,0.0,0.0,0.0,0.0,0.0,1.0,0.0,0.0,0.0,0.0,0.0,0.0,1.0,0.0,0.0,1.0,0,1,0.32235142118863047,499.0,0.0049504950495049506,0,0
2599.0,3.0,2599.0,20.0,57.0,33140.0,1,1541,92,7,1,0,4,0.0,0.0,0.0,0.0,0.0,1.0,0.0,0.0,0.0,0.0,0.0,0.0,0.0,0.0,0.0,0.0,1.0,0.0,4.0,0,2,1.685473411154345,1299.5,0.010752688172043012,0,0
699.0,2.0,699.0,40.0,29.0,75718.0,1,1483,147,5,2,1,1,0.0,0.0,0.0,0.0,0.0,1.0,0.0,0.0,0.0,0.0,0.0,0.0,0.0,0.0,0.0,0.0,0.0,0.0,0.0,1,1,0.47102425876010784,699.0,0.006756756756756757,1,0
654.0,2.0,699.0,40.0,39.0,94071.0,1,1176,136,6,6,1,1,0.0,0.0,0.0,0.0,1.0,0.0,0.0,0.0,0.0,0.0,0.0,0.0,0.0,0.0,0.0,0.0,0.0,0.0,0.0,1,2,0.5556499575191164,327.0,0.0072992700729927005,1,0
1999.0,2.0,1999.0,30.0,52.0,27345.0,1,2101,144,5,5,1,4,0.0,0.0,0.0,0.0,1.0,0.0,0.0,0.0,0.0,0.0,0.0,0.0,0.0,0.0,0.0,0.0,0.0,0.0,2.0,0,1,0.9509990485252141,1999.0,0.006896551724137931,0,0
899.0,3.0,899.0,60.0,26.0,46806.0,1,1344,160,5,3,1,3,0.0,0.0,0.0,0.0,0.0,0.0,0.0,0.0,0.0,0.0,1.0,0.0,0.0,0.0,1.0,0.0,0.0,0.0,3.0,0,2,0.6684014869888476,449.5,0.006211180124223602,0,0
1999.0,2.0,1999.0,30.0,64.0,101348.0,1,1234,104,7,3,1,0,0.0,0.0,0.0,0.0,0.0,0.0,0.0,0.0,1.0,0.0,0.0,0.0,0.0,0.0,0.0,0.0,0.0,0.0,2.0,1,1,1.6186234817813765,1999.0,0.009523809523809525,1,0
899.0,2.0,899.0,60.0,47.0,152197.0,1,1376,30,9,0,1,3,0.0,0.0,0.0,0.0,0.0,0.0,0.0,0.0,0.0,1.0,0.0,0.0,0.0,0.0,1.0,0.0,0.0,0.0,3.0,2,2,0.6528685548293391,449.5,0.03225806451612903,2,0
1299.0,1.0,1299.0,25.0,19.0,158999.0,1,1865,175,4,2,0,2,0.0,0.0,0.0,0.0,0.0,0.0,0.0,0.0,0.0,0.0,0.0,0.0,0.0,0.0,0.0,0.0,0.0,1.0,5.0,2,2,0.6961414790996785,649.5,0.005681818181818182,2,0
1284.0,3.0,1299.0,25.0,64.0,22011.0,1,1172,104,7,3,0,3,0.0,0.0,0.0,0.0,0.0,0.0,1.0,0.0,0.0,0.0,0.0,0.0,0.0,0.0,0.0,0.0,0.0,1.0,5.0,0,1,1.0946291560102301,1284.0,0.009523809523809525,0,0
699.0,2.0,699.0,40.0,53.0,60372.0,1,1167,164,5,6,1,5,0.0,0.0,0.0,0.0,0.0,0.0,0.0,0.0,0.0,0.0,0.0,0.0,1.0,0.0,0.0,0.0,0.0,0.0,0.0,0,1,0.598458904109589,699.0,0.006060606060606061,0,0
2571.0,2.0,2599.0,20.0,49.0,125487.0,1,1230,89,7,4,1,1,0.0,0.0,1.0,0.0,0.0,0.0,0.0,0.0,0.0,0.0,0.0,0.0,0.0,0.0,0.0,0.0,1.0,0.0,4.0,2,3,2.0885458976441917,857.0,0.011111111111111112,2,1
699.0,3.0,699.0,40.0,37.0,81516.0,1,1774,125,6,3,0,3,0.0,0.0,0.0,0.0,0.0,0.0,0.0,0.0,0.0,0.0,0.0,0.0,1.0,0.0,0.0,0.0,0.0,0.0,0.0,1,1,0.39380281690140845,699.0,0.007936507936507936,1,0
1299.0,3.0,1299.0,25.0,42.0,85087.0,1,1523,107,6,0,1,4,0.0,0.0,0.0,0.0,0.0,0.0,0.0,0.0,0.0,0.0,0.0,1.0,0.0,0.0,0.0,0.0,0.0,1.0,5.0,1,2,0.8523622047244095,649.5,0.009259259259259259,1,0
699.0,3.0,699.0,40.0,22.0,181162.0,1,1205,35,9,2,1,1,0.0,0.0,0.0,0.0,0.0,0.0,1.0,0.0,0.0,0.0,0.0,0.0,0.0,0.0,0.0,0.0,0.0,0.0,0.0,3,3,0.5796019900497512,233.0,0.027777777777777776,3,1
699.0,1.0,699.0,40.0,55.0,181326.0,1,1679,259,1,2,0,4,0.0,0.0,0.0,0.0,0.0,0.0,0.0,1.0,0.0,0.0,0.0,0.0,0.0,0.0,0.0,0.0,0.0,0.0,0.0,3,1,0.4160714285714286,699.0,0.0038461538461538464,3,0
640.0,1.0,699.0,40.0,55.0,113506.91764788012,1,2004,184,4,0,0,2,0.0,0.0,0.0,0.0,0.0,0.0,1.0,0.0,0.0,0.0,0.0,0.0,0.0,0.0,0.0,0.0,0.0,0.0,0.0,2,2,0.3192019950124688,320.0,0.005405405405405406,2,0
2599.0,1.0,2599.0,20.0,38.0,25105.0,1,2032,257,1,4,0,2,0.0,1.0,0.0,0.0,0.0,0.0,0.0,0.0,0.0,0.0,0.0,0.0,0.0,0.0,0.0,0.0,1.0,0.0,4.0,0,2,1.2784062961141172,1299.5,0.003875968992248062,0,0
1999.0,3.0,1999.0,30.0,54.0,96971.0,1,2043,231,2,2,0,1,0.0,0.0,0.0,0.0,0.0,0.0,1.0,0.0,0.0,0.0,0.0,0.0,0.0,0.0,0.0,0.0,0.0,0.0,2.0,1,3,0.9779843444227005,666.3333333333334,0.004310344827586207,1,1
1299.0,3.0,1299.0,25.0,62.0,58392.0,1,2026,85,7,1,0,2,1.0,0.0,0.0,0.0,0.0,0.0,0.0,0.0,0.0,0.0,0.0,0.0,0.0,0.0,0.0,0.0,0.0,1.0,5.0,0,2,0.6408485446472619,649.5,0.011627906976744186,0,0
1299.0,3.0,1299.0,25.0,34.0,144917.0,1,2086,207,3,5,0,1,0.0,0.0,0.0,0.0,1.0,0.0,0.0,0.0,0.0,0.0,0.0,0.0,0.0,0.0,0.0,0.0,0.0,1.0,5.0,2,2,0.6224245328222329,649.5,0.004807692307692308,2,0
899.0,1.0,899.0,60.0,61.0,96449.0,1,1681,125,6,3,0,0,0.0,0.0,0.0,0.0,0.0,1.0,0.0,0.0,0.0,0.0,0.0,0.0,0.0,0.0,1.0,0.0,0.0,0.0,3.0,1,2,0.5344827586206896,449.5,0.007936507936507936,1,0
1999.0,1.0,1999.0,30.0,64.0,158440.0,1,2033,105,7,2,0,3,0.0,0.0,0.0,0.0,0.0,0.0,0.0,0.0,0.0,1.0,0.0,0.0,0.0,0.0,0.0,0.0,0.0,0.0,2.0,2,3,0.9827925270403146,666.3333333333334,0.009433962264150943,2,1
1999.0,3.0,1999.0,30.0,27.0,54228.0,1,1676,130,6,5,0,0,0.0,0.0,0.0,0.0,0.0,0.0,0.0,0.0,0.0,0.0,0.0,0.0,0.0,0.0,0.0,0.0,0.0,0.0,2.0,0,1,1.1920095408467501,1999.0,0.007633587786259542,0,0
1299.0,3.0,1299.0,25.0,45.0,137886.0,1,1785,287,1,2,0,5,0.0,1.0,0.0,0.0,0.0,0.0,0.0,0.0,0.0,0.0,0.0,0.0,0.0,0.0,0.0,0.0,0.0,1.0,5.0,2,2,0.7273236282194849,649.5,0.003472222222222222,2,0
1999.0,1.0,1999.0,30.0,61.0,96449.0,1,1698,271,1,4,0,3,0.0,0.0,0.0,0.0,0.0,1.0,0.0,0.0,0.0,0.0,0.0,0.0,0.0,0.0,0.0,0.0,0.0,0.0,2.0,1,2,1.1765744555620954,999.5,0.003676470588235294,1,0
1299.0,3.0,1299.0,25.0,55.0,113505.36260863047,1,1864,174,4,3,0,3,0.0,0.0,0.0,0.0,0.0,0.0,1.0,0.0,0.0,0.0,0.0,0.0,0.0,0.0,0.0,0.0,0.0,1.0,5.0,1,2,0.696514745308311,649.5,0.005714285714285714,1,0
499.0,3.0,499.0,50.0,29.0,169960.0,1,2054,118,6,3,1,1,0.0,0.0,0.0,0.0,0.0,0.0,0.0,0.0,0.0,0.0,0.0,0.0,0.0,1.0,0.0,1.0,0.0,0.0,1.0,3,1,0.24282238442822385,499.0,0.008403361344537815,3,0
699.0,3.0,699.0,40.0,57.0,193063.0,1,1187,202,3,3,1,2,0.0,0.0,0.0,0.0,0.0,0.0,0.0,0.0,0.0,0.0,0.0,0.0,0.0,1.0,0.0,0.0,0.0,0.0,0.0,3,2,0.5883838383838383,349.5,0.0049261083743842365,3,0
499.0,2.0,499.0,50.0,41.98747146863274,196806.0,1,1470,116,6,5,1,5,0.0,0.0,0.0,0.0,1.0,0.0,0.0,0.0,0.0,0.0,0.0,0.0,0.0,0.0,0.0,1.0,0.0,0.0,1.0,3,1,0.3392250169952413,499.0,0.008547008547008548,3,0
1299.0,2.0,1299.0,25.0,41.0,113505.36218452758,1,1519,253,2,1,1,5,0.0,0.0,0.0,0.0,0.0,0.0,0.0,1.0,0.0,0.0,0.0,0.0,0.0,0.0,0.0,0.0,0.0,1.0,5.0,1,2,0.8546052631578948,649.5,0.003937007874015748,1,0
499.0,2.0,499.0,50.0,33.0,113507.34241335974,1,1152,90,7,3,1,4,0.0,0.0,0.0,0.0,0.0,0.0,0.0,0.0,0.0,0.0,0.0,0.0,0.0,0.0,0.0,1.0,0.0,0.0,1.0,2,2,0.4327840416305291,249.5,0.01098901098901099,2,0
899.0,2.0,899.0,60.0,27.0,28770.0,1,1214,35,9,2,1,0,0.0,0.0,0.0,0.0,0.0,0.0,0.0,0.0,1.0,0.0,0.0,0.0,0.0,0.0,1.0,0.0,0.0,0.0,3.0,0,5,0.739917695473251,179.8,0.027777777777777776,0,1
1999.0,1.0,1999.0,30.0,63.0,188123.0,1,1286,172,4,5,1,0,0.0,0.0,0.0,0.0,0.0,0.0,0.0,1.0,0.0,0.0,0.0,0.0,0.0,0.0,0.0,0.0,0.0,0.0,2.0,3,3,1.5532245532245532,666.3333333333334,0.005780346820809248,3,1
499.0,1.0,499.0,50.0,47.0,120158.0,1,1456,137,5,5,0,4,0.0,0.0,0.0,0.0,0.0,0.0,0.0,0.0,0.0,1.0,0.0,0.0,0.0,0.0,0.0,1.0,0.0,0.0,1.0,2,4,0.34248455730954014,124.75,0.007246376811594203,2,1
1299.0,1.0,1299.0,25.0,64.0,113808.0,1,1274,112,6,2,1,4,0.0,0.0,0.0,0.0,0.0,0.0,0.0,0.0,0.0,0.0,0.0,0.0,0.0,0.0,0.0,0.0,0.0,1.0,5.0,2,3,1.0188235294117647,433.0,0.008849557522123894,2,1
899.0,1.0,899.0,60.0,37.0,88803.0,1,1908,7,10,2,0,4,0.0,0.0,0.0,1.0,0.0,0.0,0.0,0.0,0.0,0.0,0.0,0.0,0.0,0.0,1.0,0.0,0.0,0.0,3.0,1,1,0.4709271870089052,899.0,0.125,1,0
1999.0,2.0,1999.0,30.0,52.0,180381.0,1,1224,272,1,3,1,0,0.0,0.0,0.0,0.0,0.0,1.0,0.0,0.0,0.0,0.0,0.0,0.0,0.0,0.0,0.0,0.0,0.0,0.0,2.0,3,1,1.6318367346938776,1999.0,0.003663003663003663,3,0
2599.0,1.0,2599.0,20.0,19.0,130659.0,1,1750,207,3,5,0,0,0.0,0.0,0.0,0.0,1.0,0.0,0.0,0.0,0.0,0.0,0.0,0.0,0.0,0.0,0.0,0.0,1.0,0.0,4.0,2,3,1.484294688749286,866.3333333333334,0.004807692307692308,2,1
1299.0,3.0,1299.0,25.0,34.0,144917.0,1,1206,78,7,1,0,1,0.0,0.0,0.0,0.0,1.0,0.0,0.0,0.0,0.0,0.0,0.0,0.0,0.0,0.0,0.0,0.0,0.0,1.0,5.0,2,2,1.076222038111019,649.5,0.012658227848101266,2,0
2599.0,3.0,2599.0,20.0,36.0,175289.0,1,1861,152,5,4,0,3,0.0,0.0,0.0,0.0,0.0,0.0,0.0,0.0,0.0,0.0,0.0,0.0,1.0,0.0,0.0,0.0,1.0,0.0,4.0,3,3,1.3958109559613319,866.3333333333334,0.006535947712418301,3,1
1299.0,3.0,1299.0,25.0,52.0,98229.0,1,1449,86,7,0,1,4,1.0,0.0,0.0,0.0,0.0,0.0,0.0,0.0,0.0,0.0,0.0,0.0,0.0,0.0,0.0,0.0,0.0,1.0,5.0,1,1,0.8958620689655172,1299.0,0.011494252873563218,1,0
899.0,2.0,899.0,60.0,30.0,159076.0,1,1260,286,1,3,0,2,0.0,0.0,0.0,0.0,0.0,0.0,0.0,0.0,0.0,0.0,0.0,0.0,1.0,0.0,1.0,0.0,0.0,0.0,3.0,2,3,0.7129262490087233,299.6666666666667,0.003484320557491289,2,1
1299.0,1.0,1299.0,25.0,58.0,167603.0,1,1715,42,9,2,0,5,0.0,0.0,0.0,0.0,0.0,0.0,0.0,0.0,0.0,0.0,1.0,0.0,0.0,0.0,0.0,0.0,0.0,1.0,5.0,3,2,0.756993006993007,649.5,0.023255813953488372,3,0
499.0,1.0,499.0,50.0,61.0,179210.0,1,1227,138,5,4,1,5,0.0,0.0,0.0,1.0,0.0,0.0,0.0,0.0,0.0,0.0,0.0,0.0,0.0,0.0,0.0,1.0,0.0,0.0,1.0,3,3,0.40635179153094464,166.33333333333334,0.007194244604316547,3,1
499.0,2.0,499.0,50.0,18.0,191033.0,1,1989,46,8,5,0,0,0.0,0.0,0.0,0.0,0.0,0.0,0.0,0.0,0.0,0.0,0.0,0.0,1.0,0.0,0.0,1.0,0.0,0.0,1.0,3,1,0.2507537688442211,499.0,0.02127659574468085,3,0
2599.0,2.0,2599.0,20.0,35.0,37297.0,1,1490,9,10,0,1,5,0.0,0.0,0.0,1.0,0.0,0.0,0.0,0.0,0.0,0.0,0.0,0.0,0.0,0.0,0.0,0.0,1.0,0.0,4.0,0,2,1.7431254191817571,1299.5,0.1,0,0
1299.0,2.0,1299.0,25.0,54.0,40567.0,1,1268,192,4,6,1,2,0.0,0.0,0.0,0.0,0.0,0.0,1.0,0.0,0.0,0.0,0.0,0.0,0.0,0.0,0.0,0.0,0.0,1.0,5.0,0,1,1.0236406619385343,1299.0,0.0051813471502590676,0,0
1299.0,2.0,1299.0,25.0,31.0,41223.0,1,1527,172,4,5,0,2,0.0,0.0,0.0,0.0,0.0,0.0,0.0,0.0,0.0,1.0,0.0,0.0,0.0,0.0,0.0,0.0,0.0,1.0,5.0,0,2,0.850130890052356,649.5,0.005780346820809248,0,0
499.0,1.0,499.0,50.0,22.0,181162.0,1,1428,238,2,2,1,5,0.0,0.0,0.0,0.0,0.0,0.0,1.0,0.0,0.0,0.0,0.0,0.0,0.0,0.0,0.0,1.0,0.0,0.0,1.0,3,3,0.34919524142757175,166.33333333333334,0.0041841004184100415,3,1
1299.0,3.0,1299.0,25.0,25.0,69437.0,1,1620,171,4,6,0,0,0.0,0.0,0.0,0.0,0.0,0.0,0.0,0.0,0.0,1.0,0.0,0.0,0.0,0.0,0.0,0.0,0.0,1.0,5.0,1,1,0.8013571869216533,1299.0,0.005813953488372093,1,0
899.0,3.0,899.0,60.0,19.0,62080.0,1,1276,13,10,3,0,0,0.0,0.0,0.0,0.0,0.0,0.0,1.0,0.0,0.0,0.0,0.0,0.0,0.0,0.0,1.0,0.0,0.0,0.0,3.0,0,2,0.7039937353171496,449.5,0.07142857142857142,0,0
899.0,2.0,899.0,60.0,40.0,187340.0,1,1694,44,9,0,0,1,0.0,0.0,0.0,1.0,0.0,0.0,0.0,0.0,0.0,0.0,0.0,0.0,0.0,0.0,1.0,0.0,0.0,0.0,3.0,3,3,0.5303834808259587,299.6666666666667,0.022222222222222223,3,1
899.0,3.0,899.0,60.0,38.0,113506.3534579491,1,1919,270,1,5,1,5,0.0,0.0,0.0,0.0,0.0,0.0,0.0,0.0,0.0,1.0,0.0,0.0,0.0,0.0,1.0,0.0,0.0,0.0,3.0,2,3,0.46822916666666664,299.6666666666667,0.0036900369003690036,2,1
1999.0,1.0,1999.0,30.0,33.0,20587.0,1,1774,212,3,0,0,5,0.0,0.0,0.0,0.0,0.0,1.0,0.0,0.0,0.0,0.0,0.0,0.0,0.0,0.0,0.0,0.0,0.0,0.0,2.0,0,2,1.1261971830985915,999.5,0.004694835680751174,0,0
899.0,1.0,899.0,60.0,22.0,113506.35292322714,1,1411,179,4,5,1,1,1.0,0.0,0.0,0.0,0.0,0.0,0.0,0.0,0.0,0.0,0.0,0.0,0.0,0.0,1.0,0.0,0.0,0.0,3.0,1,2,0.636685552407932,449.5,0.005555555555555556,1,0
499.0,1.0,499.0,50.0,52.0,79765.0,1,1303,65,8,0,1,5,0.0,0.0,0.0,0.0,0.0,0.0,0.0,0.0,1.0,0.0,0.0,0.0,0.0,0.0,0.0,1.0,0.0,0.0,1.0,1,1,0.38266871165644173,499.0,0.015151515151515152,1,0
2599.0,2.0,2599.0,20.0,45.0,195481.0,1,2037,155,5,1,0,3,0.0,0.0,0.0,0.0,0.0,0.0,0.0,0.0,0.0,0.0,0.0,0.0,0.0,0.0,0.0,0.0,1.0,0.0,4.0,3,1,1.275269872423945,2599.0,0.00641025641025641,3,0
2599.0,2.0,2599.0,20.0,51.0,25744.0,1,1693,243,2,4,1,4,0.0,0.0,0.0,0.0,0.0,0.0,0.0,1.0,0.0,0.0,0.0,0.0,0.0,0.0,0.0,0.0,1.0,0.0,4.0,0,1,1.5342384887839433,2599.0,0.004098360655737705,0,0
899.0,2.0,899.0,60.0,26.0,166108.0,1,1522,21,9,2,0,2,0.0,0.0,0.0,0.0,0.0,0.0,0.0,0.0,0.0,0.0,0.0,0.0,1.0,0.0,1.0,0.0,0.0,0.0,3.0,3,2,0.5902823374917925,449.5,0.045454545454545456,3,0
499.0,2.0,499.0,50.0,23.0,113507.34213960056,1,1290,20,9,3,1,3,0.0,0.0,0.0,0.0,0.0,0.0,0.0,0.0,0.0,0.0,0.0,1.0,0.0,0.0,0.0,1.0,0.0,0.0,1.0,2,2,0.3865220759101472,249.5,0.047619047619047616,2,0
899.0,1.0,899.0,60.0,25.0,147896.0,1,2000,236,2,4,1,3,0.0,1.0,0.0,0.0,0.0,0.0,0.0,0.0,0.0,0.0,0.0,0.0,0.0,0.0,1.0,0.0,0.0,0.0,3.0,2,3,0.4492753623188406,299.6666666666667,0.004219409282700422,2,1
499.0,2.0,499.0,50.0,33.0,142232.0,1,1904,111,6,3,1,3,0.0,0.0,0.0,1.0,0.0,0.0,0.0,0.0,0.0,0.0,0.0,0.0,0.0,0.0,0.0,1.0,0.0,0.0,1.0,2,1,0.26194225721784775,499.0,0.008928571428571428,2,0
899.0,1.0,899.0,60.0,26.0,167159.0,1,1151,45,8,6,1,3,0.0,0.0,0.0,0.0,0.0,0.0,0.0,0.0,1.0,0.0,0.0,0.0,0.0,0.0,1.0,0.0,0.0,0.0,3.0,3,1,0.7803819444444444,899.0,0.021739130434782608,3,0
1299.0,1.0,1299.0,25.0,42.0,63541.0,1,1502,82,7,4,1,3,0.0,0.0,0.0,1.0,0.0,0.0,0.0,0.0,0.0,0.0,0.0,0.0,0.0,0.0,0.0,0.0,0.0,1.0,5.0,0,1,0.8642714570858283,1299.0,0.012048192771084338,0,0
1299.0,2.0,1299.0,25.0,23.0,171716.0,1,1632,44,9,0,1,4,0.0,0.0,0.0,0.0,0.0,0.0,0.0,0.0,0.0,0.0,0.0,0.0,1.0,0.0,0.0,0.0,0.0,1.0,5.0,3,2,0.7954684629516228,649.5,0.022222222222222223,3,0
1252.0,2.0,1299.0,25.0,53.0,140234.0,1,1288,128,6,0,0,2,0.0,0.0,0.0,0.0,0.0,0.0,0.0,0.0,0.0,0.0,0.0,1.0,0.0,0.0,0.0,0.0,0.0,1.0,5.0,2,4,0.9712955779674166,313.0,0.007751937984496124,2,1
899.0,1.0,899.0,60.0,47.0,82068.0,1,1730,237,2,3,1,5,0.0,0.0,0.0,0.0,0.0,1.0,0.0,0.0,0.0,0.0,0.0,0.0,0.0,0.0,1.0,0.0,0.0,0.0,3.0,1,3,0.5193529751588677,299.6666666666667,0.004201680672268907,1,1
1299.0,2.0,1299.0,25.0,31.0,65838.0,1,1794,123,6,5,0,0,0.0,0.0,0.0,1.0,0.0,0.0,0.0,0.0,0.0,0.0,0.0,0.0,0.0,0.0,0.0,0.0,0.0,1.0,5.0,0,3,0.7236768802228413,433.0,0.008064516129032258,0,1
899.0,2.0,899.0,60.0,40.0,168934.0,1,1133,191,4,0,0,4,0.0,0.0,0.0,0.0,0.0,0.0,0.0,0.0,0.0,0.0,1.0,0.0,0.0,0.0,1.0,0.0,0.0,0.0,3.0,3,2,0.7927689594356261,449.5,0.005208333333333333,3,0
899.0,1.0,899.0,60.0,43.0,115081.0,1,1308,96,7,4,1,3,0.0,0.0,0.0,0.0,0.0,0.0,0.0,0.0,0.0,0.0,0.0,1.0,0.0,0.0,1.0,0.0,0.0,0.0,3.0,2,2,0.6867838044308633,449.5,0.010309278350515464,2,0
663.0,3.0,699.0,40.0,58.0,24135.0,1,1256,218,3,1,1,0,0.0,0.0,0.0,0.0,0.0,0.0,0.0,0.0,0.0,0.0,0.0,0.0,1.0,0.0,0.0,0.0,0.0,0.0,0.0,0,2,0.5274463007159904,331.5,0.0045662100456621,0,0
1753.0,1.0,1999.0,30.0,56.0,35434.0,1,1644,258,1,3,1,1,0.0,0.0,0.0,0.0,1.0,0.0,0.0,0.0,0.0,0.0,0.0,0.0,0.0,0.0,0.0,0.0,0.0,0.0,2.0,0,1,1.0656534954407295,1753.0,0.003861003861003861,0,0
809.0,2.0,899.0,60.0,32.0,161706.0,1,1249,147,5,2,1,1,0.0,0.0,0.0,0.0,0.0,0.0,0.0,0.0,0.0,0.0,0.0,0.0,1.0,0.0,1.0,0.0,0.0,0.0,3.0,2,2,0.6472,404.5,0.006756756756756757,2,0
899.0,3.0,899.0,60.0,59.0,175378.0,1,1198,224,3,2,0,5,0.0,0.0,0.0,0.0,0.0,0.0,0.0,0.0,0.0,0.0,1.0,0.0,0.0,0.0,1.0,0.0,0.0,0.0,3.0,3,1,0.749791492910759,899.0,0.0044444444444444444,3,0
699.0,1.0,699.0,40.0,45.0,20163.0,1,1578,59,8,6,1,3,0.0,0.0,0.0,0.0,0.0,0.0,0.0,0.0,0.0,0.0,0.0,0.0,0.0,1.0,0.0,0.0,0.0,0.0,0.0,0,1,0.44268524382520585,699.0,0.016666666666666666,0,0
899.0,1.0,899.0,60.0,43.0,20138.0,1,1467,111,6,3,0,2,0.0,0.0,0.0,0.0,0.0,0.0,0.0,0.0,0.0,0.0,1.0,0.0,0.0,0.0,1.0,0.0,0.0,0.0,3.0,0,1,0.6123978201634878,899.0,0.008928571428571428,0,0
1299.0,2.0,1299.0,25.0,44.0,125848.0,1,1693,241,2,6,0,5,0.0,0.0,0.0,0.0,0.0,0.0,0.0,0.0,0.0,0.0,0.0,0.0,0.0,0.0,0.0,0.0,0.0,1.0,5.0,2,1,0.7668240850059032,1299.0,0.004132231404958678,2,0
871.0,3.0,899.0,60.0,42.0,120689.0,1,1636,174,4,3,1,1,0.0,0.0,0.0,0.0,0.0,0.0,1.0,0.0,0.0,0.0,0.0,0.0,0.0,0.0,1.0,0.0,0.0,0.0,3.0,2,1,0.5320708613317043,871.0,0.005714285714285714,2,0
2599.0,3.0,2599.0,20.0,33.0,128777.0,1,1571,78,7,1,1,5,0.0,0.0,0.0,0.0,0.0,1.0,0.0,0.0,0.0,0.0,0.0,0.0,0.0,0.0,0.0,0.0,1.0,0.0,4.0,2,3,1.6533078880407124,866.3333333333334,0.012658227848101266,2,1
2540.0,3.0,2599.0,20.0,47.0,44022.0,1,1292,199,3,6,0,5,0.0,1.0,0.0,0.0,0.0,0.0,0.0,0.0,0.0,0.0,0.0,0.0,0.0,0.0,0.0,0.0,1.0,0.0,4.0,0,1,1.9644238205723124,2540.0,0.005,0,0
499.0,3.0,499.0,50.0,28.0,154393.0,1,1464,131,6,4,0,3,0.0,0.0,0.0,0.0,0.0,0.0,0.0,0.0,0.0,0.0,0.0,0.0,0.0,0.0,0.0,1.0,0.0,0.0,1.0,2,2,0.34061433447098977,249.5,0.007575757575757576,2,0
2599.0,2.0,2599.0,20.0,60.0,101532.0,1,1410,95,7,5,1,0,0.0,0.0,0.0,0.0,0.0,1.0,0.0,0.0,0.0,0.0,0.0,0.0,0.0,0.0,0.0,0.0,1.0,0.0,4.0,1,1,1.8419560595322466,2599.0,0.010416666666666666,1,0
1299.0,3.0,1299.0,25.0,56.0,181645.0,1,1360,21,9,2,1,2,0.0,0.0,0.0,0.0,0.0,0.0,0.0,0.0,1.0,0.0,0.0,0.0,0.0,0.0,0.0,0.0,0.0,1.0,5.0,3,1,0.9544452608376194,1299.0,0.045454545454545456,3,0
1999.0,3.0,1999.0,30.0,32.0,169817.0,1,1503,96,7,4,0,3,0.0,0.0,1.0,0.0,0.0,0.0,0.0,0.0,0.0,0.0,0.0,0.0,0.0,0.0,0.0,0.0,0.0,0.0,2.0,3,2,1.329122340425532,999.5,0.010309278350515464,3,0
1999.0,2.0,1999.0,30.0,38.0,54518.0,1,1469,232,2,1,1,2,0.0,0.0,0.0,0.0,0.0,0.0,0.0,0.0,0.0,1.0,0.0,0.0,0.0,0.0,0.0,0.0,0.0,0.0,2.0,0,2,1.3598639455782313,999.5,0.004291845493562232,0,0
1299.0,2.0,1299.0,25.0,21.0,48671.0,1,1352,121,6,0,0,5,0.0,0.0,0.0,0.0,0.0,0.0,0.0,0.0,0.0,0.0,0.0,1.0,0.0,0.0,0.0,0.0,0.0,1.0,5.0,0,1,0.9600886917960089,1299.0,0.00819672131147541,0,0
2599.0,1.0,2599.0,20.0,22.0,88099.0,1,1658,135,6,0,0,5,0.0,0.0,0.0,0.0,0.0,0.0,1.0,0.0,0.0,0.0,0.0,0.0,0.0,0.0,0.0,0.0,1.0,0.0,4.0,1,4,1.5666063893911994,649.75,0.007352941176470588,1,1
1999.0,3.0,1999.0,30.0,56.0,84946.0,1,1422,81,7,5,1,4,0.0,0.0,0.0,0.0,0.0,0.0,0.0,0.0,0.0,0.0,0.0,1.0,0.0,0.0,0.0,0.0,0.0,0.0,2.0,1,2,1.404778636683064,999.5,0.012195121951219513,1,0
2599.0,2.0,2599.0,20.0,50.0,157469.0,1,2014,33,9,4,1,4,0.0,0.0,0.0,0.0,1.0,0.0,0.0,0.0,0.0,0.0,0.0,0.0,0.0,0.0,0.0,0.0,1.0,0.0,4.0,2,1,1.2898263027295285,2599.0,0.029411764705882353,2,0
899.0,3.0,899.0,60.0,18.0,166451.0,1,2066,269,1,6,1,5,0.0,0.0,0.0,0.0,0.0,0.0,0.0,0.0,0.0,0.0,0.0,0.0,0.0,1.0,1.0,0.0,0.0,0.0,3.0,3,1,0.43492985002418966,899.0,0.003703703703703704,3,0
1999.0,3.0,1999.0,30.0,28.0,105436.0,1,1919,174,4,3,0,2,0.0,0.0,0.0,1.0,0.0,0.0,0.0,0.0,0.0,0.0,0.0,0.0,0.0,0.0,0.0,0.0,0.0,0.0,2.0,1,1,1.0411458333333334,1999.0,0.005714285714285714,1,0
2599.0,3.0,2599.0,20.0,41.0,74400.0,1,1494,104,7,3,1,5,1.0,0.0,0.0,0.0,0.0,0.0,0.0,0.0,0.0,0.0,0.0,0.0,0.0,0.0,0.0,0.0,1.0,0.0,4.0,1,3,1.7384615384615385,866.3333333333334,0.009523809523809525,1,1
699.0,2.0,699.0,40.0,41.71979123093048,167256.0,1,1814,195,4,3,1,3,0.0,0.0,0.0,0.0,0.0,0.0,0.0,0.0,0.0,0.0,0.0,0.0,0.0,1.0,0.0,0.0,0.0,0.0,0.0,3,3,0.3851239669421488,233.0,0.00510204081632653,3,1
899.0,1.0,899.0,60.0,61.0,179210.0,1,1990,1,10,1,1,2,0.0,0.0,0.0,1.0,0.0,0.0,0.0,0.0,0.0,0.0,0.0,0.0,0.0,0.0,1.0,0.0,0.0,0.0,3.0,3,3,0.4515318935208438,299.6666666666667,0.5,3,1
2599.0,1.0,2599.0,20.0,43.0,22352.0,1,1387,242,2,5,1,5,0.0,1.0,0.0,0.0,0.0,0.0,0.0,0.0,0.0,0.0,0.0,0.0,0.0,0.0,0.0,0.0,1.0,0.0,4.0,0,1,1.872478386167147,2599.0,0.00411522633744856,0,0
699.0,2.0,699.0,40.0,39.0,165047.0,1,1688,72,8,0,0,2,0.0,0.0,0.0,0.0,0.0,0.0,0.0,0.0,1.0,0.0,0.0,0.0,0.0,0.0,0.0,0.0,0.0,0.0,0.0,3,1,0.413854351687389,699.0,0.0136986301369863,3,0
1299.0,2.0,1299.0,25.0,42.0,184044.0,1,1408,227,3,6,1,0,0.0,0.0,0.0,0.0,0.0,0.0,0.0,0.0,1.0,0.0,0.0,0.0,0.0,0.0,0.0,0.0,0.0,1.0,5.0,3,2,0.921930447125621,649.5,0.0043859649122807015,3,0
2599.0,2.0,2599.0,20.0,25.0,181983.0,1,1325,251,2,3,0,3,0.0,0.0,0.0,0.0,0.0,0.0,0.0,0.0,1.0,0.0,0.0,0.0,0.0,0.0,0.0,0.0,1.0,0.0,4.0,3,1,1.9600301659125188,2599.0,0.003968253968253968,3,0
699.0,3.0,699.0,40.0,42.0,190404.0,1,2049,92,7,1,0,5,0.0,0.0,0.0,0.0,0.0,0.0,0.0,0.0,0.0,0.0,1.0,0.0,0.0,0.0,0.0,0.0,0.0,0.0,0.0,3,2,0.3409756097560976,349.5,0.010752688172043012,3,0
871.0,2.0,899.0,60.0,25.0,176123.0,1,1297,185,4,6,1,1,0.0,0.0,0.0,0.0,0.0,1.0,0.0,0.0,0.0,0.0,0.0,0.0,0.0,0.0,1.0,0.0,0.0,0.0,3.0,3,1,0.6710323574730355,871.0,0.005376344086021506,3,0
1999.0,2.0,1999.0,30.0,47.0,110536.0,1,1665,214,3,5,1,0,0.0,0.0,1.0,0.0,0.0,0.0,0.0,0.0,0.0,0.0,0.0,0.0,0.0,0.0,0.0,0.0,0.0,0.0,2.0,1,3,1.1998799519807923,666.3333333333334,0.004651162790697674,1,1
2599.0,2.0,2599.0,20.0,31.0,120123.0,1,1645,38,9,6,0,4,0.0,0.0,0.0,0.0,0.0,0.0,0.0,0.0,1.0,0.0,0.0,0.0,0.0,0.0,0.0,0.0,1.0,0.0,4.0,2,1,1.5789793438639126,2599.0,0.02564102564102564,2,0
699.0,2.0,699.0,40.0,56.0,78810.0,1,1595,285,1,4,0,4,0.0,0.0,0.0,1.0,0.0,0.0,0.0,0.0,0.0,0.0,0.0,0.0,0.0,0.0,0.0,0.0,0.0,0.0,0.0,1,1,0.43796992481203006,699.0,0.0034965034965034965,1,0
699.0,2.0,699.0,40.0,28.0,36029.0,1,1915,206,3,6,0,1,0.0,0.0,0.0,0.0,1.0,0.0,0.0,0.0,0.0,0.0,0.0,0.0,0.0,0.0,0.0,0.0,0.0,0.0,0.0,0,2,0.36482254697286015,349.5,0.004830917874396135,0,0
499.0,2.0,499.0,50.0,22.0,134598.0,1,2061,68,8,4,0,0,0.0,0.0,0.0,0.0,0.0,0.0,0.0,1.0,0.0,0.0,0.0,0.0,0.0,0.0,0.0,1.0,0.0,0.0,1.0,2,1,0.2419980601357905,499.0,0.014492753623188406,2,0
899.0,1.0,899.0,60.0,64.0,106544.0,1,1271,14,10,2,1,4,0.0,0.0,0.0,0.0,0.0,0.0,0.0,0.0,0.0,0.0,0.0,0.0,0.0,0.0,1.0,0.0,0.0,0.0,3.0,1,2,0.7067610062893082,449.5,0.06666666666666667,1,0
1299.0,1.0,1299.0,25.0,54.0,182331.0,1,1597,16,9,0,1,2,1.0,0.0,0.0,0.0,0.0,0.0,0.0,0.0,0.0,0.0,0.0,0.0,0.0,0.0,0.0,0.0,0.0,1.0,5.0,3,1,0.8128911138923655,1299.0,0.058823529411764705,3,0
2476.0,2.0,2599.0,20.0,41.0,136981.0,1,1776,111,6,3,1,1,0.0,0.0,0.0,0.0,0.0,0.0,0.0,0.0,0.0,0.0,0.0,0.0,0.0,0.0,0.0,0.0,1.0,0.0,4.0,2,1,1.3933595948227349,2476.0,0.008928571428571428,2,0
499.0,1.0,499.0,50.0,31.0,132990.0,1,1997,131,6,4,0,3,0.0,0.0,0.0,0.0,0.0,0.0,0.0,0.0,0.0,0.0,0.0,0.0,0.0,1.0,0.0,1.0,0.0,0.0,1.0,2,1,0.24974974974974976,499.0,0.007575757575757576,2,0
499.0,3.0,499.0,50.0,46.0,142811.0,1,1597,54,8,4,0,2,0.0,0.0,0.0,0.0,0.0,0.0,0.0,0.0,0.0,0.0,0.0,0.0,1.0,0.0,0.0,1.0,0.0,0.0,1.0,2,1,0.3122653316645807,499.0,0.01818181818181818,2,0
1999.0,2.0,1999.0,30.0,46.0,53380.0,1,1613,219,3,0,1,0,0.0,0.0,0.0,0.0,0.0,1.0,0.0,0.0,0.0,0.0,0.0,0.0,0.0,0.0,0.0,0.0,0.0,0.0,2.0,0,1,1.238537794299876,1999.0,0.004545454545454545,0,0
899.0,2.0,899.0,60.0,40.53285184116359,31120.0,1,1509,203,3,2,0,1,0.0,0.0,0.0,1.0,0.0,0.0,0.0,0.0,0.0,0.0,0.0,0.0,0.0,0.0,1.0,0.0,0.0,0.0,3.0,0,1,0.595364238410596,899.0,0.004901960784313725,0,0
699.0,3.0,699.0,40.0,61.0,113506.84799456094,1,1917,179,4,5,1,1,0.0,0.0,0.0,0.0,1.0,0.0,0.0,0.0,0.0,0.0,0.0,0.0,0.0,0.0,0.0,0.0,0.0,0.0,0.0,2,2,0.36444212721584984,349.5,0.005555555555555556,2,0
1999.0,3.0,1999.0,30.0,19.0,113503.62989029624,1,1965,100,7,0,0,4,0.0,0.0,0.0,0.0,0.0,0.0,0.0,0.0,0.0,0.0,0.0,0.0,0.0,0.0,0.0,0.0,0.0,0.0,2.0,1,2,1.0167853509664293,999.5,0.009900990099009901,1,0
499.0,3.0,499.0,50.0,52.0,172850.0,1,1489,157,5,6,1,5,0.0,0.0,0.0,0.0,0.0,0.0,0.0,0.0,1.0,0.0,0.0,0.0,0.0,0.0,0.0,1.0,0.0,0.0,1.0,3,1,0.33489932885906043,499.0,0.006329113924050633,3,0
499.0,3.0,499.0,50.0,20.0,49516.0,1,2042,232,2,1,0,4,0.0,0.0,0.0,0.0,0.0,0.0,0.0,0.0,0.0,0.0,0.0,1.0,0.0,0.0,0.0,1.0,0.0,0.0,1.0,0,2,0.2442486539402839,249.5,0.004291845493562232,0,0
432.0,1.0,499.0,50.0,62.0,84200.0,1,1268,93,7,0,1,0,1.0,0.0,0.0,0.0,0.0,0.0,0.0,0.0,0.0,0.0,0.0,0.0,0.0,0.0,0.0,1.0,0.0,0.0,1.0,1,1,0.3404255319148936,432.0,0.010638297872340425,1,0
1299.0,3.0,1299.0,25.0,42.0,40095.0,1,1998,182,4,2,1,1,0.0,0.0,0.0,1.0,0.0,0.0,0.0,0.0,0.0,0.0,0.0,0.0,0.0,0.0,0.0,0.0,0.0,1.0,5.0,0,1,0.6498249124562281,1299.0,0.00546448087431694,0,0
2362.0,2.0,2599.0,20.0,50.0,74869.0,1,1910,21,9,2,1,4,0.0,0.0,0.0,0.0,0.0,0.0,0.0,0.0,0.0,0.0,1.0,0.0,0.0,0.0,0.0,0.0,1.0,0.0,4.0,1,1,1.2360020931449502,2362.0,0.045454545454545456,1,0
1999.0,3.0,1999.0,30.0,56.0,70939.0,1,1539,234,2,6,1,0,0.0,0.0,0.0,0.0,0.0,0.0,0.0,0.0,0.0,1.0,0.0,0.0,0.0,0.0,0.0,0.0,0.0,0.0,2.0,1,3,1.2980519480519481,666.3333333333334,0.00425531914893617,1,1
1999.0,2.0,1999.0,30.0,18.0,69678.0,1,2056,233,2,0,0,4,0.0,0.0,0.0,0.0,0.0,0.0,0.0,0.0,0.0,0.0,0.0,0.0,0.0,0.0,0.0,0.0,0.0,0.0,2.0,1,1,0.9718035974720467,1999.0,0.004273504273504274,1,0
1999.0,1.0,1999.0,30.0,54.0,156998.0,1,1982,20,9,3,1,2,0.0,1.0,0.0,0.0,0.0,0.0,0.0,0.0,0.0,0.0,0.0,0.0,0.0,0.0,0.0,0.0,0.0,0.0,2.0,2,2,1.0080685829551186,999.5,0.047619047619047616,2,0
2599.0,3.0,2599.0,20.0,44.0,174324.0,1,1401,267,1,1,0,1,0.0,0.0,0.0,0.0,0.0,0.0,0.0,0.0,0.0,0.0,1.0,0.0,0.0,0.0,0.0,0.0,1.0,0.0,4.0,3,2,1.8537803138373752,1299.5,0.0037313432835820895,3,0
699.0,1.0,699.0,40.0,27.0,172872.0,1,1520,118,6,3,1,0,0.0,0.0,0.0,0.0,0.0,0.0,1.0,0.0,0.0,0.0,0.0,0.0,0.0,0.0,0.0,0.0,0.0,0.0,0.0,3,1,0.45956607495069035,699.0,0.008403361344537815,3,0
499.0,1.0,499.0,50.0,32.0,52371.0,1,1854,35,9,2,0,4,0.0,0.0,0.0,0.0,0.0,0.0,0.0,0.0,0.0,1.0,0.0,0.0,0.0,0.0,0.0,1.0,0.0,0.0,1.0,0,1,0.26900269541778976,499.0,0.027777777777777776,0,0
499.0,2.0,499.0,50.0,22.0,113507.34207563463,1,1740,236,2,4,1,4,1.0,0.0,0.0,0.0,0.0,0.0,0.0,0.0,0.0,0.0,0.0,0.0,0.0,0.0,0.0,1.0,0.0,0.0,1.0,2,2,0.2866168868466399,249.5,0.004219409282700422,2,0
699.0,2.0,699.0,40.0,64.0,159544.0,1,1185,152,5,4,1,2,0.0,0.0,0.0,1.0,0.0,0.0,0.0,0.0,0.0,0.0,0.0,0.0,0.0,0.0,0.0,0.0,0.0,0.0,0.0,2,1,0.5893760539629005,699.0,0.006535947712418301,2,0
499.0,2.0,499.0,50.0,64.0,170949.0,1,1782,139,5,3,1,4,1.0,0.0,0.0,0.0,0.0,0.0,0.0,0.0,0.0,0.0,0.0,0.0,0.0,0.0,0.0,1.0,0.0,0.0,1.0,3,2,0.2798653954010095,249.5,0.007142857142857143,3,0
2599.0,1.0,2599.0,20.0,28.0,154393.0,1,1786,228,3,5,0,5,0.0,0.0,0.0,0.0,0.0,0.0,0.0,0.0,0.0,0.0,0.0,0.0,0.0,0.0,0.0,0.0,1.0,0.0,4.0,2,2,1.4543928371572468,1299.5,0.004366812227074236,2,0
433.0,2.0,499.0,50.0,32.0,22282.0,1,1270,200,3,5,0,5,0.0,0.0,0.0,0.0,0.0,0.0,0.0,0.0,0.0,0.0,0.0,0.0,1.0,0.0,0.0,1.0,0.0,0.0,1.0,0,1,0.34067663257277736,433.0,0.004975124378109453,0,0
899.0,2.0,899.0,60.0,44.0,174324.0,1,1603,240,2,0,0,2,0.0,0.0,0.0,0.0,0.0,0.0,0.0,0.0,0.0,0.0,1.0,0.0,0.0,0.0,1.0,0.0,0.0,0.0,3.0,3,2,0.5604738154613467,449.5,0.004149377593360996,3,0
1299.0,2.0,1299.0,25.0,20.0,44995.0,1,1118,83,7,3,1,0,0.0,0.0,0.0,0.0,0.0,0.0,0.0,0.0,0.0,0.0,1.0,0.0,0.0,0.0,0.0,0.0,0.0,1.0,5.0,0,5,1.160857908847185,259.8,0.011904761904761904,0,1
899.0,3.0,899.0,60.0,50.0,129079.0,1,1872,72,8,0,0,0,0.0,0.0,0.0,0.0,1.0,0.0,0.0,0.0,0.0,0.0,0.0,0.0,0.0,0.0,1.0,0.0,0.0,0.0,3.0,2,1,0.4799786438868126,899.0,0.0136986301369863,2,0
699.0,1.0,699.0,40.0,34.0,121665.0,1,1516,257,1,4,1,5,0.0,0.0,0.0,0.0,0.0,0.0,0.0,1.0,0.0,0.0,0.0,0.0,0.0,0.0,0.0,0.0,0.0,0.0,0.0,2,2,0.46077785102175345,349.5,0.003875968992248062,2,0
899.0,1.0,899.0,60.0,41.974025494572835,198313.0,1,2025,63,8,2,0,0,0.0,0.0,1.0,0.0,0.0,0.0,0.0,0.0,0.0,0.0,0.0,0.0,0.0,0.0,1.0,0.0,0.0,0.0,3.0,3,3,0.4437314906219151,299.6666666666667,0.015625,3,1
899.0,3.0,899.0,60.0,62.0,107960.0,1,1859,273,1,2,1,3,0.0,0.0,1.0,0.0,0.0,0.0,0.0,0.0,0.0,0.0,0.0,0.0,0.0,0.0,1.0,0.0,0.0,0.0,3.0,1,2,0.48333333333333334,449.5,0.0036496350364963502,1,0
2599.0,2.0,2599.0,20.0,34.0,198847.0,1,1471,40,9,4,1,1,0.0,0.0,0.0,0.0,0.0,0.0,1.0,0.0,0.0,0.0,0.0,0.0,0.0,0.0,0.0,0.0,1.0,0.0,4.0,3,1,1.765625,2599.0,0.024390243902439025,3,0
899.0,3.0,899.0,60.0,25.0,147896.0,1,2001,154,5,2,1,4,0.0,1.0,0.0,0.0,0.0,0.0,0.0,0.0,0.0,0.0,0.0,0.0,0.0,0.0,1.0,0.0,0.0,0.0,3.0,2,3,0.44905094905094906,299.6666666666667,0.0064516129032258064,2,1
499.0,3.0,499.0,50.0,51.0,113507.34297935087,1,2019,19,9,4,0,5,0.0,1.0,0.0,0.0,0.0,0.0,0.0,0.0,0.0,0.0,0.0,0.0,0.0,0.0,0.0,1.0,0.0,0.0,1.0,2,1,0.24702970297029703,499.0,0.05,2,0
2599.0,3.0,2599.0,20.0,48.0,115648.0,1,1673,114,6,0,0,5,0.0,1.0,0.0,0.0,0.0,0.0,0.0,0.0,0.0,0.0,0.0,0.0,0.0,0.0,0.0,0.0,1.0,0.0,4.0,2,1,1.552568697729988,2599.0,0.008695652173913044,2,0
2599.0,3.0,2599.0,20.0,38.0,40074.0,1,1276,66,8,6,0,4,1.0,0.0,0.0,0.0,0.0,0.0,0.0,0.0,0.0,0.0,0.0,0.0,0.0,0.0,0.0,0.0,1.0,0.0,4.0,0,3,2.0352388410336726,866.3333333333334,0.014925373134328358,0,1
699.0,1.0,699.0,40.0,55.0,48803.0,1,1393,90,7,3,0,5,0.0,0.0,0.0,0.0,0.0,0.0,0.0,0.0,1.0,0.0,0.0,0.0,0.0,0.0,0.0,0.0,0.0,0.0,0.0,0,2,0.5014347202295553,349.5,0.01098901098901099,0,0
1999.0,1.0,1999.0,30.0,43.0,197691.0,1,1824,260,1,1,1,3,0.0,0.0,0.0,0.0,0.0,1.0,0.0,0.0,0.0,0.0,0.0,0.0,0.0,0.0,0.0,0.0,0.0,0.0,2.0,3,3,1.0953424657534248,666.3333333333334,0.0038314176245210726,3,1
699.0,1.0,699.0,40.0,62.0,28787.0,1,1179,34,9,3,1,0,0.0,0.0,0.0,0.0,0.0,0.0,0.0,0.0,0.0,0.0,0.0,0.0,1.0,0.0,0.0,0.0,0.0,0.0,0.0,0,1,0.5923728813559322,699.0,0.02857142857142857,0,0
899.0,1.0,899.0,60.0,40.69644042997378,50111.0,1,1706,145,5,4,1,2,0.0,0.0,0.0,0.0,0.0,0.0,0.0,0.0,0.0,0.0,0.0,0.0,0.0,1.0,1.0,0.0,0.0,0.0,3.0,0,1,0.526654950205038,899.0,0.00684931506849315,0,0
699.0,1.0,699.0,40.0,34.0,105445.0,1,1580,81,7,5,0,0,0.0,0.0,0.0,0.0,0.0,0.0,0.0,0.0,0.0,0.0,0.0,1.0,0.0,0.0,0.0,0.0,0.0,0.0,0.0,1,1,0.44212523719165087,699.0,0.012195121951219513,1,0
899.0,1.0,899.0,60.0,38.0,113506.35345382807,1,1790,58,8,0,1,3,0.0,0.0,0.0,0.0,0.0,0.0,0.0,0.0,0.0,1.0,0.0,0.0,0.0,0.0,1.0,0.0,0.0,0.0,3.0,2,3,0.5019542155220548,299.6666666666667,0.01694915254237288,2,1
899.0,3.0,899.0,60.0,40.0,94964.0,1,1616,33,9,4,1,4,0.0,0.0,0.0,0.0,0.0,0.0,0.0,0.0,0.0,1.0,0.0,0.0,0.0,0.0,1.0,0.0,0.0,0.0,3.0,1,1,0.5559678416821274,899.0,0.029411764705882353,1,0
499.0,3.0,499.0,50.0,35.0,199526.0,1,1804,269,1,6,0,0,0.0,0.0,0.0,0.0,0.0,0.0,0.0,0.0,0.0,0.0,0.0,1.0,0.0,0.0,0.0,1.0,0.0,0.0,1.0,3,2,0.27645429362880886,249.5,0.003703703703703704,3,0
499.0,3.0,499.0,50.0,30.0,159076.0,1,1441,132,6,3,0,3,0.0,0.0,0.0,0.0,0.0,0.0,0.0,0.0,0.0,0.0,0.0,0.0,1.0,0.0,0.0,1.0,0.0,0.0,1.0,2,3,0.3460471567267684,166.33333333333334,0.007518796992481203,2,1
699.0,2.0,699.0,40.0,64.0,101835.0,1,2008,113,6,1,0,0,0.0,0.0,0.0,0.0,0.0,1.0,0.0,0.0,0.0,0.0,0.0,0.0,0.0,0.0,0.0,0.0,0.0,0.0,0.0,1,3,0.3479342956694873,233.0,0.008771929824561403,1,1
499.0,3.0,499.0,50.0,38.0,165448.0,1,1658,118,6,3,0,0,0.0,0.0,0.0,0.0,1.0,0.0,0.0,0.0,0.0,0.0,0.0,0.0,0.0,0.0,0.0,1.0,0.0,0.0,1.0,3,1,0.30078360458107295,499.0,0.008403361344537815,3,0
1999.0,3.0,1999.0,30.0,19.0,113503.62990924103,1,1408,101,7,6,0,5,0.0,0.0,0.0,0.0,1.0,0.0,0.0,0.0,0.0,0.0,0.0,0.0,0.0,0.0,0.0,0.0,0.0,0.0,2.0,1,1,1.418736692689851,1999.0,0.00980392156862745,1,0
470.0,2.0,499.0,50.0,63.0,30800.0,1,1280,113,6,1,0,4,0.0,0.0,0.0,0.0,0.0,0.0,1.0,0.0,0.0,0.0,0.0,0.0,0.0,0.0,0.0,1.0,0.0,0.0,1.0,0,2,0.3669008587041374,235.0,0.008771929824561403,0,0
2599.0,3.0,2599.0,20.0,58.0,106120.0,1,1959,7,10,2,0,2,0.0,0.0,0.0,0.0,0.0,0.0,0.0,0.0,0.0,0.0,0.0,0.0,1.0,0.0,0.0,0.0,1.0,0.0,4.0,1,2,1.3260204081632654,1299.5,0.125,1,0
2599.0,1.0,2599.0,20.0,30.0,61800.0,1,1929,35,9,2,0,1,0.0,0.0,0.0,0.0,0.0,0.0,0.0,0.0,1.0,0.0,0.0,0.0,0.0,0.0,0.0,0.0,1.0,0.0,4.0,0,1,1.3466321243523316,2599.0,0.027777777777777776,0,0
2599.0,2.0,2599.0,20.0,35.0,36715.0,1,1588,233,2,0,0,0,0.0,0.0,0.0,0.0,0.0,0.0,1.0,0.0,0.0,0.0,0.0,0.0,0.0,0.0,0.0,0.0,1.0,0.0,4.0,0,1,1.6356198867212084,2599.0,0.004273504273504274,0,0
699.0,2.0,699.0,40.0,62.0,107960.0,1,1936,177,4,0,1,0,0.0,0.0,1.0,0.0,0.0,0.0,0.0,0.0,0.0,0.0,0.0,0.0,0.0,0.0,0.0,0.0,0.0,0.0,0.0,1,2,0.3608673205988642,349.5,0.0056179775280898875,1,0
699.0,1.0,699.0,40.0,39.0,170158.0,1,1699,75,8,4,1,4,0.0,0.0,0.0,0.0,0.0,1.0,0.0,0.0,0.0,0.0,0.0,0.0,0.0,0.0,0.0,0.0,0.0,0.0,0.0,3,1,0.4111764705882353,699.0,0.013157894736842105,3,0
2599.0,2.0,2599.0,20.0,20.0,173124.0,1,1390,224,3,2,0,3,0.0,0.0,0.0,0.0,0.0,0.0,0.0,0.0,0.0,0.0,0.0,1.0,0.0,0.0,0.0,0.0,1.0,0.0,4.0,3,1,1.8684399712437096,2599.0,0.0044444444444444444,3,0
2599.0,2.0,2599.0,20.0,43.0,83870.0,1,2048,219,3,0,0,3,0.0,0.0,0.0,0.0,0.0,0.0,0.0,0.0,1.0,0.0,0.0,0.0,0.0,0.0,0.0,0.0,1.0,0.0,4.0,1,2,1.2684236212786726,1299.5,0.004545454545454545,1,0
1999.0,3.0,1999.0,30.0,25.0,91229.0,1,1154,66,8,6,1,3,0.0,0.0,0.0,0.0,0.0,0.0,1.0,0.0,0.0,0.0,0.0,0.0,0.0,0.0,0.0,0.0,0.0,0.0,2.0,1,4,1.7307359307359307,499.75,0.014925373134328358,1,1
1999.0,3.0,1999.0,30.0,44.0,61971.0,1,1140,199,3,6,1,1,0.0,0.0,0.0,0.0,0.0,0.0,0.0,0.0,0.0,0.0,1.0,0.0,0.0,0.0,0.0,0.0,0.0,0.0,2.0,0,1,1.7519719544259422,1999.0,0.005,0,0
699.0,3.0,699.0,40.0,20.0,44995.0,1,1354,123,6,5,1,5,0.0,0.0,0.0,0.0,0.0,0.0,0.0,0.0,0.0,0.0,1.0,0.0,0.0,0.0,0.0,0.0,0.0,0.0,0.0,0,5,0.5158671586715867,139.8,0.008064516129032258,0,1
899.0,2.0,899.0,60.0,56.0,95769.0,1,1654,160,5,3,1,3,0.0,0.0,0.0,0.0,0.0,0.0,0.0,0.0,0.0,0.0,0.0,0.0,0.0,0.0,1.0,0.0,0.0,0.0,3.0,1,2,0.543202416918429,449.5,0.006211180124223602,1,0
1299.0,1.0,1299.0,25.0,60.0,48228.0,1,1892,219,3,0,1,0,0.0,0.0,0.0,0.0,0.0,0.0,0.0,0.0,0.0,0.0,0.0,0.0,1.0,0.0,0.0,0.0,0.0,1.0,5.0,0,1,0.6862123613312203,1299.0,0.004545454545454545,0,0
1999.0,2.0,1999.0,30.0,57.0,180372.0,1,1176,25,9,5,0,5,0.0,0.0,0.0,0.0,0.0,0.0,0.0,1.0,0.0,0.0,0.0,0.0,0.0,0.0,0.0,0.0,0.0,0.0,2.0,3,3,1.6983857264231097,666.3333333333334,0.038461538461538464,3,1
2599.0,3.0,2599.0,20.0,47.0,82068.0,1,1434,4,10,5,1,2,0.0,0.0,0.0,0.0,0.0,1.0,0.0,0.0,0.0,0.0,0.0,0.0,0.0,0.0,0.0,0.0,1.0,0.0,4.0,1,3,1.8111498257839722,866.3333333333334,0.2,1,1
699.0,3.0,699.0,40.0,34.0,100102.0,1,1782,139,5,3,1,5,0.0,0.0,0.0,0.0,0.0,1.0,0.0,0.0,0.0,0.0,0.0,0.0,0.0,0.0,0.0,0.0,0.0,0.0,0.0,1,1,0.3920358945597308,699.0,0.007142857142857143,1,0
2599.0,3.0,2599.0,20.0,35.0,63619.0,1,1339,196,4,2,0,5,0.0,0.0,0.0,0.0,0.0,0.0,1.0,0.0,0.0,0.0,0.0,0.0,0.0,0.0,0.0,0.0,1.0,0.0,4.0,0,2,1.93955223880597,1299.5,0.005076142131979695,0,0
2599.0,2.0,2599.0,20.0,52.0,21283.0,1,1757,228,3,5,0,5,1.0,0.0,0.0,0.0,0.0,0.0,0.0,0.0,0.0,0.0,0.0,0.0,0.0,0.0,0.0,0.0,1.0,0.0,4.0,0,4,1.4783845278725825,649.75,0.004366812227074236,0,1
899.0,3.0,899.0,60.0,64.0,101835.0,1,1234,74,8,5,0,5,0.0,0.0,0.0,0.0,0.0,1.0,0.0,0.0,0.0,0.0,0.0,0.0,0.0,0.0,1.0,0.0,0.0,0.0,3.0,1,3,0.7279352226720648,299.6666666666667,0.013333333333333334,1,1
1999.0,3.0,1999.0,30.0,45.0,106795.0,1,1310,281,1,1,0,0,0.0,0.0,0.0,0.0,0.0,0.0,0.0,0.0,0.0,0.0,0.0,0.0,1.0,0.0,0.0,0.0,0.0,0.0,2.0,1,3,1.524790236460717,666.3333333333334,0.0035460992907801418,1,1
499.0,1.0,499.0,50.0,59.0,98815.0,1,1905,259,1,2,1,4,0.0,0.0,0.0,0.0,0.0,0.0,0.0,0.0,1.0,0.0,0.0,0.0,0.0,0.0,0.0,1.0,0.0,0.0,1.0,1,3,0.26180482686253936,166.33333333333334,0.0038461538461538464,1,1
699.0,1.0,699.0,40.0,36.0,174297.0,1,1941,159,5,4,1,5,1.0,0.0,0.0,0.0,0.0,0.0,0.0,0.0,0.0,0.0,0.0,0.0,0.0,0.0,0.0,0.0,0.0,0.0,0.0,3,2,0.35993820803295573,349.5,0.00625,3,0
499.0,3.0,499.0,50.0,43.0,197691.0,1,1813,183,4,1,1,2,0.0,0.0,0.0,0.0,0.0,1.0,0.0,0.0,0.0,0.0,0.0,0.0,0.0,0.0,0.0,1.0,0.0,0.0,1.0,3,3,0.2750826901874311,166.33333333333334,0.005434782608695652,3,1
1299.0,1.0,1299.0,25.0,32.0,161706.0,1,1393,0,10,2,1,4,0.0,0.0,0.0,0.0,0.0,0.0,0.0,0.0,0.0,0.0,0.0,0.0,1.0,0.0,0.0,0.0,0.0,1.0,5.0,2,2,0.9318507890961263,649.5,1.0,2,0
2599.0,3.0,2599.0,20.0,21.0,62070.0,1,2047,26,9,4,1,1,0.0,0.0,0.0,0.0,1.0,0.0,0.0,0.0,0.0,0.0,0.0,0.0,0.0,0.0,0.0,0.0,1.0,0.0,4.0,0,1,1.26904296875,2599.0,0.037037037037037035,0,0
2599.0,2.0,2599.0,20.0,19.0,195006.0,1,1773,89,7,4,1,0,0.0,0.0,0.0,0.0,0.0,0.0,0.0,0.0,0.0,0.0,0.0,1.0,0.0,0.0,0.0,0.0,1.0,0.0,4.0,3,2,1.4650507328072153,1299.5,0.011111111111111112,3,0
2599.0,1.0,2599.0,20.0,37.0,150544.0,1,1865,260,1,1,0,3,0.0,0.0,0.0,0.0,0.0,0.0,1.0,0.0,0.0,0.0,0.0,0.0,0.0,0.0,0.0,0.0,1.0,0.0,4.0,2,1,1.3928188638799572,2599.0,0.0038314176245210726,2,0
1299.0,3.0,1299.0,25.0,18.0,60197.0,1,1736,172,4,5,0,0,0.0,0.0,0.0,0.0,0.0,0.0,0.0,0.0,0.0,0.0,0.0,0.0,0.0,1.0,0.0,0.0,0.0,1.0,5.0,0,2,0.7478411053540587,649.5,0.005780346820809248,0,0
2599.0,3.0,2599.0,20.0,18.0,158923.0,1,1362,8,10,1,1,3,0.0,0.0,0.0,0.0,0.0,0.0,0.0,0.0,0.0,0.0,0.0,0.0,1.0,0.0,0.0,0.0,1.0,0.0,4.0,2,1,1.9068231841526047,2599.0,0.1111111111111111,2,0
699.0,2.0,699.0,40.0,36.0,87494.0,1,2058,137,5,5,0,1,0.0,0.0,0.0,0.0,1.0,0.0,0.0,0.0,0.0,0.0,0.0,0.0,0.0,0.0,0.0,0.0,0.0,0.0,0.0,1,1,0.3394851869839728,699.0,0.007246376811594203,1,0
2559.0,1.0,2599.0,20.0,30.0,164129.0,1,2110,24,9,6,0,5,0.0,1.0,0.0,0.0,0.0,0.0,0.0,0.0,0.0,0.0,0.0,0.0,0.0,0.0,0.0,0.0,1.0,0.0,4.0,3,2,1.2122216958787304,1279.5,0.04,3,0
499.0,1.0,499.0,50.0,37.0,60785.0,1,1526,152,5,4,1,3,0.0,0.0,0.0,1.0,0.0,0.0,0.0,0.0,0.0,0.0,0.0,0.0,0.0,0.0,0.0,1.0,0.0,0.0,1.0,0,2,0.32678454485920105,249.5,0.006535947712418301,0,0
1999.0,2.0,1999.0,30.0,19.0,120500.0,1,1153,118,6,3,1,4,0.0,0.0,0.0,0.0,1.0,0.0,0.0,0.0,0.0,0.0,0.0,0.0,0.0,0.0,0.0,0.0,0.0,0.0,2.0,2,2,1.7322357019064125,999.5,0.008403361344537815,2,0
685.0,3.0,699.0,40.0,38.0,66403.0,1,1923,261,1,0,0,3,0.0,0.0,0.0,0.0,0.0,0.0,0.0,0.0,0.0,0.0,0.0,1.0,0.0,0.0,0.0,0.0,0.0,0.0,0.0,1,2,0.35602910602910603,342.5,0.003816793893129771,1,0
2599.0,2.0,2599.0,20.0,36.0,160600.0,1,2061,6,10,3,1,3,0.0,0.0,0.0,0.0,0.0,1.0,0.0,0.0,0.0,0.0,0.0,0.0,0.0,0.0,0.0,0.0,1.0,0.0,4.0,2,3,1.2604267701260912,866.3333333333334,0.14285714285714285,2,1
2599.0,3.0,2599.0,20.0,48.0,116722.0,1,1254,193,4,5,1,1,1.0,0.0,0.0,0.0,0.0,0.0,0.0,0.0,0.0,0.0,0.0,0.0,0.0,0.0,0.0,0.0,1.0,0.0,4.0,2,3,2.0709163346613546,866.3333333333334,0.005154639175257732,2,1
1999.0,2.0,1999.0,30.0,61.0,71399.0,1,1134,13,10,3,1,3,0.0,0.0,1.0,0.0,0.0,0.0,0.0,0.0,0.0,0.0,0.0,0.0,0.0,0.0,0.0,0.0,0.0,0.0,2.0,1,2,1.7612334801762115,999.5,0.07142857142857142,1,0
1299.0,2.0,1299.0,25.0,42.0,135053.0,1,1823,118,6,3,0,1,0.0,0.0,0.0,0.0,0.0,0.0,0.0,1.0,0.0,0.0,0.0,0.0,0.0,0.0,0.0,0.0,0.0,1.0,5.0,2,1,0.712171052631579,1299.0,0.008403361344537815,2,0
1299.0,2.0,1299.0,25.0,43.0,112573.0,1,1585,16,9,0,0,3,0.0,0.0,0.0,0.0,0.0,0.0,0.0,0.0,0.0,0.0,0.0,0.0,0.0,0.0,0.0,0.0,0.0,1.0,5.0,1,1,0.8190416141235813,1299.0,0.058823529411764705,1,0
2452.0,3.0,2599.0,20.0,36.0,182002.0,1,1992,164,5,6,0,0,0.0,0.0,1.0,0.0,0.0,0.0,0.0,0.0,0.0,0.0,0.0,0.0,0.0,0.0,0.0,0.0,1.0,0.0,4.0,3,1,1.2303060712493727,2452.0,0.006060606060606061,3,0
1999.0,2.0,1999.0,30.0,23.0,132782.0,1,1143,123,6,5,1,4,0.0,0.0,0.0,0.0,0.0,0.0,0.0,0.0,0.0,0.0,0.0,0.0,0.0,1.0,0.0,0.0,0.0,0.0,2.0,2,2,1.7473776223776223,999.5,0.008064516129032258,2,0
499.0,1.0,499.0,50.0,39.0,118746.0,1,1216,143,5,6,0,3,0.0,0.0,0.0,0.0,0.0,0.0,0.0,0.0,0.0,0.0,0.0,0.0,0.0,1.0,0.0,1.0,0.0,0.0,1.0,2,1,0.41002465078060807,499.0,0.006944444444444444,2,0
1999.0,3.0,1999.0,30.0,62.0,193489.0,1,1246,24,9,6,0,2,0.0,1.0,0.0,0.0,0.0,0.0,0.0,0.0,0.0,0.0,0.0,0.0,0.0,0.0,0.0,0.0,0.0,0.0,2.0,3,1,1.603047313552526,1999.0,0.04,3,0
877.0,3.0,899.0,60.0,39.0,94071.0,1,1482,123,6,5,1,1,0.0,0.0,0.0,0.0,1.0,0.0,0.0,0.0,0.0,0.0,0.0,0.0,0.0,0.0,1.0,0.0,0.0,0.0,3.0,1,2,0.5913688469318948,438.5,0.008064516129032258,1,0
499.0,1.0,499.0,50.0,64.0,48082.0,1,2024,14,10,2,0,3,0.0,1.0,0.0,0.0,0.0,0.0,0.0,0.0,0.0,0.0,0.0,0.0,0.0,0.0,0.0,1.0,0.0,0.0,1.0,0,2,0.24641975308641975,249.5,0.06666666666666667,0,0
499.0,3.0,499.0,50.0,45.0,146688.0,1,1288,178,4,6,0,5,0.0,0.0,0.0,0.0,0.0,0.0,0.0,0.0,0.0,0.0,0.0,0.0,0.0,0.0,0.0,1.0,0.0,0.0,1.0,2,2,0.38712179984484096,249.5,0.00558659217877095,2,0
499.0,3.0,499.0,50.0,40.0,38474.0,1,2061,65,8,0,0,5,0.0,0.0,0.0,1.0,0.0,0.0,0.0,0.0,0.0,0.0,0.0,0.0,0.0,0.0,0.0,1.0,0.0,0.0,1.0,0,1,0.2419980601357905,499.0,0.015151515151515152,0,0
499.0,2.0,499.0,50.0,46.0,54542.0,1,1440,275,1,0,0,1,0.0,0.0,0.0,0.0,0.0,0.0,0.0,0.0,0.0,0.0,0.0,0.0,0.0,1.0,0.0,1.0,0.0,0.0,1.0,0,1,0.3462873004857738,499.0,0.0036231884057971015,0,0
1117.0,3.0,1299.0,25.0,58.0,113505.57810225704,1,1401,159,5,4,1,1,0.0,0.0,0.0,0.0,0.0,0.0,1.0,0.0,0.0,0.0,0.0,0.0,0.0,0.0,0.0,0.0,0.0,1.0,5.0,1,1,0.796718972895863,1117.0,0.00625,1,0
1999.0,2.0,1999.0,30.0,53.0,176503.0,1,1127,79,7,0,1,2,0.0,0.0,0.0,0.0,0.0,0.0,0.0,0.0,0.0,0.0,0.0,0.0,0.0,0.0,0.0,0.0,0.0,0.0,2.0,3,2,1.7721631205673758,999.5,0.0125,3,0
2599.0,2.0,2599.0,20.0,64.0,87263.0,1,1432,279,1,3,0,2,0.0,0.0,1.0,0.0,0.0,0.0,0.0,0.0,0.0,0.0,0.0,0.0,0.0,0.0,0.0,0.0,1.0,0.0,4.0,1,1,1.8136775994417307,2599.0,0.0035714285714285713,1,0
499.0,3.0,499.0,50.0,40.866223583605446,66733.0,1,1900,255,2,6,1,5,0.0,0.0,0.0,0.0,0.0,0.0,0.0,0.0,0.0,1.0,0.0,0.0,0.0,0.0,0.0,1.0,0.0,0.0,1.0,1,1,0.262493424513414,499.0,0.00390625,1,0
499.0,3.0,499.0,50.0,29.0,113507.34230168782,1,1898,104,7,3,1,4,0.0,0.0,0.0,1.0,0.0,0.0,0.0,0.0,0.0,0.0,0.0,0.0,0.0,0.0,0.0,1.0,0.0,0.0,1.0,2,2,0.26276987888362296,249.5,0.009523809523809525,2,0
1299.0,2.0,1299.0,25.0,22.0,179342.0,1,1817,243,2,4,0,2,0.0,0.0,0.0,0.0,0.0,0.0,0.0,0.0,0.0,0.0,1.0,0.0,0.0,0.0,0.0,0.0,0.0,1.0,5.0,3,1,0.7145214521452146,1299.0,0.004098360655737705,3,0
899.0,2.0,899.0,60.0,38.0,63056.0,1,1281,272,1,3,0,5,0.0,0.0,0.0,0.0,0.0,0.0,0.0,0.0,0.0,0.0,1.0,0.0,0.0,0.0,1.0,0.0,0.0,0.0,3.0,0,3,0.7012480499219969,299.6666666666667,0.003663003663003663,0,1
1999.0,3.0,1999.0,30.0,49.0,199830.0,1,1707,87,7,6,0,5,0.0,0.0,0.0,0.0,0.0,1.0,0.0,0.0,0.0,0.0,0.0,0.0,0.0,0.0,0.0,0.0,0.0,0.0,2.0,3,2,1.170374707259953,999.5,0.011363636363636364,3,0
2599.0,1.0,2599.0,20.0,31.0,119134.0,1,1162,96,7,4,0,5,0.0,0.0,0.0,0.0,0.0,0.0,0.0,0.0,1.0,0.0,0.0,0.0,0.0,0.0,0.0,0.0,1.0,0.0,4.0,2,1,2.2347377472055032,2599.0,0.010309278350515464,2,0
1999.0,3.0,1999.0,30.0,58.0,112051.0,1,1998,285,1,4,1,4,0.0,0.0,0.0,0.0,0.0,0.0,0.0,0.0,0.0,0.0,0.0,0.0,0.0,1.0,0.0,0.0,0.0,0.0,2.0,1,3,1.0,666.3333333333334,0.0034965034965034965,1,1
899.0,1.0,899.0,60.0,26.0,149295.0,1,1302,131,6,4,0,4,0.0,1.0,0.0,0.0,0.0,0.0,0.0,0.0,0.0,0.0,0.0,0.0,0.0,0.0,1.0,0.0,0.0,0.0,3.0,2,3,0.6899462778204144,299.6666666666667,0.007575757575757576,2,1
2599.0,2.0,2599.0,20.0,48.0,48933.0,1,1896,179,4,5,1,2,0.0,0.0,0.0,0.0,0.0,0.0,0.0,0.0,1.0,0.0,0.0,0.0,0.0,0.0,0.0,0.0,1.0,0.0,4.0,0,3,1.3700579862941487,866.3333333333334,0.005555555555555556,0,1
2599.0,1.0,2599.0,20.0,59.0,152001.0,1,1803,205,3,0,1,1,0.0,0.0,0.0,0.0,1.0,0.0,0.0,0.0,0.0,0.0,0.0,0.0,0.0,0.0,0.0,0.0,1.0,0.0,4.0,2,2,1.4406873614190687,1299.5,0.0048543689320388345,2,0
1999.0,1.0,1999.0,30.0,51.0,87695.0,1,1957,229,2,4,1,1,0.0,0.0,0.0,0.0,0.0,0.0,0.0,0.0,1.0,0.0,0.0,0.0,0.0,0.0,0.0,0.0,0.0,0.0,2.0,1,3,1.0209397344228806,666.3333333333334,0.004347826086956522,1,1
1999.0,3.0,1999.0,30.0,41.0,97175.0,1,1275,51,8,0,1,3,1.0,0.0,0.0,0.0,0.0,0.0,0.0,0.0,0.0,0.0,0.0,0.0,0.0,0.0,0.0,0.0,0.0,0.0,2.0,1,4,1.566614420062696,499.75,0.019230769230769232,1,1
499.0,1.0,499.0,50.0,30.0,159076.0,1,1831,159,5,4,0,4,0.0,0.0,0.0,0.0,0.0,0.0,0.0,0.0,0.0,0.0,0.0,0.0,1.0,0.0,0.0,1.0,0.0,0.0,1.0,2,3,0.27237991266375544,166.33333333333334,0.00625,2,1
2599.0,1.0,2599.0,20.0,20.0,113502.14499821239,1,1888,105,7,2,0,2,0.0,0.0,0.0,0.0,0.0,0.0,0.0,0.0,0.0,1.0,0.0,0.0,0.0,0.0,0.0,0.0,1.0,0.0,4.0,1,2,1.3758602435150873,1299.5,0.009433962264150943,1,0
2599.0,1.0,2599.0,20.0,41.0,97175.0,1,1899,252,2,2,1,2,1.0,0.0,0.0,0.0,0.0,0.0,0.0,0.0,0.0,0.0,0.0,0.0,0.0,0.0,0.0,0.0,1.0,0.0,4.0,1,4,1.3678947368421053,649.75,0.003952569169960474,1,1
899.0,3.0,899.0,60.0,45.0,74220.0,1,1219,131,6,4,1,3,0.0,0.0,0.0,0.0,0.0,0.0,0.0,1.0,0.0,0.0,0.0,0.0,0.0,0.0,1.0,0.0,0.0,0.0,3.0,1,2,0.7368852459016394,449.5,0.007575757575757576,1,0
699.0,2.0,699.0,40.0,40.74242554667513,53866.0,1,1730,126,6,2,1,2,0.0,0.0,0.0,0.0,0.0,0.0,0.0,0.0,0.0,0.0,0.0,1.0,0.0,0.0,0.0,0.0,0.0,0.0,0.0,0,1,0.4038128249566724,699.0,0.007874015748031496,0,0
499.0,2.0,499.0,50.0,37.0,113507.34253840802,1,1400,64,8,1,0,1,0.0,0.0,1.0,0.0,0.0,0.0,0.0,0.0,0.0,0.0,0.0,0.0,0.0,0.0,0.0,1.0,0.0,0.0,1.0,2,1,0.3561741613133476,499.0,0.015384615384615385,2,0
1299.0,2.0,1299.0,25.0,64.0,168226.0,1,1762,118,6,3,1,5,0.0,0.0,0.0,0.0,0.0,0.0,0.0,0.0,0.0,1.0,0.0,0.0,0.0,0.0,0.0,0.0,0.0,1.0,5.0,3,2,0.7368122518434487,649.5,0.008403361344537815,3,0
899.0,3.0,899.0,60.0,47.0,25774.0,1,1595,38,9,6,0,2,0.0,0.0,1.0,0.0,0.0,0.0,0.0,0.0,0.0,0.0,0.0,0.0,0.0,0.0,1.0,0.0,0.0,0.0,3.0,0,2,0.5632832080200502,449.5,0.02564102564102564,0,0
699.0,1.0,699.0,40.0,58.0,129787.0,1,1153,144,5,5,1,4,0.0,0.0,0.0,0.0,1.0,0.0,0.0,0.0,0.0,0.0,0.0,0.0,0.0,0.0,0.0,0.0,0.0,0.0,0.0,2,3,0.6057192374350087,233.0,0.006896551724137931,2,1
1999.0,3.0,1999.0,30.0,27.0,41312.0,1,1978,248,2,6,1,5,0.0,1.0,0.0,0.0,0.0,0.0,0.0,0.0,0.0,0.0,0.0,0.0,0.0,0.0,0.0,0.0,0.0,0.0,2.0,0,2,1.0101061141990904,999.5,0.004016064257028112,0,0
499.0,3.0,499.0,50.0,31.0,83936.0,1,1435,272,1,3,1,5,0.0,0.0,0.0,0.0,0.0,0.0,0.0,0.0,0.0,0.0,0.0,0.0,1.0,0.0,0.0,1.0,0.0,0.0,1.0,1,1,0.3474930362116992,499.0,0.003663003663003663,1,0
899.0,3.0,899.0,60.0,40.9459690205449,79042.0,1,1705,269,1,6,0,1,0.0,0.0,0.0,0.0,0.0,0.0,0.0,0.0,0.0,0.0,0.0,0.0,0.0,0.0,1.0,0.0,0.0,0.0,3.0,1,1,0.5269636576787807,899.0,0.003703703703703704,1,0
1999.0,3.0,1999.0,30.0,29.0,47766.0,1,1334,46,8,5,0,3,0.0,0.0,0.0,0.0,0.0,0.0,0.0,0.0,0.0,0.0,0.0,0.0,0.0,1.0,0.0,0.0,0.0,0.0,2.0,0,1,1.497378277153558,1999.0,0.02127659574468085,0,0
699.0,1.0,699.0,40.0,47.0,163677.0,1,1934,139,5,3,1,1,0.0,0.0,0.0,0.0,0.0,0.0,0.0,0.0,0.0,0.0,0.0,0.0,0.0,0.0,0.0,0.0,0.0,0.0,0.0,3,2,0.3612403100775194,349.5,0.007142857142857143,3,0
1999.0,3.0,1999.0,30.0,40.0,116468.0,1,1845,101,7,6,0,0,0.0,0.0,0.0,0.0,0.0,0.0,0.0,1.0,0.0,0.0,0.0,0.0,0.0,0.0,0.0,0.0,0.0,0.0,2.0,2,4,1.0828819068255688,499.75,0.00980392156862745,2,1
2599.0,3.0,2599.0,20.0,28.0,51174.0,1,2002,203,3,2,1,3,0.0,0.0,0.0,0.0,0.0,0.0,0.0,0.0,0.0,0.0,0.0,1.0,0.0,0.0,0.0,0.0,1.0,0.0,4.0,0,3,1.2975536694957563,866.3333333333334,0.004901960784313725,0,1
899.0,3.0,899.0,60.0,41.0413900852128,90119.0,1,1941,213,3,6,1,3,0.0,0.0,0.0,0.0,1.0,0.0,0.0,0.0,0.0,0.0,0.0,0.0,0.0,0.0,1.0,0.0,0.0,0.0,3.0,1,1,0.4629248197734295,899.0,0.004672897196261682,1,0
899.0,2.0,899.0,60.0,27.0,50795.0,1,2072,175,4,2,1,4,0.0,0.0,0.0,0.0,0.0,0.0,0.0,1.0,0.0,0.0,0.0,0.0,0.0,0.0,1.0,0.0,0.0,0.0,3.0,0,1,0.43367100820067533,899.0,0.005681818181818182,0,0
499.0,3.0,499.0,50.0,37.0,39873.0,1,1974,266,1,2,0,1,0.0,0.0,0.0,1.0,0.0,0.0,0.0,0.0,0.0,0.0,0.0,0.0,0.0,0.0,0.0,1.0,0.0,0.0,1.0,0,4,0.25265822784810127,124.75,0.003745318352059925,0,1
1999.0,2.0,1999.0,30.0,50.0,173728.0,1,1165,89,7,4,0,2,0.0,0.0,0.0,0.0,1.0,0.0,0.0,0.0,0.0,0.0,0.0,0.0,0.0,0.0,0.0,0.0,0.0,0.0,2.0,3,1,1.7144082332761579,1999.0,0.011111111111111112,3,0
899.0,1.0,899.0,60.0,23.0,113506.35299808039,1,1609,122,6,6,1,4,0.0,0.0,0.0,0.0,0.0,0.0,0.0,0.0,0.0,0.0,0.0,1.0,0.0,0.0,1.0,0.0,0.0,0.0,3.0,1,2,0.5583850931677019,449.5,0.008130081300813009,1,0
1999.0,3.0,1999.0,30.0,50.0,194018.0,1,2041,153,5,3,0,2,0.0,0.0,0.0,0.0,0.0,1.0,0.0,0.0,0.0,0.0,0.0,0.0,0.0,0.0,0.0,0.0,0.0,0.0,2.0,3,2,0.9789422135161606,999.5,0.006493506493506494,3,0
1999.0,2.0,1999.0,30.0,47.0,152197.0,1,1270,94,7,6,1,5,0.0,0.0,0.0,0.0,0.0,0.0,0.0,0.0,0.0,1.0,0.0,0.0,0.0,0.0,0.0,0.0,0.0,0.0,2.0,2,2,1.5727773406766326,999.5,0.010526315789473684,2,0
2599.0,2.0,2599.0,20.0,27.0,96975.0,1,1669,23,9,0,0,4,0.0,0.0,0.0,0.0,1.0,0.0,0.0,0.0,0.0,0.0,0.0,0.0,0.0,0.0,0.0,0.0,1.0,0.0,4.0,1,2,1.5562874251497005,1299.5,0.041666666666666664,1,0
699.0,2.0,699.0,40.0,62.0,153715.0,1,1285,111,6,3,0,2,0.0,1.0,0.0,0.0,0.0,0.0,0.0,0.0,0.0,0.0,0.0,0.0,0.0,0.0,0.0,0.0,0.0,0.0,0.0,2,1,0.5435458786936236,699.0,0.008928571428571428,2,0
899.0,1.0,899.0,60.0,37.0,172458.0,1,1159,31,9,6,1,4,1.0,0.0,0.0,0.0,0.0,0.0,0.0,0.0,0.0,0.0,0.0,0.0,0.0,0.0,1.0,0.0,0.0,0.0,3.0,3,2,0.775,449.5,0.03125,3,0
699.0,1.0,699.0,40.0,46.0,85633.0,1,1187,144,5,5,1,3,0.0,0.0,0.0,0.0,0.0,0.0,0.0,0.0,0.0,0.0,0.0,1.0,0.0,0.0,0.0,0.0,0.0,0.0,0.0,1,1,0.5883838383838383,699.0,0.006896551724137931,1,0
699.0,3.0,699.0,40.0,56.0,84946.0,1,1929,227,3,6,1,3,0.0,0.0,0.0,0.0,0.0,0.0,0.0,0.0,0.0,0.0,0.0,1.0,0.0,0.0,0.0,0.0,0.0,0.0,0.0,1,2,0.3621761658031088,349.5,0.0043859649122807015,1,0
899.0,2.0,899.0,60.0,46.0,135725.0,1,1147,229,2,4,0,5,0.0,0.0,0.0,0.0,1.0,0.0,0.0,0.0,0.0,0.0,0.0,0.0,0.0,0.0,1.0,0.0,0.0,0.0,3.0,2,3,0.7831010452961672,299.6666666666667,0.004347826086956522,2,1
899.0,3.0,899.0,60.0,53.0,115028.0,1,1176,205,3,0,0,3,0.0,0.0,0.0,0.0,0.0,1.0,0.0,0.0,0.0,0.0,0.0,0.0,0.0,0.0,1.0,0.0,0.0,0.0,3.0,2,1,0.7638062871707731,899.0,0.0048543689320388345,2,0
769.0,1.0,899.0,60.0,51.0,94637.0,1,1903,205,3,0,1,3,0.0,0.0,0.0,0.0,0.0,0.0,0.0,1.0,0.0,0.0,0.0,0.0,0.0,0.0,1.0,0.0,0.0,0.0,3.0,1,1,0.40388655462184875,769.0,0.0048543689320388345,1,0
1859.0,2.0,1999.0,30.0,40.57741289810698,42746.0,1,1688,202,3,3,0,4,0.0,0.0,0.0,1.0,0.0,0.0,0.0,0.0,0.0,0.0,0.0,0.0,0.0,0.0,0.0,0.0,0.0,0.0,2.0,0,2,1.1006512729425695,929.5,0.0049261083743842365,0,0
699.0,3.0,699.0,40.0,47.0,169765.0,1,1547,278,1,4,0,0,0.0,0.0,0.0,0.0,0.0,0.0,0.0,0.0,0.0,0.0,0.0,1.0,0.0,0.0,0.0,0.0,0.0,0.0,0.0,3,2,0.45155038759689925,349.5,0.0035842293906810036,3,0
2599.0,2.0,2599.0,20.0,20.0,169302.0,1,2006,177,4,0,1,4,0.0,0.0,0.0,0.0,0.0,0.0,0.0,0.0,0.0,0.0,0.0,0.0,1.0,0.0,0.0,0.0,1.0,0.0,4.0,3,1,1.2949676133532635,2599.0,0.0056179775280898875,3,0
899.0,2.0,899.0,60.0,39.0,48795.0,1,1904,175,4,2,0,1,0.0,0.0,0.0,0.0,0.0,0.0,0.0,0.0,0.0,0.0,0.0,0.0,0.0,0.0,1.0,0.0,0.0,0.0,3.0,0,1,0.47191601049868764,899.0,0.005681818181818182,0,0
699.0,2.0,699.0,40.0,54.0,20155.0,1,1696,26,9,4,0,1,0.0,0.0,0.0,0.0,0.0,0.0,0.0,0.0,0.0,0.0,0.0,0.0,0.0,0.0,0.0,0.0,0.0,0.0,0.0,0,1,0.41190335886859164,699.0,0.037037037037037035,0,0
2599.0,1.0,2599.0,20.0,61.0,113502.14626041123,1,1244,252,2,2,0,0,0.0,0.0,0.0,0.0,0.0,0.0,0.0,0.0,1.0,0.0,0.0,0.0,0.0,0.0,0.0,0.0,1.0,0.0,4.0,1,2,2.087550200803213,1299.5,0.003952569169960474,1,0
899.0,3.0,899.0,60.0,18.0,38681.0,1,2038,184,4,0,1,4,0.0,0.0,0.0,0.0,0.0,0.0,0.0,0.0,0.0,0.0,0.0,0.0,0.0,1.0,1.0,0.0,0.0,0.0,3.0,0,1,0.44090240313879353,899.0,0.005405405405405406,0,0
1999.0,1.0,1999.0,30.0,19.0,70583.0,1,1466,238,2,2,1,1,0.0,0.0,0.0,0.0,0.0,0.0,0.0,0.0,0.0,0.0,0.0,1.0,0.0,0.0,0.0,0.0,0.0,0.0,2.0,1,1,1.3626448534423994,1999.0,0.0041841004184100415,1,0
1999.0,1.0,1999.0,30.0,21.0,101816.0,1,1779,30,9,0,0,3,0.0,0.0,0.0,0.0,0.0,0.0,1.0,0.0,0.0,0.0,0.0,0.0,0.0,0.0,0.0,0.0,0.0,0.0,2.0,1,1,1.1230337078651684,1999.0,0.03225806451612903,1,0
899.0,1.0,899.0,60.0,24.0,68355.0,1,2047,11,10,5,0,3,0.0,0.0,0.0,1.0,0.0,0.0,0.0,0.0,0.0,0.0,0.0,0.0,0.0,0.0,1.0,0.0,0.0,0.0,3.0,1,2,0.43896484375,449.5,0.08333333333333333,1,0
2599.0,2.0,2599.0,20.0,53.0,140234.0,1,1378,72,8,0,0,3,0.0,0.0,0.0,0.0,0.0,0.0,0.0,0.0,0.0,0.0,0.0,1.0,0.0,0.0,0.0,0.0,1.0,0.0,4.0,2,4,1.8846990572878897,649.75,0.0136986301369863,2,1
499.0,2.0,499.0,50.0,32.0,99003.0,1,1801,170,4,0,0,0,1.0,0.0,0.0,0.0,0.0,0.0,0.0,0.0,0.0,0.0,0.0,0.0,0.0,0.0,0.0,1.0,0.0,0.0,1.0,1,2,0.2769145394006659,249.5,0.005847953216374269,1,0
899.0,2.0,899.0,60.0,34.0,90028.0,1,1876,237,2,3,0,5,0.0,0.0,0.0,0.0,0.0,0.0,0.0,0.0,0.0,0.0,0.0,0.0,0.0,1.0,1.0,0.0,0.0,0.0,3.0,1,2,0.4789557805007991,449.5,0.004201680672268907,1,0
1299.0,2.0,1299.0,25.0,31.0,65838.0,1,1905,245,2,2,0,1,0.0,0.0,0.0,1.0,0.0,0.0,0.0,0.0,0.0,0.0,0.0,0.0,0.0,0.0,0.0,0.0,0.0,1.0,5.0,0,3,0.6815320041972718,433.0,0.0040650406504065045,0,1
1999.0,3.0,1999.0,30.0,19.0,152161.0,1,1766,285,1,4,1,1,1.0,0.0,0.0,0.0,0.0,0.0,0.0,0.0,0.0,0.0,0.0,0.0,0.0,0.0,0.0,0.0,0.0,0.0,2.0,2,2,1.1312959818902093,999.5,0.0034965034965034965,2,0
499.0,1.0,499.0,50.0,18.0,60197.0,1,1644,21,9,2,0,4,0.0,0.0,0.0,0.0,0.0,0.0,0.0,0.0,0.0,0.0,0.0,0.0,0.0,1.0,0.0,1.0,0.0,0.0,1.0,0,2,0.30334346504559273,249.5,0.045454545454545456,0,0
2599.0,2.0,2599.0,20.0,53.0,25347.0,1,1728,78,7,1,1,2,0.0,1.0,0.0,0.0,0.0,0.0,0.0,0.0,0.0,0.0,0.0,0.0,0.0,0.0,0.0,0.0,1.0,0.0,4.0,0,1,1.5031810294968189,2599.0,0.012658227848101266,0,0
699.0,2.0,699.0,40.0,59.0,98815.0,1,2021,158,5,5,1,3,0.0,0.0,0.0,0.0,0.0,0.0,0.0,0.0,1.0,0.0,0.0,0.0,0.0,0.0,0.0,0.0,0.0,0.0,0.0,1,3,0.3456973293768546,233.0,0.006289308176100629,1,1
1999.0,3.0,1999.0,30.0,43.0,182777.0,1,1373,146,5,3,1,2,0.0,1.0,0.0,0.0,0.0,0.0,0.0,0.0,0.0,0.0,0.0,0.0,0.0,0.0,0.0,0.0,0.0,0.0,2.0,3,2,1.4548762736535663,999.5,0.006802721088435374,3,0
699.0,1.0,699.0,40.0,32.0,169817.0,1,1704,40,9,4,0,3,0.0,0.0,1.0,0.0,0.0,0.0,0.0,0.0,0.0,0.0,0.0,0.0,0.0,0.0,0.0,0.0,0.0,0.0,0.0,3,2,0.4099706744868035,349.5,0.024390243902439025,3,0
1999.0,3.0,1999.0,30.0,52.0,27896.0,1,1686,130,6,5,0,2,0.0,0.0,0.0,0.0,0.0,0.0,0.0,0.0,0.0,0.0,1.0,0.0,0.0,0.0,0.0,0.0,0.0,0.0,2.0,0,1,1.1849436870183758,1999.0,0.007633587786259542,0,0
2599.0,3.0,2599.0,20.0,20.0,88920.0,1,1464,227,3,6,1,1,0.0,0.0,0.0,1.0,0.0,0.0,0.0,0.0,0.0,0.0,0.0,0.0,0.0,0.0,0.0,0.0,1.0,0.0,4.0,1,2,1.774061433447099,1299.5,0.0043859649122807015,1,0
899.0,1.0,899.0,60.0,46.0,135725.0,1,2021,236,2,4,0,1,0.0,0.0,0.0,0.0,1.0,0.0,0.0,0.0,0.0,0.0,0.0,0.0,0.0,0.0,1.0,0.0,0.0,0.0,3.0,2,3,0.4446092977250247,299.6666666666667,0.004219409282700422,2,1
899.0,1.0,899.0,60.0,43.0,100257.0,1,1800,261,1,0,1,3,0.0,0.0,1.0,0.0,0.0,0.0,0.0,0.0,0.0,0.0,0.0,0.0,0.0,0.0,1.0,0.0,0.0,0.0,3.0,1,1,0.4991671293725708,899.0,0.003816793893129771,1,0
2242.0,3.0,2599.0,20.0,49.0,199402.0,1,1429,46,8,5,0,1,0.0,0.0,0.0,0.0,0.0,0.0,0.0,0.0,0.0,1.0,0.0,0.0,0.0,0.0,0.0,0.0,1.0,0.0,4.0,3,3,1.5678321678321678,747.3333333333334,0.02127659574468085,3,1
439.0,3.0,499.0,50.0,18.0,103457.0,1,1720,268,1,0,1,4,0.0,0.0,0.0,0.0,1.0,0.0,0.0,0.0,0.0,0.0,0.0,0.0,0.0,0.0,0.0,1.0,0.0,0.0,1.0,1,2,0.25508425334108076,219.5,0.0037174721189591076,1,0
899.0,3.0,899.0,60.0,40.0,50682.0,1,1228,141,5,1,1,3,0.0,0.0,0.0,0.0,1.0,0.0,0.0,0.0,0.0,0.0,0.0,0.0,0.0,0.0,1.0,0.0,0.0,0.0,3.0,0,1,0.7314890154597233,899.0,0.007042253521126761,0,0
1915.0,2.0,1999.0,30.0,54.0,105376.0,1,1376,34,9,3,1,1,0.0,0.0,0.0,0.0,0.0,1.0,0.0,0.0,0.0,0.0,0.0,0.0,0.0,0.0,0.0,0.0,0.0,0.0,2.0,1,2,1.3907044299201161,957.5,0.02857142857142857,1,0
699.0,1.0,699.0,40.0,28.0,51174.0,1,2065,141,5,1,1,3,0.0,0.0,0.0,0.0,0.0,0.0,0.0,0.0,0.0,0.0,0.0,1.0,0.0,0.0,0.0,0.0,0.0,0.0,0.0,0,3,0.3383349467570184,233.0,0.007042253521126761,0,1
1999.0,3.0,1999.0,30.0,64.0,155870.0,1,1541,169,4,1,0,5,0.0,1.0,0.0,0.0,0.0,0.0,0.0,0.0,0.0,0.0,0.0,0.0,0.0,0.0,0.0,0.0,0.0,0.0,2.0,2,2,1.2963683527885863,999.5,0.0058823529411764705,2,0
2296.0,1.0,2599.0,20.0,47.0,165643.0,1,1913,207,3,5,0,4,0.0,0.0,0.0,0.0,0.0,0.0,0.0,0.0,0.0,0.0,0.0,1.0,0.0,0.0,0.0,0.0,1.0,0.0,4.0,3,2,1.199582027168234,1148.0,0.004807692307692308,3,0
899.0,3.0,899.0,60.0,53.0,179803.0,1,1327,80,7,6,1,0,0.0,0.0,0.0,0.0,1.0,0.0,0.0,0.0,0.0,0.0,0.0,0.0,0.0,0.0,1.0,0.0,0.0,0.0,3.0,3,1,0.6769578313253012,899.0,0.012345679012345678,3,0
1896.0,2.0,1999.0,30.0,19.0,29496.0,1,1733,6,10,3,1,4,0.0,1.0,0.0,0.0,0.0,0.0,0.0,0.0,0.0,0.0,0.0,0.0,0.0,0.0,0.0,0.0,0.0,0.0,2.0,0,1,1.0934256055363323,1896.0,0.14285714285714285,0,0
1999.0,2.0,1999.0,30.0,22.0,98002.0,1,1674,110,6,4,0,2,0.0,0.0,0.0,0.0,0.0,0.0,0.0,0.0,0.0,0.0,0.0,0.0,0.0,0.0,0.0,0.0,0.0,0.0,2.0,1,1,1.1934328358208954,1999.0,0.009009009009009009,1,0
1999.0,3.0,1999.0,30.0,50.0,39033.0,1,1506,81,7,5,0,0,1.0,0.0,0.0,0.0,0.0,0.0,0.0,0.0,0.0,0.0,0.0,0.0,0.0,0.0,0.0,0.0,0.0,0.0,2.0,0,2,1.3264764432647644,999.5,0.012195121951219513,0,0
1299.0,3.0,1299.0,25.0,25.0,91229.0,1,1349,233,2,0,1,3,0.0,0.0,0.0,0.0,0.0,0.0,1.0,0.0,0.0,0.0,0.0,0.0,0.0,0.0,0.0,0.0,0.0,1.0,5.0,1,4,0.9622222222222222,324.75,0.004273504273504274,1,1
1999.0,2.0,1999.0,30.0,48.0,116722.0,1,1447,25,9,5,1,4,1.0,0.0,0.0,0.0,0.0,0.0,0.0,0.0,0.0,0.0,0.0,0.0,0.0,0.0,0.0,0.0,0.0,0.0,2.0,2,3,1.3805248618784531,666.3333333333334,0.038461538461538464,2,1
1999.0,3.0,1999.0,30.0,54.0,74312.0,1,1682,159,5,4,1,3,0.0,0.0,1.0,0.0,0.0,0.0,0.0,0.0,0.0,0.0,0.0,0.0,0.0,0.0,0.0,0.0,0.0,0.0,2.0,1,1,1.1877599524658349,1999.0,0.00625,1,0
899.0,2.0,899.0,60.0,43.0,163996.0,1,1696,114,6,0,0,1,0.0,1.0,0.0,0.0,0.0,0.0,0.0,0.0,0.0,0.0,0.0,0.0,0.0,0.0,1.0,0.0,0.0,0.0,3.0,3,1,0.5297583971714791,899.0,0.008695652173913044,3,0
899.0,1.0,899.0,60.0,58.0,148775.0,1,1426,41,9,3,0,4,0.0,0.0,0.0,0.0,0.0,0.0,0.0,0.0,0.0,0.0,0.0,0.0,0.0,1.0,1.0,0.0,0.0,0.0,3.0,2,1,0.6299929922915207,899.0,0.023809523809523808,2,0
499.0,2.0,499.0,50.0,19.0,188876.0,1,1598,170,4,0,1,1,0.0,0.0,0.0,0.0,0.0,0.0,0.0,0.0,0.0,0.0,0.0,0.0,0.0,0.0,0.0,1.0,0.0,0.0,1.0,3,2,0.31207004377736086,249.5,0.005847953216374269,3,0
1299.0,1.0,1299.0,25.0,57.0,180372.0,1,1467,153,5,3,0,4,0.0,0.0,0.0,0.0,0.0,0.0,0.0,1.0,0.0,0.0,0.0,0.0,0.0,0.0,0.0,0.0,0.0,1.0,5.0,3,3,0.8848773841961853,433.0,0.006493506493506494,3,1
499.0,1.0,499.0,50.0,19.0,195006.0,1,1643,112,6,2,1,5,0.0,0.0,0.0,0.0,0.0,0.0,0.0,0.0,0.0,0.0,0.0,1.0,0.0,0.0,0.0,1.0,0.0,0.0,1.0,3,2,0.3035279805352798,249.5,0.008849557522123894,3,0
699.0,3.0,699.0,40.0,36.0,175289.0,1,2047,176,4,1,0,2,0.0,0.0,0.0,0.0,0.0,0.0,0.0,0.0,0.0,0.0,0.0,0.0,1.0,0.0,0.0,0.0,0.0,0.0,0.0,3,3,0.34130859375,233.0,0.005649717514124294,3,1
699.0,2.0,699.0,40.0,20.0,26643.0,1,1337,190,4,1,1,5,0.0,0.0,0.0,0.0,0.0,0.0,0.0,0.0,0.0,0.0,0.0,0.0,0.0,0.0,0.0,0.0,0.0,0.0,0.0,0,2,0.5224215246636771,349.5,0.005235602094240838,0,0
699.0,1.0,699.0,40.0,31.0,120311.0,1,1749,152,5,4,0,1,0.0,0.0,0.0,0.0,0.0,0.0,0.0,1.0,0.0,0.0,0.0,0.0,0.0,0.0,0.0,0.0,0.0,0.0,0.0,2,1,0.3994285714285714,699.0,0.006535947712418301,2,0
699.0,1.0,699.0,40.0,33.0,46832.0,1,1438,105,7,2,1,3,0.0,0.0,0.0,1.0,0.0,0.0,0.0,0.0,0.0,0.0,0.0,0.0,0.0,0.0,0.0,0.0,0.0,0.0,0.0,0,2,0.4857539958304378,349.5,0.009433962264150943,0,0
499.0,3.0,499.0,50.0,41.64038223847654,156535.0,1,1759,35,9,2,1,4,0.0,1.0,0.0,0.0,0.0,0.0,0.0,0.0,0.0,0.0,0.0,0.0,0.0,0.0,0.0,1.0,0.0,0.0,1.0,2,2,0.28352272727272726,249.5,0.027777777777777776,2,0
1999.0,3.0,1999.0,30.0,56.0,116774.0,1,1680,97,7,3,1,0,0.0,0.0,0.0,0.0,0.0,0.0,0.0,0.0,0.0,0.0,0.0,1.0,0.0,0.0,0.0,0.0,0.0,0.0,2.0,2,2,1.1891731112433075,999.5,0.01020408163265306,2,0
899.0,2.0,899.0,60.0,38.0,159401.0,1,1435,147,5,2,1,3,0.0,0.0,0.0,0.0,0.0,0.0,1.0,0.0,0.0,0.0,0.0,0.0,0.0,0.0,1.0,0.0,0.0,0.0,3.0,2,2,0.6260445682451253,449.5,0.006756756756756757,2,0
1999.0,1.0,1999.0,30.0,44.0,64638.0,1,1634,222,3,4,1,1,0.0,0.0,0.0,0.0,1.0,0.0,0.0,0.0,0.0,0.0,0.0,0.0,0.0,0.0,0.0,0.0,0.0,0.0,2.0,0,1,1.2226299694189602,1999.0,0.004484304932735426,0,0
899.0,3.0,899.0,60.0,40.53353320148373,31205.0,1,2109,271,1,4,0,3,0.0,0.0,0.0,0.0,0.0,0.0,0.0,1.0,0.0,0.0,0.0,0.0,0.0,0.0,1.0,0.0,0.0,0.0,3.0,0,1,0.4260663507109005,899.0,0.003676470588235294,0,0
899.0,1.0,899.0,60.0,59.0,145736.0,1,1334,53,8,5,1,1,0.0,0.0,0.0,0.0,0.0,0.0,0.0,0.0,0.0,0.0,0.0,1.0,0.0,0.0,1.0,0.0,0.0,0.0,3.0,2,2,0.6734082397003746,449.5,0.018518518518518517,2,0
1999.0,1.0,1999.0,30.0,19.0,180237.0,1,1796,283,1,6,1,5,0.0,0.0,0.0,0.0,0.0,0.0,0.0,1.0,0.0,0.0,0.0,0.0,0.0,0.0,0.0,0.0,0.0,0.0,2.0,3,2,1.112409571508069,999.5,0.0035211267605633804,3,0
699.0,2.0,699.0,40.0,45.0,148202.0,1,2109,121,6,0,1,4,0.0,0.0,0.0,0.0,0.0,0.0,0.0,0.0,0.0,0.0,1.0,0.0,0.0,0.0,0.0,0.0,0.0,0.0,0.0,2,2,0.33127962085308055,349.5,0.00819672131147541,2,0
1299.0,2.0,1299.0,25.0,53.0,75077.0,1,1388,166,5,4,1,2,0.0,1.0,0.0,0.0,0.0,0.0,0.0,0.0,0.0,0.0,0.0,0.0,0.0,0.0,0.0,0.0,0.0,1.0,5.0,1,1,0.9352051835853131,1299.0,0.005988023952095809,1,0
1999.0,2.0,1999.0,30.0,36.0,26823.0,1,1714,32,9,5,1,1,0.0,0.0,0.0,0.0,0.0,0.0,1.0,0.0,0.0,0.0,0.0,0.0,0.0,0.0,0.0,0.0,0.0,0.0,2.0,0,2,1.165597667638484,999.5,0.030303030303030304,0,0
899.0,2.0,899.0,60.0,61.0,41727.0,1,1191,101,7,6,1,2,0.0,0.0,0.0,0.0,0.0,0.0,0.0,0.0,0.0,0.0,0.0,0.0,0.0,1.0,1.0,0.0,0.0,0.0,3.0,0,1,0.7541946308724832,899.0,0.00980392156862745,0,0
899.0,1.0,899.0,60.0,52.0,157069.0,1,1288,170,4,0,1,1,0.0,0.0,0.0,0.0,0.0,0.0,0.0,0.0,0.0,1.0,0.0,0.0,0.0,0.0,1.0,0.0,0.0,0.0,3.0,2,1,0.6974398758727696,899.0,0.005847953216374269,2,0
1299.0,2.0,1299.0,25.0,23.0,147795.0,1,1500,66,8,6,1,3,0.0,0.0,0.0,1.0,0.0,0.0,0.0,0.0,0.0,0.0,0.0,0.0,0.0,0.0,0.0,0.0,0.0,1.0,5.0,2,1,0.8654230512991339,1299.0,0.014925373134328358,2,0
699.0,2.0,699.0,40.0,56.0,103986.0,1,1237,211,3,1,0,5,0.0,0.0,0.0,0.0,0.0,0.0,0.0,0.0,0.0,1.0,0.0,0.0,0.0,0.0,0.0,0.0,0.0,0.0,0.0,1,2,0.5646203554119548,349.5,0.0047169811320754715,1,0
499.0,3.0,499.0,50.0,28.0,186892.0,1,1906,219,3,0,1,0,0.0,0.0,0.0,0.0,0.0,0.0,0.0,1.0,0.0,0.0,0.0,0.0,0.0,0.0,0.0,1.0,0.0,0.0,1.0,3,1,0.2616675406397483,499.0,0.004545454545454545,3,0
1999.0,2.0,1999.0,30.0,41.309061204957096,129472.0,1,1731,134,6,1,0,0,0.0,0.0,0.0,0.0,0.0,0.0,0.0,0.0,0.0,0.0,1.0,0.0,0.0,0.0,0.0,0.0,0.0,0.0,2.0,2,2,1.1541570438799076,999.5,0.007407407407407408,2,0
1726.0,1.0,1999.0,30.0,64.0,101835.0,1,1896,257,1,4,0,1,0.0,0.0,0.0,0.0,0.0,1.0,0.0,0.0,0.0,0.0,0.0,0.0,0.0,0.0,0.0,0.0,0.0,0.0,2.0,1,3,0.9098576700052715,575.3333333333334,0.003875968992248062,1,1
1299.0,2.0,1299.0,25.0,49.0,23744.0,1,1946,238,2,2,0,5,0.0,0.0,0.0,0.0,0.0,1.0,0.0,0.0,0.0,0.0,0.0,0.0,0.0,0.0,0.0,0.0,0.0,1.0,5.0,0,1,0.6671802773497689,1299.0,0.0041841004184100415,0,0
1299.0,3.0,1299.0,25.0,57.0,22261.0,1,1796,1,10,1,1,2,0.0,0.0,0.0,0.0,0.0,0.0,0.0,0.0,0.0,0.0,0.0,0.0,1.0,0.0,0.0,0.0,0.0,1.0,5.0,0,1,0.7228714524207012,1299.0,0.5,0,0
1299.0,2.0,1299.0,25.0,48.0,157416.0,1,1215,225,3,1,0,0,1.0,0.0,0.0,0.0,0.0,0.0,0.0,0.0,0.0,0.0,0.0,0.0,0.0,0.0,0.0,0.0,0.0,1.0,5.0,2,3,1.0682565789473684,433.0,0.004424778761061947,2,1
2599.0,1.0,2599.0,20.0,63.0,187860.0,1,1615,12,10,4,1,1,1.0,0.0,0.0,0.0,0.0,0.0,0.0,0.0,0.0,0.0,0.0,0.0,0.0,0.0,0.0,0.0,1.0,0.0,4.0,3,1,1.6082920792079207,2599.0,0.07692307692307693,3,0
1299.0,2.0,1299.0,25.0,41.0,24648.0,1,1259,26,9,4,1,5,0.0,0.0,0.0,0.0,0.0,0.0,0.0,1.0,0.0,0.0,0.0,0.0,0.0,0.0,0.0,0.0,0.0,1.0,5.0,0,1,1.0309523809523808,1299.0,0.037037037037037035,0,0
2599.0,3.0,2599.0,20.0,47.0,163677.0,1,1754,92,7,1,1,4,0.0,0.0,0.0,0.0,0.0,0.0,0.0,0.0,0.0,0.0,0.0,0.0,0.0,0.0,0.0,0.0,1.0,0.0,4.0,3,2,1.480911680911681,1299.5,0.010752688172043012,3,0
899.0,3.0,899.0,60.0,35.0,33428.0,1,1949,202,3,3,0,1,1.0,0.0,0.0,0.0,0.0,0.0,0.0,0.0,0.0,0.0,0.0,0.0,0.0,0.0,1.0,0.0,0.0,0.0,3.0,0,1,0.46102564102564103,899.0,0.0049261083743842365,0,0
1299.0,1.0,1299.0,25.0,25.0,154832.0,1,1553,80,7,6,1,3,0.0,0.0,0.0,0.0,0.0,0.0,0.0,0.0,0.0,0.0,0.0,0.0,1.0,0.0,0.0,0.0,0.0,1.0,5.0,2,2,0.8359073359073359,649.5,0.012345679012345678,2,0
699.0,3.0,699.0,40.0,33.0,83530.0,1,1472,125,6,3,0,2,1.0,0.0,0.0,0.0,0.0,0.0,0.0,0.0,0.0,0.0,0.0,0.0,0.0,0.0,0.0,0.0,0.0,0.0,0.0,1,1,0.4745417515274949,699.0,0.007936507936507936,1,0
2599.0,2.0,2599.0,20.0,53.0,48854.0,1,1971,85,7,1,1,5,0.0,1.0,0.0,0.0,0.0,0.0,0.0,0.0,0.0,0.0,0.0,0.0,0.0,0.0,0.0,0.0,1.0,0.0,4.0,0,2,1.317951318458418,1299.5,0.011627906976744186,0,0
899.0,2.0,899.0,60.0,30.0,191675.0,1,1614,21,9,2,1,2,0.0,0.0,0.0,0.0,0.0,0.0,0.0,0.0,0.0,0.0,0.0,1.0,0.0,0.0,1.0,0.0,0.0,0.0,3.0,3,2,0.556656346749226,449.5,0.045454545454545456,3,0
699.0,3.0,699.0,40.0,33.0,175331.0,1,1488,223,3,3,0,4,0.0,0.0,0.0,0.0,1.0,0.0,0.0,0.0,0.0,0.0,0.0,0.0,0.0,0.0,0.0,0.0,0.0,0.0,0.0,3,1,0.4694425789120215,699.0,0.004464285714285714,3,0
2599.0,1.0,2599.0,20.0,43.0,166451.0,1,1211,247,2,0,0,5,0.0,0.0,0.0,0.0,0.0,0.0,0.0,1.0,0.0,0.0,0.0,0.0,0.0,0.0,0.0,0.0,1.0,0.0,4.0,3,1,2.1443894389438944,2599.0,0.004032258064516129,3,0
899.0,3.0,899.0,60.0,61.0,174983.0,1,1354,45,8,6,1,4,0.0,0.0,0.0,0.0,0.0,0.0,0.0,0.0,0.0,0.0,1.0,0.0,0.0,0.0,1.0,0.0,0.0,0.0,3.0,3,3,0.6634686346863469,299.6666666666667,0.021739130434782608,3,1
499.0,1.0,499.0,50.0,64.0,183856.0,1,1774,245,2,2,0,3,0.0,0.0,0.0,0.0,0.0,0.0,0.0,0.0,0.0,0.0,0.0,0.0,0.0,1.0,0.0,1.0,0.0,0.0,1.0,3,2,0.28112676056338026,249.5,0.0040650406504065045,3,0
1999.0,2.0,1999.0,30.0,41.806171720890916,187132.0,1,1175,88,7,5,0,5,0.0,0.0,0.0,0.0,0.0,0.0,0.0,0.0,0.0,0.0,0.0,0.0,0.0,0.0,0.0,0.0,0.0,0.0,2.0,3,1,1.6998299319727892,1999.0,0.011235955056179775,3,0
699.0,1.0,699.0,40.0,33.0,46832.0,1,1285,223,3,3,1,0,0.0,0.0,0.0,1.0,0.0,0.0,0.0,0.0,0.0,0.0,0.0,0.0,0.0,0.0,0.0,0.0,0.0,0.0,0.0,0,2,0.5435458786936236,349.5,0.004464285714285714,0,0
659.0,2.0,699.0,40.0,26.0,144661.0,1,1443,44,9,0,1,2,0.0,0.0,0.0,0.0,0.0,0.0,0.0,0.0,0.0,0.0,1.0,0.0,0.0,0.0,0.0,0.0,0.0,0.0,0.0,2,3,0.45637119113573404,219.66666666666666,0.022222222222222223,2,1
1999.0,1.0,1999.0,30.0,61.0,105090.0,1,1556,60,8,5,1,3,0.0,0.0,0.0,0.0,0.0,1.0,0.0,0.0,0.0,0.0,0.0,0.0,0.0,0.0,0.0,0.0,0.0,0.0,2.0,1,2,1.2838792549775209,999.5,0.01639344262295082,1,0
2599.0,3.0,2599.0,20.0,50.0,57772.0,1,1252,54,8,4,1,3,0.0,0.0,0.0,0.0,0.0,0.0,0.0,0.0,0.0,0.0,0.0,0.0,0.0,0.0,0.0,0.0,1.0,0.0,4.0,0,3,2.074221867517957,866.3333333333334,0.01818181818181818,0,1
2599.0,3.0,2599.0,20.0,48.0,48933.0,1,1657,19,9,4,1,0,0.0,0.0,0.0,0.0,0.0,0.0,0.0,0.0,1.0,0.0,0.0,0.0,0.0,0.0,0.0,0.0,1.0,0.0,4.0,0,3,1.5675512665862485,866.3333333333334,0.05,0,1
1999.0,3.0,1999.0,30.0,23.0,146498.0,1,1808,41,9,3,0,2,0.0,0.0,0.0,0.0,0.0,0.0,0.0,0.0,0.0,0.0,0.0,1.0,0.0,0.0,0.0,0.0,0.0,0.0,2.0,2,1,1.1050304035378662,1999.0,0.023809523809523808,2,0
499.0,2.0,499.0,50.0,26.0,161877.0,1,1827,76,7,3,1,2,0.0,0.0,0.0,0.0,0.0,0.0,0.0,0.0,0.0,0.0,0.0,0.0,0.0,1.0,0.0,1.0,0.0,0.0,1.0,3,3,0.27297592997811815,166.33333333333334,0.012987012987012988,3,1
1199.0,2.0,1299.0,25.0,30.0,140029.0,1,2062,111,6,3,0,1,0.0,0.0,0.0,1.0,0.0,0.0,0.0,0.0,0.0,0.0,0.0,0.0,0.0,0.0,0.0,0.0,0.0,1.0,5.0,2,2,0.5811924381968008,599.5,0.008928571428571428,2,0
1957.0,1.0,1999.0,30.0,48.0,134586.0,1,2096,134,6,1,1,0,1.0,0.0,0.0,0.0,0.0,0.0,0.0,0.0,0.0,0.0,0.0,0.0,0.0,0.0,0.0,0.0,0.0,0.0,2.0,2,1,0.933237958989032,1957.0,0.007407407407407408,2,0
899.0,1.0,899.0,60.0,31.0,168781.0,1,1595,169,4,1,1,3,1.0,0.0,0.0,0.0,0.0,0.0,0.0,0.0,0.0,0.0,0.0,0.0,0.0,0.0,1.0,0.0,0.0,0.0,3.0,3,3,0.5632832080200502,299.6666666666667,0.0058823529411764705,3,1
1299.0,2.0,1299.0,25.0,39.0,167226.0,1,1517,64,8,1,0,3,0.0,0.0,0.0,0.0,0.0,0.0,0.0,0.0,0.0,0.0,0.0,0.0,0.0,1.0,0.0,0.0,0.0,1.0,5.0,3,1,0.8557312252964426,1299.0,0.015384615384615385,3,0
699.0,2.0,699.0,40.0,42.0,93445.0,1,1796,88,7,5,1,5,0.0,0.0,0.0,0.0,0.0,0.0,0.0,0.0,0.0,0.0,1.0,0.0,0.0,0.0,0.0,0.0,0.0,0.0,0.0,1,1,0.38898163606010017,699.0,0.011235955056179775,1,0
1217.0,2.0,1299.0,25.0,22.0,182728.0,1,1689,148,5,1,1,3,0.0,0.0,0.0,0.0,0.0,0.0,0.0,0.0,0.0,0.0,0.0,1.0,0.0,0.0,0.0,0.0,0.0,1.0,5.0,3,1,0.7201183431952662,1217.0,0.006711409395973154,3,0
2599.0,1.0,2599.0,20.0,54.0,38351.0,1,1159,76,7,3,0,2,0.0,1.0,0.0,0.0,0.0,0.0,0.0,0.0,0.0,0.0,0.0,0.0,0.0,0.0,0.0,0.0,1.0,0.0,4.0,0,1,2.2405172413793104,2599.0,0.012987012987012988,0,0
499.0,3.0,499.0,50.0,39.0,199510.0,1,1120,231,2,2,0,2,0.0,0.0,0.0,0.0,0.0,0.0,0.0,0.0,0.0,1.0,0.0,0.0,0.0,0.0,0.0,1.0,0.0,0.0,1.0,3,1,0.4451382694023194,499.0,0.004310344827586207,3,0
1999.0,1.0,1999.0,30.0,33.0,38708.0,1,1229,36,9,1,0,5,0.0,0.0,0.0,0.0,0.0,0.0,0.0,0.0,0.0,0.0,1.0,0.0,0.0,0.0,0.0,0.0,0.0,0.0,2.0,0,2,1.6252032520325204,999.5,0.02702702702702703,0,0
499.0,1.0,499.0,50.0,22.0,186597.0,1,1941,276,1,6,0,3,0.0,0.0,0.0,0.0,0.0,1.0,0.0,0.0,0.0,0.0,0.0,0.0,0.0,0.0,0.0,1.0,0.0,0.0,1.0,3,3,0.256951596292482,166.33333333333334,0.0036101083032490976,3,1
499.0,3.0,499.0,50.0,22.0,164355.0,1,1498,63,8,2,1,1,0.0,0.0,0.0,0.0,0.0,0.0,0.0,0.0,0.0,0.0,0.0,0.0,0.0,0.0,0.0,1.0,0.0,0.0,1.0,3,3,0.33288859239492996,166.33333333333334,0.015625,3,1
595.0,2.0,699.0,40.0,40.0,113506.9704526445,1,1394,112,6,2,1,1,0.0,0.0,0.0,0.0,0.0,0.0,0.0,0.0,0.0,0.0,1.0,0.0,0.0,0.0,0.0,0.0,0.0,0.0,0.0,2,2,0.4265232974910394,297.5,0.008849557522123894,2,0
899.0,2.0,899.0,60.0,44.0,165544.0,1,1869,271,1,4,1,0,0.0,0.0,0.0,0.0,0.0,0.0,0.0,0.0,0.0,0.0,0.0,0.0,0.0,1.0,1.0,0.0,0.0,0.0,3.0,3,1,0.4807486631016043,899.0,0.003676470588235294,3,0
670.0,2.0,699.0,40.0,62.0,187296.0,1,1415,9,10,0,0,4,0.0,0.0,0.0,0.0,0.0,0.0,0.0,0.0,0.0,0.0,0.0,0.0,0.0,0.0,0.0,0.0,0.0,0.0,0.0,3,2,0.4731638418079096,335.0,0.1,3,0
699.0,1.0,699.0,40.0,23.0,175930.0,1,1877,92,7,1,1,2,0.0,0.0,0.0,0.0,0.0,0.0,0.0,0.0,1.0,0.0,0.0,0.0,0.0,0.0,0.0,0.0,0.0,0.0,0.0,3,3,0.3722044728434505,233.0,0.010752688172043012,3,1
2599.0,3.0,2599.0,20.0,57.0,66857.0,1,1775,161,5,2,1,0,0.0,0.0,0.0,0.0,0.0,0.0,0.0,1.0,0.0,0.0,0.0,0.0,0.0,0.0,0.0,0.0,1.0,0.0,4.0,1,1,1.4634009009009008,2599.0,0.006172839506172839,1,0
699.0,3.0,699.0,40.0,64.0,155870.0,1,1766,21,9,2,0,4,0.0,1.0,0.0,0.0,0.0,0.0,0.0,0.0,0.0,0.0,0.0,0.0,0.0,0.0,0.0,0.0,0.0,0.0,0.0,2,2,0.39558573853989815,349.5,0.045454545454545456,2,0
899.0,1.0,899.0,60.0,36.0,111396.0,1,2029,122,6,6,1,2,0.0,0.0,0.0,0.0,0.0,0.0,0.0,0.0,0.0,0.0,0.0,0.0,0.0,1.0,1.0,0.0,0.0,0.0,3.0,1,2,0.44285714285714284,449.5,0.008130081300813009,1,0
2550.0,2.0,2599.0,20.0,40.527940167296194,42746.0,1,1394,225,3,1,0,3,0.0,0.0,0.0,1.0,0.0,0.0,0.0,0.0,0.0,0.0,0.0,0.0,0.0,0.0,0.0,0.0,1.0,0.0,4.0,0,2,1.8279569892473118,1275.0,0.004424778761061947,0,0
2599.0,3.0,2599.0,20.0,45.0,113502.14574637318,1,1525,261,1,0,1,2,0.0,1.0,0.0,0.0,0.0,0.0,0.0,0.0,0.0,0.0,0.0,0.0,0.0,0.0,0.0,0.0,1.0,0.0,4.0,1,2,1.703145478374836,1299.5,0.003816793893129771,1,0
499.0,1.0,499.0,50.0,41.81304221384692,176570.0,1,1496,121,6,0,1,0,0.0,0.0,0.0,0.0,0.0,0.0,1.0,0.0,0.0,0.0,0.0,0.0,0.0,0.0,0.0,1.0,0.0,0.0,1.0,3,1,0.3333333333333333,499.0,0.00819672131147541,3,0
1299.0,1.0,1299.0,25.0,61.0,113505.36279426028,1,2037,163,5,0,0,0,0.0,0.0,0.0,0.0,0.0,0.0,0.0,0.0,1.0,0.0,0.0,0.0,0.0,0.0,0.0,0.0,0.0,1.0,5.0,1,2,0.6373895976447498,649.5,0.006097560975609756,1,0
499.0,3.0,499.0,50.0,50.0,57772.0,1,1169,44,9,0,1,5,0.0,0.0,0.0,0.0,0.0,0.0,0.0,0.0,0.0,0.0,0.0,0.0,0.0,0.0,0.0,1.0,0.0,0.0,1.0,0,3,0.4264957264957265,166.33333333333334,0.022222222222222223,0,1
699.0,1.0,699.0,40.0,26.0,149295.0,1,1366,160,5,3,0,4,0.0,1.0,0.0,0.0,0.0,0.0,0.0,0.0,0.0,0.0,0.0,0.0,0.0,0.0,0.0,0.0,0.0,0.0,0.0,2,3,0.5113386978785662,233.0,0.006211180124223602,2,1
499.0,1.0,499.0,50.0,46.0,158311.0,1,2028,257,1,4,1,2,1.0,0.0,0.0,0.0,0.0,0.0,0.0,0.0,0.0,0.0,0.0,0.0,0.0,0.0,0.0,1.0,0.0,0.0,1.0,2,3,0.24593395761458847,166.33333333333334,0.003875968992248062,2,1
2599.0,1.0,2599.0,20.0,40.0,82424.0,1,2075,233,2,0,0,3,0.0,0.0,1.0,0.0,0.0,0.0,0.0,0.0,0.0,0.0,0.0,0.0,0.0,0.0,0.0,0.0,1.0,0.0,4.0,1,3,1.251926782273603,866.3333333333334,0.004273504273504274,1,1
699.0,2.0,699.0,40.0,50.0,108664.0,1,1770,110,6,4,0,3,0.0,0.0,0.0,0.0,0.0,0.0,0.0,0.0,0.0,0.0,0.0,0.0,1.0,0.0,0.0,0.0,0.0,0.0,0.0,1,2,0.39469226425748166,349.5,0.009009009009009009,1,0
631.0,2.0,699.0,40.0,27.0,28770.0,1,1546,219,3,0,1,5,0.0,0.0,0.0,0.0,0.0,0.0,0.0,0.0,1.0,0.0,0.0,0.0,0.0,0.0,0.0,0.0,0.0,0.0,0.0,0,5,0.4078862314156432,126.2,0.004545454545454545,0,1
499.0,2.0,499.0,50.0,39.0,162810.0,1,2050,1,10,1,0,0,1.0,0.0,0.0,0.0,0.0,0.0,0.0,0.0,0.0,0.0,0.0,0.0,0.0,0.0,0.0,1.0,0.0,0.0,1.0,3,1,0.24329595319356412,499.0,0.5,3,0
2599.0,3.0,2599.0,20.0,52.0,21283.0,1,1141,192,4,6,0,3,1.0,0.0,0.0,0.0,0.0,0.0,0.0,0.0,0.0,0.0,0.0,0.0,0.0,0.0,0.0,0.0,1.0,0.0,4.0,0,4,2.275831873905429,649.75,0.0051813471502590676,0,1
1299.0,1.0,1299.0,25.0,48.0,164565.0,1,1230,4,10,5,1,2,0.0,0.0,0.0,0.0,0.0,0.0,0.0,0.0,0.0,1.0,0.0,0.0,0.0,0.0,0.0,0.0,0.0,1.0,5.0,3,2,1.0552396425670187,649.5,0.2,3,0
1999.0,3.0,1999.0,30.0,51.0,174544.0,1,1347,153,5,3,0,2,0.0,0.0,0.0,0.0,0.0,0.0,1.0,0.0,0.0,0.0,0.0,0.0,0.0,0.0,0.0,0.0,0.0,0.0,2.0,3,1,1.4829376854599408,1999.0,0.006493506493506494,3,0
844.0,1.0,899.0,60.0,56.0,93997.0,1,1533,193,4,5,0,0,0.0,0.0,0.0,0.0,0.0,0.0,0.0,0.0,0.0,0.0,0.0,0.0,1.0,0.0,1.0,0.0,0.0,0.0,3.0,1,3,0.5501955671447197,281.3333333333333,0.005154639175257732,1,1
1299.0,3.0,1299.0,25.0,27.0,175024.0,1,1931,123,6,5,0,1,0.0,1.0,0.0,0.0,0.0,0.0,0.0,0.0,0.0,0.0,0.0,0.0,0.0,0.0,0.0,0.0,0.0,1.0,5.0,3,3,0.672360248447205,433.0,0.008064516129032258,3,1
2599.0,3.0,2599.0,20.0,59.0,171353.0,1,1819,190,4,1,1,0,0.0,0.0,0.0,0.0,0.0,0.0,0.0,0.0,0.0,0.0,1.0,0.0,0.0,0.0,0.0,0.0,1.0,0.0,4.0,3,2,1.428021978021978,1299.5,0.005235602094240838,3,0
899.0,2.0,899.0,60.0,44.0,113506.35363695117,1,1769,143,5,6,1,1,0.0,0.0,0.0,0.0,0.0,0.0,0.0,0.0,0.0,0.0,1.0,0.0,0.0,0.0,1.0,0.0,0.0,0.0,3.0,2,2,0.507909604519774,449.5,0.006944444444444444,2,0
2599.0,3.0,2599.0,20.0,47.0,110536.0,1,1908,20,9,3,1,4,0.0,0.0,1.0,0.0,0.0,0.0,0.0,0.0,0.0,0.0,0.0,0.0,0.0,0.0,0.0,0.0,1.0,0.0,4.0,1,3,1.3614457831325302,866.3333333333334,0.047619047619047616,1,1
499.0,1.0,499.0,50.0,43.0,179674.0,1,1320,196,4,2,1,1,0.0,1.0,0.0,0.0,0.0,0.0,0.0,0.0,0.0,0.0,0.0,0.0,0.0,0.0,0.0,1.0,0.0,0.0,1.0,3,2,0.3777441332323997,249.5,0.005076142131979695,3,0
499.0,3.0,499.0,50.0,19.0,76447.0,1,2011,271,1,4,0,4,0.0,0.0,0.0,0.0,0.0,0.0,0.0,1.0,0.0,0.0,0.0,0.0,0.0,0.0,0.0,1.0,0.0,0.0,1.0,1,1,0.24801192842942346,499.0,0.003676470588235294,1,0
899.0,1.0,899.0,60.0,49.0,42010.0,1,1382,156,5,0,1,3,0.0,0.0,0.0,1.0,0.0,0.0,0.0,0.0,0.0,0.0,0.0,0.0,0.0,0.0,1.0,0.0,0.0,0.0,3.0,0,2,0.6500361532899493,449.5,0.006369426751592357,0,0
699.0,1.0,699.0,40.0,56.0,93997.0,1,1367,281,1,1,0,4,0.0,0.0,0.0,0.0,0.0,0.0,0.0,0.0,0.0,0.0,0.0,0.0,1.0,0.0,0.0,0.0,0.0,0.0,0.0,1,3,0.5109649122807017,233.0,0.0035460992907801418,1,1
899.0,3.0,899.0,60.0,58.0,199272.0,1,1127,48,8,3,0,4,0.0,0.0,0.0,0.0,0.0,0.0,0.0,0.0,1.0,0.0,0.0,0.0,0.0,0.0,1.0,0.0,0.0,0.0,3.0,3,1,0.7969858156028369,899.0,0.02040816326530612,3,0
1299.0,3.0,1299.0,25.0,19.0,62080.0,1,2081,99,7,1,0,0,0.0,0.0,0.0,0.0,0.0,0.0,1.0,0.0,0.0,0.0,0.0,0.0,0.0,0.0,0.0,0.0,0.0,1.0,5.0,0,2,0.6239193083573487,649.5,0.01,0,0
1999.0,2.0,1999.0,30.0,41.26692795591738,124576.0,1,1579,251,2,3,0,4,0.0,0.0,1.0,0.0,0.0,0.0,0.0,0.0,0.0,0.0,0.0,0.0,0.0,0.0,0.0,0.0,0.0,0.0,2.0,2,3,1.2651898734177216,666.3333333333334,0.003968253968253968,2,1
699.0,3.0,699.0,40.0,57.0,193063.0,1,1348,236,2,4,1,4,0.0,0.0,0.0,0.0,0.0,0.0,0.0,0.0,0.0,0.0,0.0,0.0,0.0,1.0,0.0,0.0,0.0,0.0,0.0,3,2,0.5181616011860638,349.5,0.004219409282700422,3,0
1999.0,3.0,1999.0,30.0,20.0,165016.0,1,1873,18,9,5,1,1,1.0,0.0,0.0,0.0,0.0,0.0,0.0,0.0,0.0,0.0,0.0,0.0,0.0,0.0,0.0,0.0,0.0,0.0,2.0,3,1,1.0667022411953042,1999.0,0.05263157894736842,3,0
1999.0,3.0,1999.0,30.0,45.0,43705.0,1,1329,2,10,0,0,1,0.0,0.0,0.0,0.0,0.0,0.0,0.0,0.0,0.0,0.0,0.0,0.0,0.0,1.0,0.0,0.0,0.0,0.0,2.0,0,2,1.5030075187969925,999.5,0.3333333333333333,0,0
899.0,3.0,899.0,60.0,45.0,160659.0,1,1208,104,7,3,1,5,0.0,0.0,0.0,0.0,0.0,0.0,0.0,0.0,0.0,0.0,0.0,0.0,0.0,1.0,1.0,0.0,0.0,0.0,3.0,2,1,0.7435897435897436,899.0,0.009523809523809525,2,0
2599.0,1.0,2599.0,20.0,38.0,29283.0,1,1726,202,3,3,0,4,0.0,1.0,0.0,0.0,0.0,0.0,0.0,0.0,0.0,0.0,0.0,0.0,0.0,0.0,0.0,0.0,1.0,0.0,4.0,0,1,1.5049218297625941,2599.0,0.0049261083743842365,0,0
899.0,3.0,899.0,60.0,36.0,29752.0,1,1816,207,3,5,1,5,0.0,0.0,0.0,0.0,0.0,0.0,0.0,0.0,0.0,0.0,0.0,1.0,0.0,0.0,1.0,0.0,0.0,0.0,3.0,0,3,0.49477160154100164,299.6666666666667,0.004807692307692308,0,1
899.0,2.0,899.0,60.0,46.0,161559.0,1,1378,6,10,3,1,2,0.0,0.0,0.0,0.0,0.0,0.0,0.0,0.0,0.0,1.0,0.0,0.0,0.0,0.0,1.0,0.0,0.0,0.0,3.0,2,2,0.6519216823785352,449.5,0.14285714285714285,2,0
1299.0,3.0,1299.0,25.0,34.0,181445.0,1,1332,67,8,5,0,5,1.0,0.0,0.0,0.0,0.0,0.0,0.0,0.0,0.0,0.0,0.0,0.0,0.0,0.0,0.0,0.0,0.0,1.0,5.0,3,1,0.9744936234058514,1299.0,0.014705882352941176,3,0
1999.0,2.0,1999.0,30.0,52.0,43284.0,1,1764,178,4,6,1,3,0.0,0.0,1.0,0.0,0.0,0.0,0.0,0.0,0.0,0.0,0.0,0.0,0.0,0.0,0.0,0.0,0.0,0.0,2.0,0,3,1.1325779036827195,666.3333333333334,0.00558659217877095,0,1
1999.0,2.0,1999.0,30.0,31.0,168781.0,1,1481,103,7,4,1,2,1.0,0.0,0.0,0.0,0.0,0.0,0.0,0.0,0.0,0.0,0.0,0.0,0.0,0.0,0.0,0.0,0.0,0.0,2.0,3,3,1.3488529014844803,666.3333333333334,0.009615384615384616,3,1
768.0,3.0,899.0,60.0,31.0,90202.0,1,1837,279,1,3,1,2,0.0,0.0,0.0,0.0,0.0,1.0,0.0,0.0,0.0,0.0,0.0,0.0,0.0,0.0,1.0,0.0,0.0,0.0,3.0,1,1,0.4178454842219804,768.0,0.0035714285714285713,1,0
1283.0,1.0,1299.0,25.0,56.0,145200.0,1,1277,126,6,2,1,1,0.0,0.0,0.0,0.0,0.0,0.0,0.0,0.0,0.0,0.0,0.0,0.0,0.0,1.0,0.0,0.0,0.0,1.0,5.0,2,1,1.0039123630672926,1283.0,0.007874015748031496,2,0
2599.0,3.0,2599.0,20.0,55.0,23828.0,1,1934,26,9,4,1,3,0.0,0.0,0.0,1.0,0.0,0.0,0.0,0.0,0.0,0.0,0.0,0.0,0.0,0.0,0.0,0.0,1.0,0.0,4.0,0,1,1.3431524547803617,2599.0,0.037037037037037035,0,0
1999.0,2.0,1999.0,30.0,33.0,20587.0,1,1486,52,8,6,0,4,0.0,0.0,0.0,0.0,0.0,1.0,0.0,0.0,0.0,0.0,0.0,0.0,0.0,0.0,0.0,0.0,0.0,0.0,2.0,0,2,1.344317417619368,999.5,0.018867924528301886,0,0
699.0,1.0,699.0,40.0,30.0,140029.0,1,1891,160,5,3,0,3,0.0,0.0,0.0,1.0,0.0,0.0,0.0,0.0,0.0,0.0,0.0,0.0,0.0,0.0,0.0,0.0,0.0,0.0,0.0,2,2,0.36945031712473575,349.5,0.006211180124223602,2,0
1176.0,3.0,1299.0,25.0,33.0,113505.50747533572,1,1927,248,2,6,1,1,0.0,0.0,0.0,0.0,0.0,0.0,0.0,0.0,0.0,0.0,0.0,0.0,0.0,0.0,0.0,0.0,0.0,1.0,5.0,1,2,0.6099585062240664,588.0,0.004016064257028112,1,0
899.0,3.0,899.0,60.0,34.0,103369.0,1,1880,239,2,1,0,5,0.0,0.0,0.0,0.0,0.0,0.0,0.0,1.0,0.0,0.0,0.0,0.0,0.0,0.0,1.0,0.0,0.0,0.0,3.0,1,2,0.4779372674109516,449.5,0.004166666666666667,1,0
1251.0,1.0,1299.0,25.0,49.0,42010.0,1,1245,247,2,0,1,0,0.0,0.0,0.0,1.0,0.0,0.0,0.0,0.0,0.0,0.0,0.0,0.0,0.0,0.0,0.0,0.0,0.0,1.0,5.0,0,2,1.0040128410914928,625.5,0.004032258064516129,0,0
1299.0,1.0,1299.0,25.0,41.76901342598981,177489.0,1,2005,74,8,5,1,0,0.0,0.0,0.0,0.0,1.0,0.0,0.0,0.0,0.0,0.0,0.0,0.0,0.0,0.0,0.0,0.0,0.0,1.0,5.0,3,1,0.6475573280159521,1299.0,0.013333333333333334,3,0
699.0,3.0,699.0,40.0,64.0,56027.0,1,1474,282,1,0,1,3,0.0,0.0,0.0,0.0,0.0,0.0,0.0,0.0,0.0,0.0,0.0,0.0,0.0,0.0,0.0,0.0,0.0,0.0,0.0,0,1,0.4738983050847458,699.0,0.0035335689045936395,0,0
2599.0,1.0,2599.0,20.0,51.0,113502.1459656162,1,1201,19,9,4,0,2,0.0,0.0,0.0,0.0,0.0,0.0,0.0,0.0,0.0,0.0,0.0,1.0,0.0,0.0,0.0,0.0,1.0,0.0,4.0,1,1,2.1622296173044924,2599.0,0.05,1,0
1999.0,3.0,1999.0,30.0,64.0,113808.0,1,1856,30,9,0,1,2,0.0,0.0,0.0,0.0,0.0,0.0,0.0,0.0,0.0,0.0,0.0,0.0,0.0,0.0,0.0,0.0,0.0,0.0,2.0,2,3,1.0764674205708131,666.3333333333334,0.03225806451612903,2,1
665.0,3.0,699.0,40.0,51.0,87695.0,1,1709,59,8,6,1,0,0.0,0.0,0.0,0.0,0.0,0.0,0.0,0.0,1.0,0.0,0.0,0.0,0.0,0.0,0.0,0.0,0.0,0.0,0.0,1,3,0.3888888888888889,221.66666666666666,0.016666666666666666,1,1
1820.0,1.0,1999.0,30.0,31.0,111353.0,1,1574,212,3,0,0,0,0.0,0.0,0.0,0.0,0.0,0.0,0.0,0.0,0.0,0.0,0.0,0.0,0.0,1.0,0.0,0.0,0.0,0.0,2.0,1,2,1.1555555555555554,910.0,0.004694835680751174,1,0
499.0,3.0,499.0,50.0,40.689350170090435,46201.0,1,1451,262,1,6,1,5,0.0,0.0,0.0,0.0,0.0,0.0,0.0,0.0,0.0,0.0,0.0,0.0,0.0,0.0,0.0,1.0,0.0,0.0,1.0,0,2,0.34366391184573003,249.5,0.0038022813688212928,0,0
1195.0,1.0,1299.0,25.0,54.0,185593.0,1,1132,221,3,5,1,5,0.0,0.0,0.0,0.0,0.0,0.0,0.0,0.0,0.0,0.0,1.0,0.0,0.0,0.0,0.0,0.0,0.0,1.0,5.0,3,1,1.0547219770520742,1195.0,0.0045045045045045045,3,0
1999.0,3.0,1999.0,30.0,45.0,113503.63069233553,1,1301,187,4,4,1,0,0.0,1.0,0.0,0.0,0.0,0.0,0.0,0.0,0.0,0.0,0.0,0.0,0.0,0.0,0.0,0.0,0.0,0.0,2.0,1,2,1.5353302611367128,999.5,0.005319148936170213,1,0
2599.0,2.0,2599.0,20.0,36.0,160600.0,1,1426,251,2,3,1,1,0.0,0.0,0.0,0.0,0.0,1.0,0.0,0.0,0.0,0.0,0.0,0.0,0.0,0.0,0.0,0.0,1.0,0.0,4.0,2,3,1.821303433777155,866.3333333333334,0.003968253968253968,2,1
899.0,1.0,899.0,60.0,44.0,156554.0,1,1289,242,2,5,0,3,0.0,0.0,0.0,0.0,0.0,0.0,0.0,0.0,0.0,0.0,0.0,1.0,0.0,0.0,1.0,0.0,0.0,0.0,3.0,2,1,0.6968992248062016,899.0,0.00411522633744856,2,0
899.0,2.0,899.0,60.0,41.0,97175.0,1,1679,190,4,1,1,2,1.0,0.0,0.0,0.0,0.0,0.0,0.0,0.0,0.0,0.0,0.0,0.0,0.0,0.0,1.0,0.0,0.0,0.0,3.0,1,4,0.5351190476190476,224.75,0.005235602094240838,1,1
1999.0,2.0,1999.0,30.0,20.0,88920.0,1,1697,201,3,4,1,2,0.0,0.0,0.0,1.0,0.0,0.0,0.0,0.0,0.0,0.0,0.0,0.0,0.0,0.0,0.0,0.0,0.0,0.0,2.0,1,2,1.1772673733804475,999.5,0.0049504950495049506,1,0
899.0,1.0,899.0,60.0,61.0,129869.0,1,1504,265,1,3,1,0,0.0,0.0,0.0,0.0,0.0,0.0,0.0,0.0,0.0,0.0,0.0,1.0,0.0,0.0,1.0,0.0,0.0,0.0,3.0,2,2,0.59734219269103,449.5,0.0037593984962406013,2,0
2599.0,1.0,2599.0,20.0,34.0,124555.0,1,1334,244,2,3,1,5,1.0,0.0,0.0,0.0,0.0,0.0,0.0,0.0,0.0,0.0,0.0,0.0,0.0,0.0,0.0,0.0,1.0,0.0,4.0,2,1,1.946816479400749,2599.0,0.004081632653061225,2,0
499.0,2.0,499.0,50.0,18.0,82824.0,1,1992,212,3,0,0,3,0.0,0.0,0.0,0.0,0.0,0.0,0.0,0.0,0.0,0.0,0.0,1.0,0.0,0.0,0.0,1.0,0.0,0.0,1.0,1,1,0.2503763171098846,499.0,0.004694835680751174,1,0
1299.0,2.0,1299.0,25.0,41.0,90017.0,1,1786,131,6,4,1,4,0.0,0.0,0.0,0.0,0.0,1.0,0.0,0.0,0.0,0.0,0.0,0.0,0.0,0.0,0.0,0.0,0.0,1.0,5.0,1,1,0.7269166200335758,1299.0,0.007575757575757576,1,0
499.0,1.0,499.0,50.0,36.0,26823.0,1,1977,12,10,4,1,5,0.0,0.0,0.0,0.0,0.0,0.0,1.0,0.0,0.0,0.0,0.0,0.0,0.0,0.0,0.0,1.0,0.0,0.0,1.0,0,2,0.2522750252780586,249.5,0.07692307692307693,0,0
1999.0,2.0,1999.0,30.0,40.0,180878.0,1,1911,7,10,2,1,2,0.0,0.0,0.0,0.0,0.0,0.0,0.0,0.0,0.0,1.0,0.0,0.0,0.0,0.0,0.0,0.0,0.0,0.0,2.0,3,1,1.0455020920502092,1999.0,0.125,3,0
2599.0,2.0,2599.0,20.0,56.0,70939.0,1,1148,278,1,4,1,5,0.0,0.0,0.0,0.0,0.0,0.0,0.0,0.0,0.0,1.0,0.0,0.0,0.0,0.0,0.0,0.0,1.0,0.0,4.0,1,3,2.2619669277632726,866.3333333333334,0.0035842293906810036,1,1
2599.0,1.0,2599.0,20.0,28.0,164302.0,1,2030,200,3,5,1,2,0.0,0.0,0.0,0.0,0.0,0.0,0.0,0.0,0.0,0.0,0.0,0.0,0.0,0.0,0.0,0.0,1.0,0.0,4.0,3,2,1.2796651895617923,1299.5,0.004975124378109453,3,0
699.0,1.0,699.0,40.0,40.98966072101449,82539.0,1,1811,149,5,0,1,3,0.0,0.0,0.0,1.0,0.0,0.0,0.0,0.0,0.0,0.0,0.0,0.0,0.0,0.0,0.0,0.0,0.0,0.0,0.0,1,1,0.38576158940397354,699.0,0.006666666666666667,1,0
2599.0,3.0,2599.0,20.0,41.15666756500448,116334.0,1,1347,89,7,4,1,4,0.0,0.0,0.0,0.0,0.0,0.0,1.0,0.0,0.0,0.0,0.0,0.0,0.0,0.0,0.0,0.0,1.0,0.0,4.0,2,1,1.9280415430267062,2599.0,0.011111111111111112,2,0
2599.0,1.0,2599.0,20.0,41.0,162077.0,1,1700,103,7,4,0,5,0.0,0.0,0.0,0.0,0.0,0.0,0.0,0.0,0.0,0.0,0.0,0.0,1.0,0.0,0.0,0.0,1.0,0.0,4.0,3,2,1.5279247501469724,1299.5,0.009615384615384616,3,0
1299.0,1.0,1299.0,25.0,61.0,113505.36279540003,1,1348,90,7,3,1,5,0.0,0.0,0.0,0.0,1.0,0.0,0.0,0.0,0.0,0.0,0.0,0.0,0.0,0.0,0.0,0.0,0.0,1.0,5.0,1,2,0.9629355077835434,649.5,0.01098901098901099,1,0
1999.0,2.0,1999.0,30.0,63.0,166964.0,1,1263,126,6,2,1,4,0.0,0.0,0.0,0.0,0.0,0.0,0.0,0.0,0.0,0.0,0.0,1.0,0.0,0.0,0.0,0.0,0.0,0.0,2.0,3,2,1.581487341772152,999.5,0.007874015748031496,3,0
1999.0,3.0,1999.0,30.0,40.0,187340.0,1,1767,186,4,5,0,1,0.0,0.0,0.0,1.0,0.0,0.0,0.0,0.0,0.0,0.0,0.0,0.0,0.0,0.0,0.0,0.0,0.0,0.0,2.0,3,3,1.130656108597285,666.3333333333334,0.0053475935828877,3,1
899.0,1.0,899.0,60.0,41.789763234756144,176951.0,1,1873,276,1,6,0,5,0.0,0.0,0.0,0.0,0.0,0.0,0.0,0.0,0.0,0.0,0.0,0.0,1.0,0.0,1.0,0.0,0.0,0.0,3.0,3,3,0.4797225186766275,299.6666666666667,0.0036101083032490976,3,1
1999.0,3.0,1999.0,30.0,28.0,134914.0,1,1702,86,7,0,0,0,0.0,0.0,0.0,0.0,0.0,1.0,0.0,0.0,0.0,0.0,0.0,0.0,0.0,0.0,0.0,0.0,0.0,0.0,2.0,2,1,1.173810921902525,1999.0,0.011494252873563218,2,0
499.0,3.0,499.0,50.0,49.0,199830.0,1,1614,106,7,1,0,2,0.0,0.0,0.0,0.0,0.0,1.0,0.0,0.0,0.0,0.0,0.0,0.0,0.0,0.0,0.0,1.0,0.0,0.0,1.0,3,2,0.3089783281733746,249.5,0.009345794392523364,3,0
699.0,1.0,699.0,40.0,50.0,41621.0,1,1613,146,5,3,1,3,0.0,0.0,0.0,0.0,0.0,0.0,1.0,0.0,0.0,0.0,0.0,0.0,0.0,0.0,0.0,0.0,0.0,0.0,0.0,0,3,0.43308550185873607,233.0,0.006802721088435374,0,1
1299.0,2.0,1299.0,25.0,30.0,113505.36184357163,1,1139,3,10,6,0,4,0.0,0.0,0.0,0.0,0.0,0.0,0.0,0.0,1.0,0.0,0.0,0.0,0.0,0.0,0.0,0.0,0.0,1.0,5.0,1,1,1.1394736842105264,1299.0,0.25,1,0
699.0,1.0,699.0,40.0,33.0,128777.0,1,1274,217,3,2,1,0,0.0,0.0,0.0,0.0,0.0,1.0,0.0,0.0,0.0,0.0,0.0,0.0,0.0,0.0,0.0,0.0,0.0,0.0,0.0,2,3,0.548235294117647,233.0,0.0045871559633027525,2,1
899.0,2.0,899.0,60.0,54.0,194427.0,1,1500,171,4,6,1,5,0.0,0.0,0.0,0.0,0.0,0.0,0.0,0.0,0.0,0.0,0.0,0.0,0.0,0.0,1.0,0.0,0.0,0.0,3.0,3,2,0.5989340439706862,449.5,0.005813953488372093,3,0
1999.0,2.0,1999.0,30.0,58.0,174834.0,1,1553,119,6,2,1,2,1.0,0.0,0.0,0.0,0.0,0.0,0.0,0.0,0.0,0.0,0.0,0.0,0.0,0.0,0.0,0.0,0.0,0.0,2.0,3,1,1.2863577863577864,1999.0,0.008333333333333333,3,0
699.0,3.0,699.0,40.0,52.0,21283.0,1,1472,10,10,6,0,1,1.0,0.0,0.0,0.0,0.0,0.0,0.0,0.0,0.0,0.0,0.0,0.0,0.0,0.0,0.0,0.0,0.0,0.0,0.0,0,4,0.4745417515274949,174.75,0.09090909090909091,0,1
699.0,1.0,699.0,40.0,60.0,173504.0,1,1825,19,9,4,1,2,0.0,0.0,0.0,0.0,0.0,0.0,0.0,0.0,0.0,0.0,0.0,0.0,1.0,0.0,0.0,0.0,0.0,0.0,0.0,3,2,0.3828039430449069,349.5,0.05,3,0
699.0,2.0,699.0,40.0,51.0,70669.0,1,1561,207,3,5,0,3,0.0,0.0,0.0,0.0,1.0,0.0,0.0,0.0,0.0,0.0,0.0,0.0,0.0,0.0,0.0,0.0,0.0,0.0,0.0,1,1,0.4475032010243278,699.0,0.004807692307692308,1,0
1999.0,1.0,1999.0,30.0,61.0,71399.0,1,1234,227,3,6,1,5,0.0,0.0,1.0,0.0,0.0,0.0,0.0,0.0,0.0,0.0,0.0,0.0,0.0,0.0,0.0,0.0,0.0,0.0,2.0,1,2,1.6186234817813765,999.5,0.0043859649122807015,1,0
699.0,2.0,699.0,40.0,45.0,74220.0,1,1133,76,7,3,1,2,0.0,0.0,0.0,0.0,0.0,0.0,0.0,1.0,0.0,0.0,0.0,0.0,0.0,0.0,0.0,0.0,0.0,0.0,0.0,1,2,0.6164021164021164,349.5,0.012987012987012988,1,0
899.0,1.0,899.0,60.0,29.0,97984.0,1,1209,147,5,2,1,5,0.0,0.0,0.0,0.0,1.0,0.0,0.0,0.0,0.0,0.0,0.0,0.0,0.0,0.0,1.0,0.0,0.0,0.0,3.0,1,2,0.7429752066115702,449.5,0.006756756756756757,1,0
699.0,3.0,699.0,40.0,41.62751536352826,156535.0,1,2080,274,1,1,1,1,0.0,1.0,0.0,0.0,0.0,0.0,0.0,0.0,0.0,0.0,0.0,0.0,0.0,0.0,0.0,0.0,0.0,0.0,0.0,2,2,0.335896203748198,349.5,0.0036363636363636364,2,0
1299.0,3.0,1299.0,25.0,61.0,129869.0,1,1490,169,4,1,1,3,0.0,0.0,0.0,0.0,0.0,0.0,0.0,0.0,0.0,0.0,0.0,1.0,0.0,0.0,0.0,0.0,0.0,1.0,5.0,2,2,0.8712273641851107,649.5,0.0058823529411764705,2,0
699.0,3.0,699.0,40.0,37.0,39873.0,1,1711,247,2,0,0,2,0.0,0.0,0.0,1.0,0.0,0.0,0.0,0.0,0.0,0.0,0.0,0.0,0.0,0.0,0.0,0.0,0.0,0.0,0.0,0,4,0.40829439252336447,174.75,0.004032258064516129,0,1
899.0,3.0,899.0,60.0,50.0,90448.0,1,1638,47,8,4,1,3,0.0,1.0,0.0,0.0,0.0,0.0,0.0,0.0,0.0,0.0,0.0,0.0,0.0,0.0,1.0,0.0,0.0,0.0,3.0,1,1,0.5485051860890787,899.0,0.020833333333333332,1,0
1299.0,2.0,1299.0,25.0,53.0,113505.36254937458,1,1493,36,9,1,1,0,0.0,0.0,0.0,0.0,0.0,0.0,0.0,0.0,0.0,1.0,0.0,0.0,0.0,0.0,0.0,0.0,0.0,1.0,5.0,1,3,0.8694779116465864,433.0,0.02702702702702703,1,1
699.0,1.0,699.0,40.0,26.0,46806.0,1,1997,78,7,1,1,4,0.0,0.0,0.0,0.0,0.0,0.0,0.0,0.0,0.0,0.0,1.0,0.0,0.0,0.0,0.0,0.0,0.0,0.0,0.0,0,2,0.34984984984984985,349.5,0.012658227848101266,0,0
1299.0,1.0,1299.0,25.0,26.0,153241.0,1,1739,184,4,0,1,1,0.0,0.0,0.0,1.0,0.0,0.0,0.0,0.0,0.0,0.0,0.0,0.0,0.0,0.0,0.0,0.0,0.0,1.0,5.0,2,2,0.746551724137931,649.5,0.005405405405405406,2,0
699.0,3.0,699.0,40.0,35.0,147734.0,1,1997,37,9,0,0,0,0.0,0.0,0.0,0.0,0.0,0.0,0.0,0.0,1.0,0.0,0.0,0.0,0.0,0.0,0.0,0.0,0.0,0.0,0.0,2,2,0.34984984984984985,349.5,0.02631578947368421,2,0
899.0,1.0,899.0,60.0,34.0,103369.0,1,1603,80,7,6,0,0,0.0,0.0,0.0,0.0,0.0,0.0,0.0,1.0,0.0,0.0,0.0,0.0,0.0,0.0,1.0,0.0,0.0,0.0,3.0,1,2,0.5604738154613467,449.5,0.012345679012345678,1,0
2599.0,2.0,2599.0,20.0,34.0,41447.0,1,1313,127,6,1,1,5,0.0,0.0,0.0,0.0,0.0,0.0,0.0,0.0,0.0,1.0,0.0,0.0,0.0,0.0,0.0,0.0,1.0,0.0,4.0,0,3,1.9779299847793,866.3333333333334,0.0078125,0,1
2599.0,3.0,2599.0,20.0,21.0,83278.0,1,1361,19,9,4,0,3,0.0,0.0,0.0,0.0,0.0,1.0,0.0,0.0,0.0,0.0,0.0,0.0,0.0,0.0,0.0,0.0,1.0,0.0,4.0,1,1,1.908223201174743,2599.0,0.05,1,0
2599.0,2.0,2599.0,20.0,42.0,59758.0,1,1362,232,2,1,1,3,0.0,0.0,0.0,0.0,1.0,0.0,0.0,0.0,0.0,0.0,0.0,0.0,0.0,0.0,0.0,0.0,1.0,0.0,4.0,0,1,1.9068231841526047,2599.0,0.004291845493562232,0,0
499.0,3.0,499.0,50.0,43.0,163891.0,1,2072,22,9,1,1,1,0.0,0.0,0.0,0.0,0.0,0.0,0.0,0.0,0.0,1.0,0.0,0.0,0.0,0.0,0.0,1.0,0.0,0.0,1.0,3,1,0.24071394114809455,499.0,0.043478260869565216,3,0
2350.0,1.0,2599.0,20.0,23.0,171716.0,1,1225,262,1,6,1,5,0.0,0.0,0.0,0.0,0.0,0.0,0.0,0.0,0.0,0.0,0.0,0.0,1.0,0.0,0.0,0.0,1.0,0.0,4.0,3,2,1.9168026101141924,1175.0,0.0038022813688212928,3,0
899.0,2.0,899.0,60.0,53.0,48854.0,1,1649,141,5,1,1,2,0.0,1.0,0.0,0.0,0.0,0.0,0.0,0.0,0.0,0.0,0.0,0.0,0.0,0.0,1.0,0.0,0.0,0.0,3.0,0,2,0.5448484848484848,449.5,0.007042253521126761,0,0
899.0,1.0,899.0,60.0,61.0,174983.0,1,1970,23,9,0,1,4,0.0,0.0,0.0,0.0,0.0,0.0,0.0,0.0,0.0,0.0,1.0,0.0,0.0,0.0,1.0,0.0,0.0,0.0,3.0,3,3,0.4561136478944698,299.6666666666667,0.041666666666666664,3,1
2599.0,1.0,2599.0,20.0,54.0,162055.0,1,2070,31,9,6,0,5,0.0,0.0,0.0,0.0,0.0,0.0,0.0,0.0,1.0,0.0,0.0,0.0,0.0,0.0,0.0,0.0,1.0,0.0,4.0,3,2,1.2549492998551424,1299.5,0.03125,3,0
1999.0,1.0,1999.0,30.0,56.0,75731.0,1,1897,8,10,1,0,5,0.0,0.0,0.0,0.0,0.0,0.0,0.0,0.0,0.0,0.0,0.0,0.0,0.0,1.0,0.0,0.0,0.0,0.0,2.0,1,1,1.0532139093782928,1999.0,0.1111111111111111,1,0
899.0,2.0,899.0,60.0,39.0,153611.0,1,1666,196,4,2,0,4,1.0,0.0,0.0,0.0,0.0,0.0,0.0,0.0,0.0,0.0,0.0,0.0,0.0,0.0,1.0,0.0,0.0,0.0,3.0,2,1,0.5392921415716857,899.0,0.005076142131979695,2,0
2599.0,2.0,2599.0,20.0,55.0,157488.0,1,1301,241,2,6,1,0,0.0,0.0,0.0,0.0,0.0,0.0,0.0,0.0,0.0,0.0,0.0,0.0,0.0,0.0,0.0,0.0,1.0,0.0,4.0,2,3,1.9961597542242704,866.3333333333334,0.004132231404958678,2,1
2599.0,3.0,2599.0,20.0,52.0,43284.0,1,1989,204,3,1,1,5,0.0,0.0,1.0,0.0,0.0,0.0,0.0,0.0,0.0,0.0,0.0,0.0,0.0,0.0,0.0,0.0,1.0,0.0,4.0,0,3,1.3060301507537688,866.3333333333334,0.004878048780487805,0,1
473.0,1.0,499.0,50.0,27.0,28770.0,1,1513,102,7,5,1,5,0.0,0.0,0.0,0.0,0.0,0.0,0.0,0.0,1.0,0.0,0.0,0.0,0.0,0.0,0.0,1.0,0.0,0.0,1.0,0,5,0.31241743725231175,94.6,0.009708737864077669,0,1
2599.0,2.0,2599.0,20.0,53.0,87843.0,1,1130,206,3,6,0,3,0.0,0.0,0.0,0.0,0.0,0.0,0.0,0.0,0.0,0.0,0.0,0.0,0.0,1.0,0.0,0.0,1.0,0.0,4.0,1,2,2.2979664014146772,1299.5,0.004830917874396135,1,0
785.0,1.0,899.0,60.0,36.0,29752.0,1,1483,211,3,1,1,2,0.0,0.0,0.0,0.0,0.0,0.0,0.0,0.0,0.0,0.0,0.0,1.0,0.0,0.0,1.0,0.0,0.0,0.0,3.0,0,3,0.5289757412398922,261.6666666666667,0.0047169811320754715,0,1
699.0,2.0,699.0,40.0,60.0,82493.0,1,1944,261,1,0,1,5,0.0,0.0,0.0,0.0,0.0,1.0,0.0,0.0,0.0,0.0,0.0,0.0,0.0,0.0,0.0,0.0,0.0,0.0,0.0,1,1,0.3593830334190231,699.0,0.003816793893129771,1,0
1299.0,3.0,1299.0,25.0,55.0,148046.0,1,1118,140,5,2,1,0,0.0,0.0,0.0,0.0,0.0,0.0,0.0,0.0,0.0,0.0,0.0,1.0,0.0,0.0,0.0,0.0,0.0,1.0,5.0,2,2,1.160857908847185,649.5,0.0070921985815602835,2,0
499.0,3.0,499.0,50.0,23.0,175930.0,1,1872,286,1,3,1,1,0.0,0.0,0.0,0.0,0.0,0.0,0.0,0.0,1.0,0.0,0.0,0.0,0.0,0.0,0.0,1.0,0.0,0.0,1.0,3,3,0.26641751201281366,166.33333333333334,0.003484320557491289,3,1
1194.0,1.0,1299.0,25.0,38.0,63056.0,1,1676,9,10,0,0,0,0.0,0.0,0.0,0.0,0.0,0.0,0.0,0.0,0.0,0.0,1.0,0.0,0.0,0.0,0.0,0.0,0.0,1.0,5.0,0,3,0.7119856887298748,398.0,0.1,0,1
899.0,2.0,899.0,60.0,34.0,41447.0,1,1789,44,9,0,1,3,0.0,0.0,0.0,0.0,0.0,0.0,0.0,0.0,0.0,1.0,0.0,0.0,0.0,0.0,1.0,0.0,0.0,0.0,3.0,0,3,0.5022346368715084,299.6666666666667,0.022222222222222223,0,1
839.0,2.0,899.0,60.0,47.0,110536.0,1,1614,7,10,2,1,1,0.0,0.0,1.0,0.0,0.0,0.0,0.0,0.0,0.0,0.0,0.0,0.0,0.0,0.0,1.0,0.0,0.0,0.0,3.0,1,3,0.5195046439628483,279.6666666666667,0.125,1,1
2599.0,1.0,2599.0,20.0,27.0,175024.0,1,1205,262,1,6,0,1,0.0,1.0,0.0,0.0,0.0,0.0,0.0,0.0,0.0,0.0,0.0,0.0,0.0,0.0,0.0,0.0,1.0,0.0,4.0,3,3,2.1550580431177444,866.3333333333334,0.0038022813688212928,3,1
499.0,1.0,499.0,50.0,54.0,96971.0,1,1151,213,3,6,0,4,0.0,0.0,0.0,0.0,0.0,0.0,1.0,0.0,0.0,0.0,0.0,0.0,0.0,0.0,0.0,1.0,0.0,0.0,1.0,1,3,0.4331597222222222,166.33333333333334,0.004672897196261682,1,1
1999.0,1.0,1999.0,30.0,33.0,63472.0,1,1161,118,6,3,1,2,0.0,0.0,0.0,0.0,0.0,1.0,0.0,0.0,0.0,0.0,0.0,0.0,0.0,0.0,0.0,0.0,0.0,0.0,2.0,0,1,1.7203098106712564,1999.0,0.008403361344537815,0,0
499.0,3.0,499.0,50.0,45.0,50620.0,1,1258,205,3,0,1,1,0.0,0.0,0.0,0.0,0.0,0.0,0.0,0.0,0.0,0.0,0.0,1.0,0.0,0.0,0.0,1.0,0.0,0.0,1.0,0,2,0.3963463065925338,249.5,0.0048543689320388345,0,0
1999.0,1.0,1999.0,30.0,35.0,172889.0,1,1454,0,10,2,1,5,0.0,0.0,0.0,0.0,0.0,0.0,0.0,0.0,0.0,0.0,0.0,1.0,0.0,0.0,0.0,0.0,0.0,0.0,2.0,3,1,1.3738831615120275,1999.0,1.0,3,0
899.0,1.0,899.0,60.0,41.789775653937184,176951.0,1,1258,269,1,6,0,2,0.0,0.0,0.0,0.0,0.0,0.0,0.0,0.0,0.0,0.0,0.0,0.0,1.0,0.0,1.0,0.0,0.0,0.0,3.0,3,3,0.7140587768069897,299.6666666666667,0.003703703703703704,3,1
1299.0,2.0,1299.0,25.0,28.0,37543.0,1,1187,253,2,1,0,0,0.0,0.0,0.0,0.0,0.0,1.0,0.0,0.0,0.0,0.0,0.0,0.0,0.0,0.0,0.0,0.0,0.0,1.0,5.0,0,3,1.0934343434343434,433.0,0.003937007874015748,0,1
1830.0,2.0,1999.0,30.0,47.0,82068.0,1,1431,147,5,2,1,4,0.0,0.0,0.0,0.0,0.0,1.0,0.0,0.0,0.0,0.0,0.0,0.0,0.0,0.0,0.0,0.0,0.0,0.0,2.0,1,3,1.2779329608938548,610.0,0.006756756756756757,1,1
899.0,3.0,899.0,60.0,26.0,144661.0,1,1523,180,4,4,1,5,0.0,0.0,0.0,0.0,0.0,0.0,0.0,0.0,0.0,0.0,1.0,0.0,0.0,0.0,1.0,0.0,0.0,0.0,3.0,2,3,0.5898950131233596,299.6666666666667,0.0055248618784530384,2,1
499.0,1.0,499.0,50.0,41.36488798416269,124576.0,1,2083,17,9,6,0,5,0.0,0.0,1.0,0.0,0.0,0.0,0.0,0.0,0.0,0.0,0.0,0.0,0.0,0.0,0.0,1.0,0.0,0.0,1.0,2,3,0.23944337811900193,166.33333333333334,0.05555555555555555,2,1
2599.0,2.0,2599.0,20.0,37.0,113502.14552668955,1,1699,140,5,2,1,5,0.0,0.0,0.0,0.0,0.0,0.0,0.0,1.0,0.0,0.0,0.0,0.0,0.0,0.0,0.0,0.0,1.0,0.0,4.0,1,1,1.5288235294117647,2599.0,0.0070921985815602835,1,0
1299.0,1.0,1299.0,25.0,24.0,187670.0,1,1784,106,7,1,0,3,0.0,0.0,0.0,0.0,0.0,0.0,0.0,1.0,0.0,0.0,0.0,0.0,0.0,0.0,0.0,0.0,0.0,1.0,5.0,3,1,0.7277310924369748,1299.0,0.009345794392523364,3,0
1999.0,2.0,1999.0,30.0,48.0,122932.0,1,1894,33,9,4,1,5,0.0,0.0,0.0,0.0,0.0,0.0,0.0,0.0,0.0,1.0,0.0,0.0,0.0,0.0,0.0,0.0,0.0,0.0,2.0,2,1,1.0548812664907652,1999.0,0.029411764705882353,2,0
699.0,1.0,699.0,40.0,25.0,154832.0,1,1371,139,5,3,1,1,0.0,0.0,0.0,0.0,0.0,0.0,0.0,0.0,0.0,0.0,0.0,0.0,1.0,0.0,0.0,0.0,0.0,0.0,0.0,2,2,0.5094752186588921,349.5,0.007142857142857143,2,0
467.0,3.0,499.0,50.0,46.0,193540.0,1,1325,181,4,3,0,4,0.0,0.0,0.0,0.0,0.0,1.0,0.0,0.0,0.0,0.0,0.0,0.0,0.0,0.0,0.0,1.0,0.0,0.0,1.0,3,2,0.3521870286576169,233.5,0.005494505494505495,3,0
808.0,1.0,899.0,60.0,30.0,111006.0,1,1620,179,4,5,0,5,0.0,0.0,0.0,0.0,0.0,0.0,0.0,0.0,0.0,0.0,0.0,1.0,0.0,0.0,1.0,0.0,0.0,0.0,3.0,1,1,0.4984577421344849,808.0,0.005555555555555556,1,0
699.0,2.0,699.0,40.0,61.0,197810.0,1,1885,253,2,1,1,2,0.0,0.0,0.0,0.0,0.0,1.0,0.0,0.0,0.0,0.0,0.0,0.0,0.0,0.0,0.0,0.0,0.0,0.0,0.0,3,1,0.3706256627783669,699.0,0.003937007874015748,3,0
1999.0,3.0,1999.0,30.0,41.63470221736046,167256.0,1,1714,229,2,4,1,4,0.0,0.0,0.0,0.0,0.0,0.0,0.0,0.0,0.0,0.0,0.0,0.0,0.0,1.0,0.0,0.0,0.0,0.0,2.0,3,3,1.165597667638484,666.3333333333334,0.004347826086956522,3,1
1299.0,1.0,1299.0,25.0,54.0,153168.0,1,1568,273,1,2,1,3,0.0,0.0,0.0,0.0,0.0,0.0,0.0,0.0,1.0,0.0,0.0,0.0,0.0,0.0,0.0,0.0,0.0,1.0,5.0,2,1,0.8279158699808795,1299.0,0.0036496350364963502,2,0
1299.0,2.0,1299.0,25.0,58.0,28894.0,1,1627,42,9,2,1,5,0.0,0.0,0.0,0.0,0.0,0.0,0.0,0.0,0.0,0.0,0.0,0.0,0.0,0.0,0.0,0.0,0.0,1.0,5.0,0,1,0.797911547911548,1299.0,0.023255813953488372,0,0
499.0,3.0,499.0,50.0,19.0,28210.0,1,1878,208,3,4,1,0,1.0,0.0,0.0,0.0,0.0,0.0,0.0,0.0,0.0,0.0,0.0,0.0,0.0,0.0,0.0,1.0,0.0,0.0,1.0,0,2,0.2655667908461948,249.5,0.004784688995215311,0,0
1999.0,3.0,1999.0,30.0,53.0,98707.0,1,1756,76,7,3,1,0,0.0,0.0,0.0,0.0,0.0,0.0,0.0,0.0,0.0,0.0,1.0,0.0,0.0,0.0,0.0,0.0,0.0,0.0,2.0,1,1,1.1377347751849745,1999.0,0.012987012987012988,1,0
1999.0,3.0,1999.0,30.0,31.0,184232.0,1,1344,126,6,2,1,5,0.0,1.0,0.0,0.0,0.0,0.0,0.0,0.0,0.0,0.0,0.0,0.0,0.0,0.0,0.0,0.0,0.0,0.0,2.0,3,3,1.4862453531598514,666.3333333333334,0.007874015748031496,3,1
499.0,2.0,499.0,50.0,40.0,176222.0,1,2022,118,6,3,0,5,0.0,0.0,0.0,0.0,0.0,0.0,0.0,0.0,1.0,0.0,0.0,0.0,0.0,0.0,0.0,1.0,0.0,0.0,1.0,3,2,0.24666337123084528,249.5,0.008403361344537815,3,0
699.0,2.0,699.0,40.0,35.0,147734.0,1,1898,114,6,0,0,4,0.0,0.0,0.0,0.0,0.0,0.0,0.0,0.0,1.0,0.0,0.0,0.0,0.0,0.0,0.0,0.0,0.0,0.0,0.0,2,2,0.36808846761453395,349.5,0.008695652173913044,2,0
1999.0,1.0,1999.0,30.0,45.0,146688.0,1,1287,88,7,5,0,3,0.0,0.0,0.0,0.0,0.0,0.0,0.0,0.0,0.0,0.0,0.0,0.0,0.0,0.0,0.0,0.0,0.0,0.0,2.0,2,2,1.5520186335403727,999.5,0.011235955056179775,2,0
499.0,3.0,499.0,50.0,59.0,178588.0,1,1185,126,6,2,1,2,0.0,0.0,0.0,0.0,0.0,0.0,0.0,0.0,0.0,0.0,0.0,1.0,0.0,0.0,0.0,1.0,0.0,0.0,1.0,3,2,0.42074198988195616,249.5,0.007874015748031496,3,0
1299.0,2.0,1299.0,25.0,33.0,113505.36193591885,1,2090,166,5,4,1,0,0.0,0.0,0.0,0.0,0.0,0.0,0.0,0.0,0.0,0.0,0.0,1.0,0.0,0.0,0.0,0.0,0.0,1.0,5.0,1,1,0.6212338593974175,1299.0,0.005988023952095809,1,0
1299.0,1.0,1299.0,25.0,47.0,120158.0,1,1771,198,3,0,0,2,0.0,0.0,0.0,0.0,0.0,0.0,0.0,0.0,0.0,1.0,0.0,0.0,0.0,0.0,0.0,0.0,0.0,1.0,5.0,2,4,0.7330699774266366,324.75,0.005025125628140704,2,1
499.0,3.0,499.0,50.0,24.0,116044.0,1,1667,60,8,5,0,4,0.0,0.0,0.0,0.0,0.0,0.0,0.0,0.0,0.0,0.0,0.0,0.0,0.0,1.0,0.0,1.0,0.0,0.0,1.0,2,2,0.29916067146282976,249.5,0.01639344262295082,2,0
899.0,2.0,899.0,60.0,29.0,79353.0,1,1831,190,4,1,1,1,0.0,0.0,1.0,0.0,0.0,0.0,0.0,0.0,0.0,0.0,0.0,0.0,0.0,0.0,1.0,0.0,0.0,0.0,3.0,1,1,0.49072052401746724,899.0,0.005235602094240838,1,0
899.0,2.0,899.0,60.0,48.0,140956.0,1,2005,129,6,6,1,3,0.0,0.0,0.0,0.0,0.0,0.0,0.0,0.0,0.0,0.0,0.0,0.0,0.0,1.0,1.0,0.0,0.0,0.0,3.0,2,1,0.4481555333998006,899.0,0.007692307692307693,2,0
499.0,1.0,499.0,50.0,49.0,125432.0,1,2004,220,3,6,1,3,0.0,0.0,0.0,0.0,1.0,0.0,0.0,0.0,0.0,0.0,0.0,0.0,0.0,0.0,0.0,1.0,0.0,0.0,1.0,2,1,0.2488778054862843,499.0,0.004524886877828055,2,0
499.0,1.0,499.0,50.0,22.0,109906.0,1,1496,20,9,3,1,5,0.0,0.0,0.0,0.0,0.0,0.0,0.0,0.0,0.0,0.0,0.0,1.0,0.0,0.0,0.0,1.0,0.0,0.0,1.0,1,2,0.3333333333333333,249.5,0.047619047619047616,1,0
1299.0,2.0,1299.0,25.0,25.0,91229.0,1,1835,243,2,4,1,5,0.0,0.0,0.0,0.0,0.0,0.0,1.0,0.0,0.0,0.0,0.0,0.0,0.0,0.0,0.0,0.0,0.0,1.0,5.0,1,4,0.7075163398692811,324.75,0.004098360655737705,1,1
499.0,1.0,499.0,50.0,53.0,166011.0,1,2055,128,6,0,0,5,0.0,0.0,0.0,0.0,0.0,0.0,0.0,0.0,0.0,0.0,1.0,0.0,0.0,0.0,0.0,1.0,0.0,0.0,1.0,3,1,0.24270428015564202,499.0,0.007751937984496124,3,0
1299.0,1.0,1299.0,25.0,22.0,45556.0,1,1452,123,6,5,0,1,0.0,0.0,0.0,0.0,0.0,0.0,0.0,1.0,0.0,0.0,0.0,0.0,0.0,0.0,0.0,0.0,0.0,1.0,5.0,0,2,0.8940123881624226,649.5,0.008064516129032258,0,0
1299.0,3.0,1299.0,25.0,41.0,28706.0,1,1760,62,8,3,1,2,0.0,0.0,0.0,0.0,0.0,0.0,0.0,0.0,0.0,0.0,0.0,0.0,0.0,0.0,0.0,0.0,0.0,1.0,5.0,0,3,0.737649063032368,433.0,0.015873015873015872,0,1
1299.0,1.0,1299.0,25.0,41.908464137509384,193672.0,1,1758,229,2,4,0,2,0.0,0.0,0.0,0.0,0.0,0.0,0.0,1.0,0.0,0.0,0.0,0.0,0.0,0.0,0.0,0.0,0.0,1.0,5.0,3,2,0.7384877771461057,649.5,0.004347826086956522,3,0
1999.0,3.0,1999.0,30.0,64.0,195021.0,1,1482,182,4,2,1,4,0.0,0.0,0.0,0.0,0.0,1.0,0.0,0.0,0.0,0.0,0.0,0.0,0.0,0.0,0.0,0.0,0.0,0.0,2.0,3,1,1.3479433580579905,1999.0,0.00546448087431694,3,0
1999.0,3.0,1999.0,30.0,57.0,27531.0,1,1886,142,5,0,1,1,0.0,0.0,0.0,0.0,0.0,0.0,1.0,0.0,0.0,0.0,0.0,0.0,0.0,0.0,0.0,0.0,0.0,0.0,2.0,0,1,1.059353471118177,1999.0,0.006993006993006993,0,0
654.0,2.0,699.0,40.0,35.0,127539.0,1,1144,11,10,5,0,2,0.0,1.0,0.0,0.0,0.0,0.0,0.0,0.0,0.0,0.0,0.0,0.0,0.0,0.0,0.0,0.0,0.0,0.0,0.0,2,1,0.5711790393013101,654.0,0.08333333333333333,2,0
682.0,2.0,699.0,40.0,64.0,170949.0,1,1705,233,2,0,1,4,1.0,0.0,0.0,0.0,0.0,0.0,0.0,0.0,0.0,0.0,0.0,0.0,0.0,0.0,0.0,0.0,0.0,0.0,0.0,3,2,0.39976553341148885,341.0,0.004273504273504274,3,0
499.0,3.0,499.0,50.0,64.0,183856.0,1,1166,59,8,6,0,1,0.0,0.0,0.0,0.0,0.0,0.0,0.0,0.0,0.0,0.0,0.0,0.0,0.0,1.0,0.0,1.0,0.0,0.0,1.0,3,2,0.42759211653813195,249.5,0.016666666666666666,3,0
1299.0,1.0,1299.0,25.0,40.0,82424.0,1,1535,14,10,2,0,1,0.0,0.0,1.0,0.0,0.0,0.0,0.0,0.0,0.0,0.0,0.0,0.0,0.0,0.0,0.0,0.0,0.0,1.0,5.0,1,3,0.845703125,433.0,0.06666666666666667,1,1
899.0,1.0,899.0,60.0,27.0,75568.0,1,1438,48,8,3,0,4,0.0,0.0,0.0,1.0,0.0,0.0,0.0,0.0,0.0,0.0,0.0,0.0,0.0,0.0,1.0,0.0,0.0,0.0,3.0,1,2,0.6247394023627519,449.5,0.02040816326530612,1,0
1299.0,2.0,1299.0,25.0,33.0,38708.0,1,1309,49,8,2,0,5,0.0,0.0,0.0,0.0,0.0,0.0,0.0,0.0,0.0,0.0,1.0,0.0,0.0,0.0,0.0,0.0,0.0,1.0,5.0,0,2,0.9916030534351145,649.5,0.02,0,0
699.0,2.0,699.0,40.0,37.0,39873.0,1,1766,155,5,1,0,3,0.0,0.0,0.0,1.0,0.0,0.0,0.0,0.0,0.0,0.0,0.0,0.0,0.0,0.0,0.0,0.0,0.0,0.0,0.0,0,4,0.39558573853989815,174.75,0.00641025641025641,0,1
699.0,2.0,699.0,40.0,42.0,70601.0,1,1251,118,6,3,1,5,0.0,0.0,0.0,0.0,0.0,1.0,0.0,0.0,0.0,0.0,0.0,0.0,0.0,0.0,0.0,0.0,0.0,0.0,0.0,1,1,0.5583067092651757,699.0,0.008403361344537815,1,0
823.0,2.0,899.0,60.0,22.0,57823.0,1,1193,42,9,2,1,2,0.0,0.0,0.0,0.0,1.0,0.0,0.0,0.0,0.0,0.0,0.0,0.0,0.0,0.0,1.0,0.0,0.0,0.0,3.0,0,2,0.6892797319932998,411.5,0.023255813953488372,0,0
699.0,3.0,699.0,40.0,43.0,184226.0,1,1725,222,3,4,1,2,0.0,0.0,0.0,1.0,0.0,0.0,0.0,0.0,0.0,0.0,0.0,0.0,0.0,0.0,0.0,0.0,0.0,0.0,0.0,3,1,0.40498261877172653,699.0,0.004484304932735426,3,0
899.0,3.0,899.0,60.0,41.61362431494656,156511.0,1,1542,121,6,0,1,4,0.0,0.0,0.0,0.0,0.0,0.0,0.0,0.0,1.0,0.0,0.0,0.0,0.0,0.0,1.0,0.0,0.0,0.0,3.0,2,2,0.5826312378483474,449.5,0.00819672131147541,2,0
499.0,2.0,499.0,50.0,53.0,113507.34306302876,1,1634,51,8,0,1,3,0.0,0.0,0.0,0.0,0.0,0.0,0.0,0.0,0.0,1.0,0.0,0.0,0.0,0.0,0.0,1.0,0.0,0.0,1.0,2,3,0.3051987767584098,166.33333333333334,0.019230769230769232,2,1
899.0,1.0,899.0,60.0,55.0,157488.0,1,1534,7,10,2,1,1,0.0,0.0,0.0,0.0,0.0,0.0,0.0,0.0,0.0,0.0,0.0,0.0,0.0,0.0,1.0,0.0,0.0,0.0,3.0,2,3,0.5856677524429967,299.6666666666667,0.125,2,1
899.0,3.0,899.0,60.0,27.0,75568.0,1,1401,181,4,3,0,2,0.0,0.0,0.0,1.0,0.0,0.0,0.0,0.0,0.0,0.0,0.0,0.0,0.0,0.0,1.0,0.0,0.0,0.0,3.0,1,2,0.6412268188302425,449.5,0.005494505494505495,1,0
899.0,3.0,899.0,60.0,24.0,92516.0,1,2033,112,6,2,0,0,0.0,0.0,0.0,0.0,0.0,0.0,0.0,0.0,0.0,0.0,0.0,0.0,1.0,0.0,1.0,0.0,0.0,0.0,3.0,1,1,0.44198623402163223,899.0,0.008849557522123894,1,0
699.0,3.0,699.0,40.0,23.0,117136.0,1,1156,248,2,6,1,5,0.0,0.0,0.0,0.0,0.0,0.0,0.0,0.0,0.0,1.0,0.0,0.0,0.0,0.0,0.0,0.0,0.0,0.0,0.0,2,2,0.6041486603284356,349.5,0.004016064257028112,2,0
2599.0,3.0,2599.0,20.0,41.0,181475.0,1,1541,229,2,4,1,0,0.0,0.0,0.0,0.0,0.0,1.0,0.0,0.0,0.0,0.0,0.0,0.0,0.0,0.0,0.0,0.0,1.0,0.0,4.0,3,1,1.685473411154345,2599.0,0.004347826086956522,3,0
899.0,1.0,899.0,60.0,26.0,149295.0,1,1746,60,8,5,0,4,0.0,1.0,0.0,0.0,0.0,0.0,0.0,0.0,0.0,0.0,0.0,0.0,0.0,0.0,1.0,0.0,0.0,0.0,3.0,2,3,0.5145964510589582,299.6666666666667,0.01639344262295082,2,1
777.0,2.0,899.0,60.0,55.0,148046.0,1,1454,93,7,0,1,3,0.0,0.0,0.0,0.0,0.0,0.0,0.0,0.0,0.0,0.0,0.0,1.0,0.0,0.0,1.0,0.0,0.0,0.0,3.0,2,2,0.534020618556701,388.5,0.010638297872340425,2,0
2599.0,1.0,2599.0,20.0,50.0,142775.0,1,2067,176,4,1,1,4,0.0,0.0,0.0,0.0,0.0,0.0,0.0,0.0,0.0,0.0,0.0,1.0,0.0,0.0,0.0,0.0,1.0,0.0,4.0,2,2,1.256769825918762,1299.5,0.005649717514124294,2,0
1999.0,1.0,1999.0,30.0,30.0,191675.0,1,1141,287,1,2,1,5,0.0,0.0,0.0,0.0,0.0,0.0,0.0,0.0,0.0,0.0,0.0,1.0,0.0,0.0,0.0,0.0,0.0,0.0,2.0,3,2,1.7504378283712785,999.5,0.003472222222222222,3,0
699.0,3.0,699.0,40.0,20.0,98610.0,1,1258,88,7,5,0,2,0.0,0.0,0.0,0.0,0.0,0.0,0.0,0.0,0.0,0.0,0.0,0.0,1.0,0.0,0.0,0.0,0.0,0.0,0.0,1,2,0.5552025416997617,349.5,0.011235955056179775,1,0
899.0,2.0,899.0,60.0,22.0,45556.0,1,2080,125,6,3,0,5,0.0,0.0,0.0,0.0,0.0,0.0,0.0,1.0,0.0,0.0,0.0,0.0,0.0,0.0,1.0,0.0,0.0,0.0,3.0,0,2,0.4320038443056223,449.5,0.007936507936507936,0,0
2599.0,1.0,2599.0,20.0,40.0,29346.0,1,1265,111,6,3,1,0,0.0,0.0,0.0,0.0,0.0,0.0,0.0,0.0,0.0,0.0,0.0,0.0,1.0,0.0,0.0,0.0,1.0,0.0,4.0,0,2,2.052922590837283,1299.5,0.008928571428571428,0,0
499.0,1.0,499.0,50.0,28.0,164302.0,1,2073,81,7,5,1,3,0.0,0.0,0.0,0.0,0.0,0.0,0.0,0.0,0.0,0.0,0.0,0.0,0.0,0.0,0.0,1.0,0.0,0.0,1.0,3,2,0.24059787849566056,249.5,0.012195121951219513,3,0
1268.0,3.0,1299.0,25.0,64.0,185696.0,1,1212,287,1,2,0,4,0.0,0.0,0.0,0.0,0.0,0.0,0.0,0.0,0.0,0.0,0.0,0.0,0.0,0.0,0.0,0.0,0.0,1.0,5.0,3,2,1.0453421269579555,634.0,0.003472222222222222,3,0
1299.0,1.0,1299.0,25.0,48.0,151717.0,1,1259,272,1,3,0,2,0.0,1.0,0.0,0.0,0.0,0.0,0.0,0.0,0.0,0.0,0.0,0.0,0.0,0.0,0.0,0.0,0.0,1.0,5.0,2,1,1.0309523809523808,1299.0,0.003663003663003663,2,0
2599.0,3.0,2599.0,20.0,42.0,199017.0,1,2104,125,6,3,0,5,0.0,0.0,0.0,0.0,0.0,0.0,0.0,0.0,0.0,0.0,0.0,0.0,0.0,1.0,0.0,0.0,1.0,0.0,4.0,3,1,1.2346793349168645,2599.0,0.007936507936507936,3,0
899.0,3.0,899.0,60.0,31.0,37073.0,1,1999,179,4,5,0,3,0.0,0.0,0.0,0.0,1.0,0.0,0.0,0.0,0.0,0.0,0.0,0.0,0.0,0.0,1.0,0.0,0.0,0.0,3.0,0,2,0.4495,449.5,0.005555555555555556,0,0
899.0,2.0,899.0,60.0,56.0,43387.0,1,1941,91,7,2,0,3,0.0,0.0,0.0,0.0,0.0,0.0,0.0,1.0,0.0,0.0,0.0,0.0,0.0,0.0,1.0,0.0,0.0,0.0,3.0,0,1,0.4629248197734295,899.0,0.010869565217391304,0,0
899.0,1.0,899.0,60.0,64.0,168226.0,1,1672,223,3,3,1,5,0.0,0.0,0.0,0.0,0.0,0.0,0.0,0.0,0.0,1.0,0.0,0.0,0.0,0.0,1.0,0.0,0.0,0.0,3.0,3,2,0.5373580394500896,449.5,0.004464285714285714,3,0
499.0,3.0,499.0,50.0,41.0,113507.34267846766,1,1223,38,9,6,1,1,0.0,0.0,0.0,0.0,0.0,0.0,0.0,1.0,0.0,0.0,0.0,0.0,0.0,0.0,0.0,1.0,0.0,0.0,1.0,2,2,0.4076797385620915,249.5,0.02564102564102564,2,0
656.0,3.0,699.0,40.0,41.41797860104151,131672.0,1,1335,54,8,4,1,0,0.0,0.0,0.0,0.0,0.0,0.0,0.0,0.0,0.0,0.0,1.0,0.0,0.0,0.0,0.0,0.0,0.0,0.0,0.0,2,2,0.49101796407185627,328.0,0.01818181818181818,2,0
899.0,2.0,899.0,60.0,25.0,96229.0,1,1443,27,9,3,1,0,0.0,0.0,0.0,0.0,1.0,0.0,0.0,0.0,0.0,0.0,0.0,0.0,0.0,0.0,1.0,0.0,0.0,0.0,3.0,1,2,0.6225761772853186,449.5,0.03571428571428571,1,0
899.0,2.0,899.0,60.0,29.0,46819.0,1,1495,192,4,6,1,1,0.0,0.0,0.0,0.0,0.0,0.0,0.0,1.0,0.0,0.0,0.0,0.0,0.0,0.0,1.0,0.0,0.0,0.0,3.0,0,1,0.6009358288770054,899.0,0.0051813471502590676,0,0
499.0,3.0,499.0,50.0,62.0,124648.0,1,1965,166,5,4,1,5,0.0,0.0,0.0,0.0,0.0,0.0,0.0,0.0,0.0,0.0,1.0,0.0,0.0,0.0,0.0,1.0,0.0,0.0,1.0,2,1,0.2538148524923703,499.0,0.005988023952095809,2,0
1299.0,1.0,1299.0,25.0,29.0,172456.0,1,1821,100,7,0,1,3,0.0,0.0,0.0,0.0,1.0,0.0,0.0,0.0,0.0,0.0,0.0,0.0,0.0,0.0,0.0,0.0,0.0,1.0,5.0,3,1,0.7129527991218442,1299.0,0.009900990099009901,3,0
1999.0,3.0,1999.0,30.0,24.0,109881.0,1,1252,230,2,3,0,2,0.0,0.0,0.0,1.0,0.0,0.0,0.0,0.0,0.0,0.0,0.0,0.0,0.0,0.0,0.0,0.0,0.0,0.0,2.0,1,1,1.5953711093375897,1999.0,0.004329004329004329,1,0
2474.0,2.0,2599.0,20.0,49.0,43648.0,1,2017,144,5,5,0,3,0.0,0.0,0.0,0.0,0.0,0.0,0.0,1.0,0.0,0.0,0.0,0.0,0.0,0.0,0.0,0.0,1.0,0.0,4.0,0,1,1.225966303270565,2474.0,0.006896551724137931,0,0
499.0,1.0,499.0,50.0,41.407012953748385,129472.0,1,2037,242,2,5,0,3,0.0,0.0,0.0,0.0,0.0,0.0,0.0,0.0,0.0,0.0,1.0,0.0,0.0,0.0,0.0,1.0,0.0,0.0,1.0,2,2,0.2448478900883219,249.5,0.00411522633744856,2,0
2599.0,3.0,2599.0,20.0,49.0,38489.0,1,1972,248,2,6,1,5,0.0,0.0,0.0,0.0,0.0,0.0,0.0,0.0,0.0,0.0,0.0,0.0,1.0,0.0,0.0,0.0,1.0,0.0,4.0,0,2,1.3172833248859606,1299.5,0.004016064257028112,0,0
1999.0,2.0,1999.0,30.0,20.0,166295.0,1,1421,260,1,1,1,2,0.0,0.0,0.0,0.0,0.0,0.0,0.0,0.0,0.0,0.0,0.0,0.0,0.0,1.0,0.0,0.0,0.0,0.0,2.0,3,1,1.4057665260196905,1999.0,0.0038314176245210726,3,0
499.0,3.0,499.0,50.0,41.0,74400.0,1,1450,47,8,4,1,3,1.0,0.0,0.0,0.0,0.0,0.0,0.0,0.0,0.0,0.0,0.0,0.0,0.0,0.0,0.0,1.0,0.0,0.0,1.0,1,3,0.3439007580978635,166.33333333333334,0.020833333333333332,1,1
1299.0,1.0,1299.0,25.0,36.0,31093.0,1,1254,139,5,3,0,2,0.0,0.0,0.0,0.0,0.0,0.0,0.0,0.0,0.0,0.0,1.0,0.0,0.0,0.0,0.0,0.0,0.0,1.0,5.0,0,3,1.0350597609561754,433.0,0.007142857142857143,0,1
2599.0,3.0,2599.0,20.0,41.36565502183604,140575.0,1,1843,132,6,3,0,5,0.0,0.0,1.0,0.0,0.0,0.0,0.0,0.0,0.0,0.0,0.0,0.0,0.0,0.0,0.0,0.0,1.0,0.0,4.0,2,1,1.4094360086767896,2599.0,0.007518796992481203,2,0
1999.0,3.0,1999.0,30.0,34.0,195674.0,1,2022,45,8,6,0,5,0.0,0.0,0.0,0.0,0.0,0.0,1.0,0.0,0.0,0.0,0.0,0.0,0.0,0.0,0.0,0.0,0.0,0.0,2.0,3,3,0.9881364310430054,666.3333333333334,0.021739130434782608,3,1
1976.0,2.0,1999.0,30.0,47.0,165643.0,1,1511,274,1,1,0,5,0.0,0.0,0.0,0.0,0.0,0.0,0.0,0.0,0.0,0.0,0.0,1.0,0.0,0.0,0.0,0.0,0.0,0.0,2.0,3,2,1.306878306878307,988.0,0.0036363636363636364,3,0
499.0,2.0,499.0,50.0,41.0,41253.0,1,1368,145,5,4,0,4,0.0,0.0,0.0,0.0,0.0,0.0,0.0,1.0,0.0,0.0,0.0,0.0,0.0,0.0,0.0,1.0,0.0,0.0,1.0,0,1,0.36449963476990505,499.0,0.00684931506849315,0,0
1999.0,3.0,1999.0,30.0,22.0,115457.0,1,1493,280,1,2,1,2,0.0,1.0,0.0,0.0,0.0,0.0,0.0,0.0,0.0,0.0,0.0,0.0,0.0,0.0,0.0,0.0,0.0,0.0,2.0,2,3,1.3380187416331994,666.3333333333334,0.0035587188612099642,2,1
1999.0,3.0,1999.0,30.0,26.0,81063.0,1,1570,210,3,2,1,3,0.0,0.0,0.0,0.0,0.0,0.0,1.0,0.0,0.0,0.0,0.0,0.0,0.0,0.0,0.0,0.0,0.0,0.0,2.0,1,1,1.2724379376193506,1999.0,0.004739336492890996,1,0
1299.0,2.0,1299.0,25.0,46.0,50651.0,1,2068,167,5,3,0,2,0.0,0.0,0.0,0.0,0.0,0.0,0.0,0.0,0.0,0.0,1.0,0.0,0.0,0.0,0.0,0.0,0.0,1.0,5.0,0,1,0.6278395360077332,1299.0,0.005952380952380952,0,0
1999.0,1.0,1999.0,30.0,23.0,175930.0,1,1660,244,2,3,1,2,0.0,0.0,0.0,0.0,0.0,0.0,0.0,0.0,1.0,0.0,0.0,0.0,0.0,0.0,0.0,0.0,0.0,0.0,2.0,3,3,1.2034918723660446,666.3333333333334,0.004081632653061225,3,1
699.0,1.0,699.0,40.0,59.0,178588.0,1,1585,91,7,2,1,0,0.0,0.0,0.0,0.0,0.0,0.0,0.0,0.0,0.0,0.0,0.0,1.0,0.0,0.0,0.0,0.0,0.0,0.0,0.0,3,2,0.4407313997477932,349.5,0.010869565217391304,3,0
899.0,3.0,899.0,60.0,20.0,98610.0,1,1705,180,4,4,0,1,0.0,0.0,0.0,0.0,0.0,0.0,0.0,0.0,0.0,0.0,0.0,0.0,1.0,0.0,1.0,0.0,0.0,0.0,3.0,1,2,0.5269636576787807,449.5,0.0055248618784530384,1,0
1152.0,1.0,1299.0,25.0,36.0,31093.0,1,1810,261,1,0,0,4,0.0,0.0,0.0,0.0,0.0,0.0,0.0,0.0,0.0,0.0,1.0,0.0,0.0,0.0,0.0,0.0,0.0,1.0,5.0,0,3,0.6361126449475428,384.0,0.003816793893129771,0,1
899.0,1.0,899.0,60.0,40.0,116468.0,1,1250,15,9,1,0,0,0.0,0.0,0.0,0.0,0.0,0.0,0.0,1.0,0.0,0.0,0.0,0.0,0.0,0.0,1.0,0.0,0.0,0.0,3.0,2,4,0.718625099920064,224.75,0.0625,2,1
2599.0,1.0,2599.0,20.0,25.0,123864.0,1,1272,153,5,3,1,0,0.0,0.0,1.0,0.0,0.0,0.0,0.0,0.0,0.0,0.0,0.0,0.0,0.0,0.0,0.0,0.0,1.0,0.0,4.0,2,1,2.0416339355852315,2599.0,0.006493506493506494,2,0
880.0,3.0,899.0,60.0,53.0,82987.0,1,1288,92,7,1,1,0,0.0,0.0,0.0,0.0,0.0,0.0,0.0,0.0,0.0,0.0,0.0,0.0,0.0,1.0,1.0,0.0,0.0,0.0,3.0,1,1,0.682699767261443,880.0,0.010752688172043012,1,0
1999.0,3.0,1999.0,30.0,47.0,185937.0,1,1227,238,2,2,0,4,0.0,0.0,0.0,0.0,0.0,0.0,0.0,0.0,1.0,0.0,0.0,0.0,0.0,0.0,0.0,0.0,0.0,0.0,2.0,3,1,1.6278501628664495,1999.0,0.0041841004184100415,3,0
1299.0,2.0,1299.0,25.0,50.0,94567.0,1,1230,148,5,1,1,0,0.0,1.0,0.0,0.0,0.0,0.0,0.0,0.0,0.0,0.0,0.0,0.0,0.0,0.0,0.0,0.0,0.0,1.0,5.0,1,1,1.0552396425670187,1299.0,0.006711409395973154,1,0
1299.0,2.0,1299.0,25.0,37.0,56727.0,1,1224,87,7,6,1,2,0.0,0.0,0.0,0.0,0.0,0.0,0.0,0.0,0.0,1.0,0.0,0.0,0.0,0.0,0.0,0.0,0.0,1.0,5.0,0,1,1.0604081632653062,1299.0,0.011363636363636364,0,0
2599.0,3.0,2599.0,20.0,51.0,136656.0,1,1267,188,4,3,1,5,0.0,0.0,0.0,0.0,0.0,0.0,0.0,0.0,0.0,0.0,0.0,0.0,0.0,1.0,0.0,0.0,1.0,0.0,4.0,2,1,2.0496845425867507,2599.0,0.005291005291005291,2,0
2599.0,3.0,2599.0,20.0,48.0,170787.0,1,1385,127,6,1,1,1,0.0,0.0,0.0,0.0,0.0,0.0,0.0,0.0,0.0,0.0,0.0,1.0,0.0,0.0,0.0,0.0,1.0,0.0,4.0,3,1,1.8751803751803753,2599.0,0.0078125,3,0
2233.0,3.0,2599.0,20.0,28.0,51174.0,1,1843,237,2,3,1,0,0.0,0.0,0.0,0.0,0.0,0.0,0.0,0.0,0.0,0.0,0.0,1.0,0.0,0.0,0.0,0.0,1.0,0.0,4.0,0,3,1.2109544468546638,744.3333333333334,0.004201680672268907,0,1
2599.0,2.0,2599.0,20.0,41.86335784281779,198313.0,1,1931,142,5,0,0,1,0.0,0.0,1.0,0.0,0.0,0.0,0.0,0.0,0.0,0.0,0.0,0.0,0.0,0.0,0.0,0.0,1.0,0.0,4.0,3,3,1.3452380952380953,866.3333333333334,0.006993006993006993,3,1
430.0,3.0,499.0,50.0,41.0,28706.0,1,1994,176,4,1,1,3,0.0,0.0,0.0,0.0,0.0,0.0,0.0,0.0,0.0,0.0,0.0,0.0,0.0,0.0,0.0,1.0,0.0,0.0,1.0,0,3,0.21553884711779447,143.33333333333334,0.005649717514124294,0,1
499.0,3.0,499.0,50.0,55.0,35037.0,1,1695,243,2,4,0,4,0.0,0.0,1.0,0.0,0.0,0.0,0.0,0.0,0.0,0.0,0.0,0.0,0.0,0.0,0.0,1.0,0.0,0.0,1.0,0,2,0.29422169811320753,249.5,0.004098360655737705,0,0
899.0,1.0,899.0,60.0,20.0,89519.0,1,1337,193,4,5,0,5,0.0,0.0,0.0,0.0,0.0,0.0,0.0,1.0,0.0,0.0,0.0,0.0,0.0,0.0,1.0,0.0,0.0,0.0,3.0,1,2,0.671898355754858,449.5,0.005154639175257732,1,0
699.0,3.0,699.0,40.0,22.0,29885.0,1,1449,249,2,5,0,0,0.0,0.0,0.0,0.0,0.0,0.0,1.0,0.0,0.0,0.0,0.0,0.0,0.0,0.0,0.0,0.0,0.0,0.0,0.0,0,2,0.4820689655172414,349.5,0.004,0,0
1299.0,2.0,1299.0,25.0,22.0,57823.0,1,1993,122,6,6,1,5,0.0,0.0,0.0,0.0,1.0,0.0,0.0,0.0,0.0,0.0,0.0,0.0,0.0,0.0,0.0,0.0,0.0,1.0,5.0,0,2,0.6514543630892679,649.5,0.008130081300813009,0,0
499.0,2.0,499.0,50.0,59.0,179116.0,1,1389,92,7,1,0,4,0.0,1.0,0.0,0.0,0.0,0.0,0.0,0.0,0.0,0.0,0.0,0.0,0.0,0.0,0.0,1.0,0.0,0.0,1.0,3,1,0.35899280575539566,499.0,0.010752688172043012,3,0
499.0,2.0,499.0,50.0,58.0,62963.0,1,1863,196,4,2,0,2,0.0,0.0,0.0,0.0,0.0,0.0,0.0,0.0,0.0,0.0,1.0,0.0,0.0,0.0,0.0,1.0,0.0,0.0,1.0,0,1,0.2677038626609442,499.0,0.005076142131979695,0,0
899.0,1.0,899.0,60.0,27.0,27099.0,1,1507,86,7,0,1,1,0.0,0.0,0.0,0.0,1.0,0.0,0.0,0.0,0.0,0.0,0.0,0.0,0.0,0.0,1.0,0.0,0.0,0.0,3.0,0,1,0.5961538461538461,899.0,0.011494252873563218,0,0
899.0,1.0,899.0,60.0,38.0,174455.0,1,1223,67,8,5,0,3,0.0,0.0,0.0,0.0,0.0,0.0,0.0,0.0,0.0,0.0,0.0,0.0,0.0,1.0,1.0,0.0,0.0,0.0,3.0,3,2,0.7344771241830066,449.5,0.014705882352941176,3,0
2599.0,1.0,2599.0,20.0,23.0,132782.0,1,1704,155,5,1,1,0,0.0,0.0,0.0,0.0,0.0,0.0,0.0,0.0,0.0,0.0,0.0,0.0,0.0,1.0,0.0,0.0,1.0,0.0,4.0,2,2,1.5243401759530792,1299.5,0.00641025641025641,2,0
474.0,2.0,499.0,50.0,61.0,42420.0,1,1132,278,1,4,0,0,0.0,0.0,0.0,0.0,0.0,0.0,0.0,0.0,0.0,0.0,0.0,0.0,1.0,0.0,0.0,1.0,0.0,0.0,1.0,0,1,0.4183583406884378,474.0,0.0035842293906810036,0,0
2599.0,2.0,2599.0,20.0,40.0,113471.0,1,1541,88,7,5,1,4,0.0,0.0,0.0,0.0,0.0,0.0,0.0,0.0,0.0,0.0,1.0,0.0,0.0,0.0,0.0,0.0,1.0,0.0,4.0,1,2,1.685473411154345,1299.5,0.011235955056179775,1,0
2599.0,3.0,2599.0,20.0,32.0,104080.0,1,1235,286,1,3,0,0,0.0,0.0,0.0,0.0,0.0,0.0,0.0,0.0,0.0,1.0,0.0,0.0,0.0,0.0,0.0,0.0,1.0,0.0,4.0,1,1,2.102750809061489,2599.0,0.003484320557491289,1,0
899.0,3.0,899.0,60.0,64.0,158440.0,1,2008,252,2,2,0,0,0.0,0.0,0.0,0.0,0.0,0.0,0.0,0.0,0.0,1.0,0.0,0.0,0.0,0.0,1.0,0.0,0.0,0.0,3.0,2,3,0.4474863115978099,299.6666666666667,0.003952569169960474,2,1
499.0,1.0,499.0,50.0,50.0,39033.0,1,1271,41,9,3,0,5,1.0,0.0,0.0,0.0,0.0,0.0,0.0,0.0,0.0,0.0,0.0,0.0,0.0,0.0,0.0,1.0,0.0,0.0,1.0,0,2,0.3922955974842767,249.5,0.023809523809523808,0,0
1999.0,3.0,1999.0,30.0,42.0,63732.0,1,1355,117,6,4,1,2,0.0,0.0,1.0,0.0,0.0,0.0,0.0,0.0,0.0,0.0,0.0,0.0,0.0,0.0,0.0,0.0,0.0,0.0,2.0,0,1,1.474188790560472,1999.0,0.00847457627118644,0,0
889.0,2.0,899.0,60.0,29.0,97984.0,1,1890,241,2,6,1,5,0.0,0.0,0.0,0.0,1.0,0.0,0.0,0.0,0.0,0.0,0.0,0.0,0.0,0.0,1.0,0.0,0.0,0.0,3.0,1,2,0.4701216287678477,444.5,0.004132231404958678,1,0
1187.0,1.0,1299.0,25.0,41.0,74400.0,1,1495,184,4,0,1,2,1.0,0.0,0.0,0.0,0.0,0.0,0.0,0.0,0.0,0.0,0.0,0.0,0.0,0.0,0.0,0.0,0.0,1.0,5.0,1,3,0.7934491978609626,395.6666666666667,0.005405405405405406,1,1
499.0,2.0,499.0,50.0,36.0,175289.0,1,1747,190,4,1,0,5,0.0,0.0,0.0,0.0,0.0,0.0,0.0,0.0,0.0,0.0,0.0,0.0,1.0,0.0,0.0,1.0,0.0,0.0,1.0,3,3,0.2854691075514874,166.33333333333334,0.005235602094240838,3,1
899.0,2.0,899.0,60.0,22.0,29885.0,1,1292,104,7,3,0,5,0.0,0.0,0.0,0.0,0.0,0.0,1.0,0.0,0.0,0.0,0.0,0.0,0.0,0.0,1.0,0.0,0.0,0.0,3.0,0,2,0.6952822892498066,449.5,0.009523809523809525,0,0
2599.0,1.0,2599.0,20.0,43.0,109570.0,1,1260,216,3,3,1,1,0.0,0.0,0.0,0.0,0.0,0.0,1.0,0.0,0.0,0.0,0.0,0.0,0.0,0.0,0.0,0.0,1.0,0.0,4.0,1,3,2.0610626486915145,866.3333333333334,0.004608294930875576,1,1
499.0,2.0,499.0,50.0,41.0,28706.0,1,1873,165,5,5,1,3,0.0,0.0,0.0,0.0,0.0,0.0,0.0,0.0,0.0,0.0,0.0,0.0,0.0,0.0,0.0,1.0,0.0,0.0,1.0,0,3,0.2662753468516542,166.33333333333334,0.006024096385542169,0,1
499.0,2.0,499.0,50.0,49.0,199402.0,1,1700,130,6,5,0,5,0.0,0.0,0.0,0.0,0.0,0.0,0.0,0.0,0.0,1.0,0.0,0.0,0.0,0.0,0.0,1.0,0.0,0.0,1.0,3,3,0.2933568489124045,166.33333333333334,0.007633587786259542,3,1
899.0,2.0,899.0,60.0,49.0,125487.0,1,1487,269,1,6,1,4,0.0,0.0,1.0,0.0,0.0,0.0,0.0,0.0,0.0,0.0,0.0,0.0,0.0,0.0,1.0,0.0,0.0,0.0,3.0,2,3,0.6041666666666666,299.6666666666667,0.003703703703703704,2,1
1299.0,1.0,1299.0,25.0,31.0,184232.0,1,1725,80,7,6,1,4,0.0,1.0,0.0,0.0,0.0,0.0,0.0,0.0,0.0,0.0,0.0,0.0,0.0,0.0,0.0,0.0,0.0,1.0,5.0,3,3,0.7526071842410197,433.0,0.012345679012345678,3,1
2599.0,1.0,2599.0,20.0,43.0,115081.0,1,1232,13,10,3,1,0,0.0,0.0,0.0,0.0,0.0,0.0,0.0,0.0,0.0,0.0,0.0,1.0,0.0,0.0,0.0,0.0,1.0,0.0,4.0,2,2,2.10786699107867,1299.5,0.07142857142857142,2,0
1999.0,3.0,1999.0,30.0,62.0,193824.0,1,1436,269,1,6,1,4,0.0,0.0,0.0,0.0,0.0,0.0,0.0,0.0,0.0,0.0,1.0,0.0,0.0,0.0,0.0,0.0,0.0,0.0,2.0,3,3,1.3910925539318024,666.3333333333334,0.003703703703703704,3,1
899.0,1.0,899.0,60.0,59.0,58714.0,1,1483,264,1,4,0,0,0.0,0.0,0.0,0.0,0.0,0.0,0.0,0.0,0.0,0.0,0.0,0.0,0.0,1.0,1.0,0.0,0.0,0.0,3.0,0,1,0.6057951482479784,899.0,0.0037735849056603774,0,0
2599.0,2.0,2599.0,20.0,62.0,78643.0,1,1434,262,1,6,1,1,0.0,0.0,0.0,0.0,1.0,0.0,0.0,0.0,0.0,0.0,0.0,0.0,0.0,0.0,0.0,0.0,1.0,0.0,4.0,1,1,1.8111498257839722,2599.0,0.0038022813688212928,1,0
499.0,1.0,499.0,50.0,22.0,122112.0,1,1907,255,2,6,1,1,0.0,0.0,0.0,0.0,0.0,0.0,0.0,0.0,0.0,0.0,0.0,1.0,0.0,0.0,0.0,1.0,0.0,0.0,1.0,2,1,0.26153039832285113,499.0,0.00390625,2,0
899.0,1.0,899.0,60.0,29.0,113506.35314838712,1,1380,175,4,2,0,3,0.0,1.0,0.0,0.0,0.0,0.0,0.0,0.0,0.0,0.0,0.0,0.0,0.0,0.0,1.0,0.0,0.0,0.0,3.0,1,4,0.6509775524981897,224.75,0.005681818181818182,1,1
699.0,2.0,699.0,40.0,33.0,133816.0,1,1419,82,7,4,0,5,0.0,0.0,0.0,0.0,0.0,0.0,0.0,0.0,0.0,0.0,0.0,0.0,0.0,1.0,0.0,0.0,0.0,0.0,0.0,2,1,0.4922535211267606,699.0,0.012048192771084338,2,0
2599.0,1.0,2599.0,20.0,61.0,26910.0,1,1915,123,6,5,0,1,0.0,0.0,0.0,1.0,0.0,0.0,0.0,0.0,0.0,0.0,0.0,0.0,0.0,0.0,0.0,0.0,1.0,0.0,4.0,0,1,1.3564718162839249,2599.0,0.008064516129032258,0,0
499.0,1.0,499.0,50.0,54.0,74245.0,1,1715,255,2,6,1,2,0.0,0.0,0.0,1.0,0.0,0.0,0.0,0.0,0.0,0.0,0.0,0.0,0.0,0.0,0.0,1.0,0.0,0.0,1.0,1,1,0.2907925407925408,499.0,0.00390625,1,0
699.0,3.0,699.0,40.0,28.0,36029.0,1,1204,98,7,2,0,1,0.0,0.0,0.0,0.0,1.0,0.0,0.0,0.0,0.0,0.0,0.0,0.0,0.0,0.0,0.0,0.0,0.0,0.0,0.0,0,2,0.5800829875518673,349.5,0.010101010101010102,0,0
899.0,1.0,899.0,60.0,45.0,99751.0,1,1300,267,1,1,0,3,0.0,0.0,0.0,0.0,0.0,1.0,0.0,0.0,0.0,0.0,0.0,0.0,0.0,0.0,1.0,0.0,0.0,0.0,3.0,1,2,0.6910069177555727,449.5,0.0037313432835820895,1,0
2599.0,2.0,2599.0,20.0,28.0,124797.0,1,1236,279,1,3,0,1,0.0,0.0,0.0,0.0,0.0,0.0,0.0,0.0,0.0,0.0,0.0,0.0,1.0,0.0,0.0,0.0,1.0,0.0,4.0,2,2,2.101050929668553,1299.5,0.0035714285714285713,2,0
488.0,2.0,499.0,50.0,62.0,187296.0,1,2086,142,5,0,0,5,0.0,0.0,0.0,0.0,0.0,0.0,0.0,0.0,0.0,0.0,0.0,0.0,0.0,0.0,0.0,1.0,0.0,0.0,1.0,3,2,0.2338284619070436,244.0,0.006993006993006993,3,0
899.0,3.0,899.0,60.0,23.0,117136.0,1,1861,214,3,5,1,1,0.0,0.0,0.0,0.0,0.0,0.0,0.0,0.0,0.0,1.0,0.0,0.0,0.0,0.0,1.0,0.0,0.0,0.0,3.0,2,2,0.48281417830290013,449.5,0.004651162790697674,2,0
1999.0,3.0,1999.0,30.0,41.0,162077.0,1,1228,198,3,0,0,1,0.0,0.0,0.0,0.0,0.0,0.0,0.0,0.0,0.0,0.0,0.0,0.0,1.0,0.0,0.0,0.0,0.0,0.0,2.0,3,2,1.6265256305939788,999.5,0.005025125628140704,3,0
499.0,3.0,499.0,50.0,63.0,55292.0,1,1370,32,9,5,0,5,0.0,0.0,0.0,0.0,0.0,1.0,0.0,0.0,0.0,0.0,0.0,0.0,0.0,0.0,0.0,1.0,0.0,0.0,1.0,0,1,0.3639679066374909,499.0,0.030303030303030304,0,0
499.0,2.0,499.0,50.0,23.0,106836.0,1,1684,109,6,5,0,2,0.0,0.0,0.0,0.0,0.0,0.0,0.0,1.0,0.0,0.0,0.0,0.0,0.0,0.0,0.0,1.0,0.0,0.0,1.0,1,1,0.29614243323442135,499.0,0.00909090909090909,1,0
1999.0,1.0,1999.0,30.0,25.0,91229.0,1,1406,16,9,0,1,4,0.0,0.0,0.0,0.0,0.0,0.0,1.0,0.0,0.0,0.0,0.0,0.0,0.0,0.0,0.0,0.0,0.0,0.0,2.0,1,4,1.4207533759772566,499.75,0.058823529411764705,1,1
1299.0,1.0,1299.0,25.0,44.0,68781.0,1,2097,28,9,2,0,3,0.0,0.0,0.0,0.0,0.0,1.0,0.0,0.0,0.0,0.0,0.0,0.0,0.0,0.0,0.0,0.0,0.0,1.0,5.0,1,1,0.619161105815062,1299.0,0.034482758620689655,1,0
2599.0,1.0,2599.0,20.0,40.0,116468.0,1,1909,260,1,1,0,2,0.0,0.0,0.0,0.0,0.0,0.0,0.0,1.0,0.0,0.0,0.0,0.0,0.0,0.0,0.0,0.0,1.0,0.0,4.0,2,4,1.3607329842931937,649.75,0.0038314176245210726,2,1
699.0,1.0,699.0,40.0,25.0,147896.0,1,1895,33,9,4,1,0,0.0,1.0,0.0,0.0,0.0,0.0,0.0,0.0,0.0,0.0,0.0,0.0,0.0,0.0,0.0,0.0,0.0,0.0,0.0,2,3,0.3686708860759494,233.0,0.029411764705882353,2,1
2599.0,2.0,2599.0,20.0,45.0,63950.0,1,1428,101,7,6,1,4,0.0,0.0,0.0,0.0,0.0,0.0,0.0,0.0,0.0,1.0,0.0,0.0,0.0,0.0,0.0,0.0,1.0,0.0,4.0,0,1,1.8187543736878937,2599.0,0.00980392156862745,0,0
899.0,1.0,899.0,60.0,19.0,58787.0,1,1140,55,8,3,1,3,0.0,0.0,0.0,0.0,0.0,1.0,0.0,0.0,0.0,0.0,0.0,0.0,0.0,0.0,1.0,0.0,0.0,0.0,3.0,0,1,0.7879053461875548,899.0,0.017857142857142856,0,0
2404.0,2.0,2599.0,20.0,41.885432049714446,198313.0,1,1732,273,1,2,0,1,0.0,0.0,1.0,0.0,0.0,0.0,0.0,0.0,0.0,0.0,0.0,0.0,0.0,0.0,0.0,0.0,1.0,0.0,4.0,3,3,1.387189844200808,801.3333333333334,0.0036496350364963502,3,1
440.0,2.0,499.0,50.0,58.0,24135.0,1,1160,121,6,0,1,0,0.0,0.0,0.0,0.0,0.0,0.0,0.0,0.0,0.0,0.0,0.0,0.0,1.0,0.0,0.0,1.0,0.0,0.0,1.0,0,2,0.3789836347975883,220.0,0.00819672131147541,0,0
2599.0,1.0,2599.0,20.0,54.0,156998.0,1,1850,170,4,0,1,2,0.0,1.0,0.0,0.0,0.0,0.0,0.0,0.0,0.0,0.0,0.0,0.0,0.0,0.0,0.0,0.0,1.0,0.0,4.0,2,2,1.404105888708806,1299.5,0.005847953216374269,2,0
666.0,1.0,699.0,40.0,61.0,45122.0,1,1121,95,7,5,0,1,0.0,0.0,0.0,0.0,0.0,0.0,0.0,1.0,0.0,0.0,0.0,0.0,0.0,0.0,0.0,0.0,0.0,0.0,0.0,0,1,0.5935828877005348,666.0,0.010416666666666666,0,0
899.0,1.0,899.0,60.0,32.0,198756.0,1,2111,64,8,1,1,4,0.0,0.0,0.0,0.0,0.0,0.0,0.0,0.0,0.0,0.0,0.0,1.0,0.0,0.0,1.0,0.0,0.0,0.0,3.0,3,1,0.4256628787878788,899.0,0.015384615384615385,3,0
1999.0,1.0,1999.0,30.0,41.81200236796729,187807.0,1,2011,96,7,4,1,0,1.0,0.0,0.0,0.0,0.0,0.0,0.0,0.0,0.0,0.0,0.0,0.0,0.0,0.0,0.0,0.0,0.0,0.0,2.0,3,1,0.9935387673956262,1999.0,0.010309278350515464,3,0
2599.0,1.0,2599.0,20.0,43.0,83870.0,1,1360,149,5,0,0,2,0.0,0.0,0.0,0.0,0.0,0.0,0.0,0.0,1.0,0.0,0.0,0.0,0.0,0.0,0.0,0.0,1.0,0.0,4.0,1,2,1.9096252755326966,1299.5,0.006666666666666667,1,0
649.0,1.0,699.0,40.0,46.0,128899.0,1,1762,218,3,1,0,2,0.0,0.0,0.0,0.0,0.0,0.0,0.0,0.0,1.0,0.0,0.0,0.0,0.0,0.0,0.0,0.0,0.0,0.0,0.0,2,3,0.3681225184344867,216.33333333333334,0.0045662100456621,2,1
899.0,1.0,899.0,60.0,64.0,185696.0,1,1400,112,6,2,0,1,0.0,0.0,0.0,0.0,0.0,0.0,0.0,0.0,0.0,0.0,0.0,0.0,0.0,0.0,1.0,0.0,0.0,0.0,3.0,3,2,0.6416845110635261,449.5,0.008849557522123894,3,0
1299.0,3.0,1299.0,25.0,34.0,121665.0,1,1221,200,3,5,1,5,0.0,0.0,0.0,0.0,0.0,0.0,0.0,1.0,0.0,0.0,0.0,0.0,0.0,0.0,0.0,0.0,0.0,1.0,5.0,2,2,1.0630114566284778,649.5,0.004975124378109453,2,0
1999.0,3.0,1999.0,30.0,23.0,78478.0,1,2011,77,7,2,1,4,0.0,0.0,0.0,0.0,0.0,0.0,0.0,0.0,0.0,0.0,0.0,1.0,0.0,0.0,0.0,0.0,0.0,0.0,2.0,1,2,0.9935387673956262,999.5,0.01282051282051282,1,0
699.0,1.0,699.0,40.0,50.0,123850.0,1,1674,145,5,4,0,0,0.0,0.0,0.0,0.0,0.0,0.0,0.0,0.0,0.0,0.0,0.0,1.0,0.0,0.0,0.0,0.0,0.0,0.0,0.0,2,1,0.4173134328358209,699.0,0.00684931506849315,2,0
899.0,2.0,899.0,60.0,54.0,194427.0,1,1158,161,5,2,1,1,0.0,0.0,0.0,0.0,0.0,0.0,0.0,0.0,0.0,0.0,0.0,0.0,0.0,0.0,1.0,0.0,0.0,0.0,3.0,3,2,0.7756686798964625,449.5,0.006172839506172839,3,0
1999.0,3.0,1999.0,30.0,62.0,146468.0,1,1347,211,3,1,1,3,0.0,0.0,0.0,0.0,0.0,0.0,0.0,0.0,1.0,0.0,0.0,0.0,0.0,0.0,0.0,0.0,0.0,0.0,2.0,2,1,1.4829376854599408,1999.0,0.0047169811320754715,2,0
499.0,2.0,499.0,50.0,40.842895809633326,64014.0,1,1708,267,1,1,0,4,0.0,0.0,0.0,0.0,0.0,0.0,0.0,0.0,0.0,0.0,0.0,0.0,0.0,0.0,0.0,1.0,0.0,0.0,1.0,0,1,0.2919836161497952,499.0,0.0037313432835820895,0,0
1847.0,2.0,1999.0,30.0,36.0,31093.0,1,1266,237,2,3,0,0,0.0,0.0,0.0,0.0,0.0,0.0,0.0,0.0,0.0,0.0,1.0,0.0,0.0,0.0,0.0,0.0,0.0,0.0,2.0,0,3,1.457774269928966,615.6666666666666,0.004201680672268907,0,1
667.0,1.0,699.0,40.0,57.0,53243.0,1,1585,79,7,0,1,5,0.0,0.0,0.0,1.0,0.0,0.0,0.0,0.0,0.0,0.0,0.0,0.0,0.0,0.0,0.0,0.0,0.0,0.0,0.0,0,1,0.42055485498108447,667.0,0.0125,0,0
1299.0,1.0,1299.0,25.0,22.0,115457.0,1,1396,241,2,6,1,5,0.0,1.0,0.0,0.0,0.0,0.0,0.0,0.0,0.0,0.0,0.0,0.0,0.0,0.0,0.0,0.0,0.0,1.0,5.0,2,3,0.9298496778811739,433.0,0.004132231404958678,2,1
2599.0,3.0,2599.0,20.0,19.0,194023.0,1,2082,52,8,6,1,5,0.0,0.0,0.0,1.0,0.0,0.0,0.0,0.0,0.0,0.0,0.0,0.0,0.0,0.0,0.0,0.0,1.0,0.0,4.0,3,1,1.2477196351416227,2599.0,0.018867924528301886,3,0
1826.0,1.0,1999.0,30.0,45.0,106795.0,1,1983,80,7,6,0,1,0.0,0.0,0.0,0.0,0.0,0.0,0.0,0.0,0.0,0.0,0.0,0.0,1.0,0.0,0.0,0.0,0.0,0.0,2.0,1,3,0.9203629032258065,608.6666666666666,0.012345679012345678,1,1
1299.0,3.0,1299.0,25.0,34.0,90028.0,1,2035,287,1,2,0,5,0.0,0.0,0.0,0.0,0.0,0.0,0.0,0.0,0.0,0.0,0.0,0.0,0.0,1.0,0.0,0.0,0.0,1.0,5.0,1,2,0.638015717092338,649.5,0.003472222222222222,1,0
899.0,1.0,899.0,60.0,53.0,176503.0,1,1366,16,9,0,1,2,0.0,0.0,0.0,0.0,0.0,0.0,0.0,0.0,0.0,0.0,0.0,0.0,0.0,0.0,1.0,0.0,0.0,0.0,3.0,3,2,0.6576444769568398,449.5,0.058823529411764705,3,0
899.0,3.0,899.0,60.0,38.0,152723.0,1,1324,10,10,6,0,5,0.0,0.0,0.0,0.0,0.0,0.0,0.0,0.0,0.0,0.0,0.0,0.0,0.0,0.0,1.0,0.0,0.0,0.0,3.0,2,1,0.6784905660377358,899.0,0.09090909090909091,2,0
699.0,3.0,699.0,40.0,22.0,72781.0,1,1373,116,6,5,1,4,0.0,0.0,0.0,0.0,0.0,0.0,0.0,0.0,0.0,0.0,0.0,1.0,0.0,0.0,0.0,0.0,0.0,0.0,0.0,1,1,0.5087336244541485,699.0,0.008547008547008548,1,0
499.0,1.0,499.0,50.0,48.0,157416.0,1,1290,101,7,6,0,5,1.0,0.0,0.0,0.0,0.0,0.0,0.0,0.0,0.0,0.0,0.0,0.0,0.0,0.0,0.0,1.0,0.0,0.0,1.0,2,3,0.3865220759101472,166.33333333333334,0.00980392156862745,2,1
899.0,2.0,899.0,60.0,24.0,168702.0,1,1562,267,1,1,1,3,0.0,0.0,0.0,0.0,1.0,0.0,0.0,0.0,0.0,0.0,0.0,0.0,0.0,0.0,1.0,0.0,0.0,0.0,3.0,3,1,0.5751759436980166,899.0,0.0037313432835820895,3,0
699.0,3.0,699.0,40.0,56.0,93997.0,1,1977,253,2,1,0,5,0.0,0.0,0.0,0.0,0.0,0.0,0.0,0.0,0.0,0.0,0.0,0.0,1.0,0.0,0.0,0.0,0.0,0.0,0.0,1,3,0.3533872598584429,233.0,0.003937007874015748,1,1
699.0,3.0,699.0,40.0,38.0,66403.0,1,2007,165,5,5,0,2,0.0,0.0,0.0,0.0,0.0,0.0,0.0,0.0,0.0,0.0,0.0,1.0,0.0,0.0,0.0,0.0,0.0,0.0,0.0,1,2,0.34810756972111556,349.5,0.006024096385542169,1,0
2599.0,3.0,2599.0,20.0,29.0,113502.14525263007,1,1386,180,4,4,0,3,0.0,1.0,0.0,0.0,0.0,0.0,0.0,0.0,0.0,0.0,0.0,0.0,0.0,0.0,0.0,0.0,1.0,0.0,4.0,1,4,1.8738284066330209,649.75,0.0055248618784530384,1,1
699.0,3.0,699.0,40.0,64.0,116055.0,1,1585,30,9,0,1,2,0.0,0.0,0.0,0.0,0.0,1.0,0.0,0.0,0.0,0.0,0.0,0.0,0.0,0.0,0.0,0.0,0.0,0.0,0.0,2,1,0.4407313997477932,699.0,0.03225806451612903,2,0
1171.0,3.0,1299.0,25.0,43.0,174553.0,1,1799,39,9,5,1,0,0.0,0.0,0.0,0.0,0.0,0.0,0.0,0.0,0.0,0.0,0.0,0.0,0.0,1.0,0.0,0.0,0.0,1.0,5.0,3,1,0.6505555555555556,1171.0,0.025,3,0
499.0,2.0,499.0,50.0,26.0,144661.0,1,1652,15,9,1,1,3,0.0,0.0,0.0,0.0,0.0,0.0,0.0,0.0,0.0,0.0,1.0,0.0,0.0,0.0,0.0,1.0,0.0,0.0,1.0,2,3,0.3018753781004235,166.33333333333334,0.0625,2,1
1999.0,1.0,1999.0,30.0,47.0,120158.0,1,1837,254,2,0,0,5,0.0,0.0,0.0,0.0,0.0,0.0,0.0,0.0,0.0,1.0,0.0,0.0,0.0,0.0,0.0,0.0,0.0,0.0,2.0,2,4,1.08759521218716,499.75,0.00392156862745098,2,1
813.0,1.0,899.0,60.0,20.0,195251.0,1,1167,140,5,2,1,1,0.0,0.0,0.0,0.0,0.0,0.0,1.0,0.0,0.0,0.0,0.0,0.0,0.0,0.0,1.0,0.0,0.0,0.0,3.0,3,1,0.6960616438356164,813.0,0.0070921985815602835,3,0
699.0,2.0,699.0,40.0,58.0,129787.0,1,1706,212,3,0,1,5,0.0,0.0,0.0,0.0,1.0,0.0,0.0,0.0,0.0,0.0,0.0,0.0,0.0,0.0,0.0,0.0,0.0,0.0,0.0,2,3,0.4094903339191564,233.0,0.004694835680751174,2,1
699.0,2.0,699.0,40.0,62.0,118989.0,1,1708,276,1,6,1,5,0.0,0.0,0.0,0.0,0.0,0.0,0.0,0.0,0.0,0.0,0.0,0.0,0.0,0.0,0.0,0.0,0.0,0.0,0.0,2,3,0.409011117612639,233.0,0.0036101083032490976,2,1
2599.0,2.0,2599.0,20.0,47.0,113502.14581877652,1,1817,45,8,6,0,1,0.0,0.0,0.0,0.0,0.0,1.0,0.0,0.0,0.0,0.0,0.0,0.0,0.0,0.0,0.0,0.0,1.0,0.0,4.0,1,1,1.4295929592959296,2599.0,0.021739130434782608,1,0
899.0,1.0,899.0,60.0,45.0,82032.0,1,1788,138,5,4,0,4,0.0,0.0,1.0,0.0,0.0,0.0,0.0,0.0,0.0,0.0,0.0,0.0,0.0,0.0,1.0,0.0,0.0,0.0,3.0,1,1,0.5025153717160424,899.0,0.007194244604316547,1,0
499.0,3.0,499.0,50.0,59.0,171353.0,1,1922,21,9,2,1,1,0.0,0.0,0.0,0.0,0.0,0.0,0.0,0.0,0.0,0.0,1.0,0.0,0.0,0.0,0.0,1.0,0.0,0.0,1.0,3,2,0.2594903796151846,249.5,0.045454545454545456,3,0
899.0,2.0,899.0,60.0,46.0,128899.0,1,1417,120,6,1,0,5,0.0,0.0,0.0,0.0,0.0,0.0,0.0,0.0,1.0,0.0,0.0,0.0,0.0,0.0,1.0,0.0,0.0,0.0,3.0,2,3,0.6339915373765868,299.6666666666667,0.008264462809917356,2,1
2599.0,2.0,2599.0,20.0,30.0,191790.0,1,1197,60,8,5,0,3,0.0,0.0,0.0,0.0,0.0,0.0,1.0,0.0,0.0,0.0,0.0,0.0,0.0,0.0,0.0,0.0,1.0,0.0,4.0,3,1,2.169449081803005,2599.0,0.01639344262295082,3,0
1999.0,2.0,1999.0,30.0,39.0,196325.0,1,1397,200,3,5,0,2,0.0,0.0,0.0,0.0,0.0,1.0,0.0,0.0,0.0,0.0,0.0,0.0,0.0,0.0,0.0,0.0,0.0,0.0,2.0,3,2,1.4298998569384835,999.5,0.004975124378109453,3,0
899.0,1.0,899.0,60.0,26.0,161877.0,1,1740,263,1,5,1,2,0.0,0.0,0.0,0.0,0.0,0.0,0.0,0.0,0.0,0.0,0.0,0.0,0.0,1.0,1.0,0.0,0.0,0.0,3.0,3,3,0.5163699023549684,299.6666666666667,0.003787878787878788,3,1
1299.0,3.0,1299.0,25.0,49.0,158782.0,1,1745,205,3,0,0,1,0.0,0.0,0.0,0.0,0.0,0.0,0.0,0.0,0.0,0.0,0.0,0.0,1.0,0.0,0.0,0.0,0.0,1.0,5.0,2,1,0.7439862542955327,1299.0,0.0048543689320388345,2,0
1299.0,1.0,1299.0,25.0,40.0,176222.0,1,1435,209,3,3,0,1,0.0,0.0,0.0,0.0,0.0,0.0,0.0,0.0,1.0,0.0,0.0,0.0,0.0,0.0,0.0,0.0,0.0,1.0,5.0,3,2,0.9045961002785515,649.5,0.004761904761904762,3,0
446.0,2.0,499.0,50.0,41.332051310884786,120082.0,1,1709,62,8,3,1,1,0.0,0.0,0.0,0.0,0.0,0.0,0.0,0.0,0.0,0.0,0.0,0.0,0.0,1.0,0.0,1.0,0.0,0.0,1.0,2,1,0.2608187134502924,446.0,0.015873015873015872,2,0
699.0,3.0,699.0,40.0,43.0,160905.0,1,1751,270,1,5,1,5,0.0,0.0,0.0,0.0,0.0,0.0,0.0,0.0,0.0,0.0,1.0,0.0,0.0,0.0,0.0,0.0,0.0,0.0,0.0,2,1,0.398972602739726,699.0,0.0036900369003690036,2,0
1299.0,1.0,1299.0,25.0,50.0,66850.0,1,1963,11,10,5,1,0,0.0,0.0,0.0,0.0,0.0,1.0,0.0,0.0,0.0,0.0,0.0,0.0,0.0,0.0,0.0,0.0,0.0,1.0,5.0,1,1,0.6614052953156823,1299.0,0.08333333333333333,1,0
1299.0,2.0,1299.0,25.0,49.0,125487.0,1,1877,80,7,6,1,4,0.0,0.0,1.0,0.0,0.0,0.0,0.0,0.0,0.0,0.0,0.0,0.0,0.0,0.0,0.0,0.0,0.0,1.0,5.0,2,3,0.6916932907348243,433.0,0.012345679012345678,2,1
699.0,1.0,699.0,40.0,28.0,37543.0,1,1899,208,3,4,0,2,0.0,0.0,0.0,0.0,0.0,1.0,0.0,0.0,0.0,0.0,0.0,0.0,0.0,0.0,0.0,0.0,0.0,0.0,0.0,0,3,0.3678947368421053,233.0,0.004784688995215311,0,1
2599.0,3.0,2599.0,20.0,23.0,78478.0,1,1369,118,6,3,1,3,0.0,0.0,0.0,0.0,0.0,0.0,0.0,0.0,0.0,0.0,0.0,1.0,0.0,0.0,0.0,0.0,1.0,0.0,4.0,1,2,1.897080291970803,1299.5,0.008403361344537815,1,0
1299.0,3.0,1299.0,25.0,35.0,36288.0,1,2083,212,3,0,1,2,0.0,0.0,0.0,0.0,1.0,0.0,0.0,0.0,0.0,0.0,0.0,0.0,0.0,0.0,0.0,0.0,0.0,1.0,5.0,0,1,0.6233205374280231,1299.0,0.004694835680751174,0,0
899.0,1.0,899.0,60.0,40.0,168934.0,1,1160,42,9,2,0,4,0.0,0.0,0.0,0.0,0.0,0.0,0.0,0.0,0.0,0.0,1.0,0.0,0.0,0.0,1.0,0.0,0.0,0.0,3.0,3,2,0.7743324720068906,449.5,0.023255813953488372,3,0
2599.0,2.0,2599.0,20.0,32.0,173240.0,1,1462,275,1,0,0,2,0.0,0.0,0.0,0.0,0.0,0.0,0.0,0.0,1.0,0.0,0.0,0.0,0.0,0.0,0.0,0.0,1.0,0.0,4.0,3,1,1.7764866712235132,2599.0,0.0036231884057971015,3,0
699.0,1.0,699.0,40.0,56.0,159251.0,1,1367,120,6,1,0,4,0.0,1.0,0.0,0.0,0.0,0.0,0.0,0.0,0.0,0.0,0.0,0.0,0.0,0.0,0.0,0.0,0.0,0.0,0.0,2,2,0.5109649122807017,349.5,0.008264462809917356,2,0
2599.0,2.0,2599.0,20.0,34.0,41447.0,1,1764,174,4,3,1,3,0.0,0.0,0.0,0.0,0.0,0.0,0.0,0.0,0.0,1.0,0.0,0.0,0.0,0.0,0.0,0.0,1.0,0.0,4.0,0,3,1.4725212464589235,866.3333333333334,0.005714285714285714,0,1
483.0,3.0,499.0,50.0,56.0,103986.0,1,1590,243,2,4,0,5,0.0,0.0,0.0,0.0,0.0,0.0,0.0,0.0,0.0,1.0,0.0,0.0,0.0,0.0,0.0,1.0,0.0,0.0,1.0,1,2,0.3035826524198617,241.5,0.004098360655737705,1,0
699.0,1.0,699.0,40.0,39.0,131487.0,1,2062,26,9,4,1,3,0.0,0.0,0.0,1.0,0.0,0.0,0.0,0.0,0.0,0.0,0.0,0.0,0.0,0.0,0.0,0.0,0.0,0.0,0.0,2,1,0.3388269510421716,699.0,0.037037037037037035,2,0
2599.0,2.0,2599.0,20.0,23.0,168510.0,1,1620,69,8,3,1,1,0.0,0.0,0.0,0.0,1.0,0.0,0.0,0.0,0.0,0.0,0.0,0.0,0.0,0.0,0.0,0.0,1.0,0.0,4.0,3,1,1.6033312769895127,2599.0,0.014285714285714285,3,0
1166.0,3.0,1299.0,25.0,45.0,165361.0,1,1311,59,8,6,1,2,0.0,1.0,0.0,0.0,0.0,0.0,0.0,0.0,0.0,0.0,0.0,0.0,0.0,0.0,0.0,0.0,0.0,1.0,5.0,3,1,0.8887195121951219,1166.0,0.016666666666666666,3,0
699.0,2.0,699.0,40.0,58.0,167603.0,1,1887,75,8,4,0,0,0.0,0.0,0.0,0.0,0.0,0.0,0.0,0.0,0.0,0.0,1.0,0.0,0.0,0.0,0.0,0.0,0.0,0.0,0.0,3,2,0.3702330508474576,349.5,0.013157894736842105,3,0
699.0,1.0,699.0,40.0,52.0,161330.0,1,1429,75,8,4,0,0,0.0,0.0,0.0,0.0,1.0,0.0,0.0,0.0,0.0,0.0,0.0,0.0,0.0,0.0,0.0,0.0,0.0,0.0,0.0,2,1,0.4888111888111888,699.0,0.013157894736842105,2,0
1999.0,2.0,1999.0,30.0,43.0,96917.0,1,1185,181,4,3,0,1,0.0,0.0,1.0,0.0,0.0,0.0,0.0,0.0,0.0,0.0,0.0,0.0,0.0,0.0,0.0,0.0,0.0,0.0,2.0,1,1,1.6854974704890389,1999.0,0.005494505494505495,1,0
1999.0,1.0,1999.0,30.0,62.0,120417.0,1,1882,95,7,5,0,4,0.0,0.0,0.0,0.0,0.0,0.0,0.0,0.0,0.0,1.0,0.0,0.0,0.0,0.0,0.0,0.0,0.0,0.0,2.0,2,1,1.061603823685608,1999.0,0.010416666666666666,2,0
899.0,1.0,899.0,60.0,56.0,116774.0,1,1578,75,8,4,1,2,0.0,0.0,0.0,0.0,0.0,0.0,0.0,0.0,0.0,0.0,0.0,1.0,0.0,0.0,1.0,0.0,0.0,0.0,3.0,2,2,0.5693476884103863,449.5,0.013157894736842105,2,0
899.0,1.0,899.0,60.0,26.0,166108.0,1,1317,185,4,6,0,1,0.0,0.0,0.0,0.0,0.0,0.0,0.0,0.0,0.0,0.0,0.0,0.0,1.0,0.0,1.0,0.0,0.0,0.0,3.0,3,2,0.6820940819423369,449.5,0.005376344086021506,3,0
899.0,2.0,899.0,60.0,63.0,161130.0,1,1379,266,1,2,0,0,0.0,0.0,0.0,0.0,0.0,0.0,0.0,1.0,0.0,0.0,0.0,0.0,0.0,0.0,1.0,0.0,0.0,0.0,3.0,2,1,0.6514492753623189,899.0,0.003745318352059925,2,0
1999.0,1.0,1999.0,30.0,31.0,90194.0,1,2006,50,8,1,0,3,0.0,0.0,0.0,0.0,0.0,0.0,0.0,0.0,0.0,0.0,1.0,0.0,0.0,0.0,0.0,0.0,0.0,0.0,2.0,1,2,0.9960139511709019,999.5,0.0196078431372549,1,0
499.0,1.0,499.0,50.0,61.0,36052.0,1,1741,46,8,5,1,2,0.0,0.0,0.0,0.0,0.0,0.0,0.0,0.0,0.0,0.0,1.0,0.0,0.0,0.0,0.0,1.0,0.0,0.0,1.0,0,2,0.2864523536165327,249.5,0.02127659574468085,0,0
2599.0,2.0,2599.0,20.0,35.0,199526.0,1,1272,196,4,2,0,0,0.0,0.0,0.0,0.0,0.0,0.0,0.0,0.0,0.0,0.0,0.0,1.0,0.0,0.0,0.0,0.0,1.0,0.0,4.0,3,2,2.0416339355852315,1299.5,0.005076142131979695,3,0
2599.0,2.0,2599.0,20.0,58.0,111575.0,1,1667,226,3,0,0,4,0.0,0.0,0.0,0.0,0.0,0.0,0.0,0.0,1.0,0.0,0.0,0.0,0.0,0.0,0.0,0.0,1.0,0.0,4.0,1,1,1.5581534772182255,2599.0,0.004405286343612335,1,0
499.0,3.0,499.0,50.0,41.08367872827005,91947.0,1,1534,41,9,3,0,2,0.0,0.0,0.0,0.0,0.0,0.0,0.0,0.0,0.0,0.0,0.0,0.0,0.0,0.0,0.0,1.0,0.0,0.0,1.0,1,1,0.3250814332247557,499.0,0.023809523809523808,1,0
1299.0,2.0,1299.0,25.0,33.0,34357.0,1,1779,226,3,0,1,0,0.0,0.0,0.0,0.0,0.0,0.0,0.0,0.0,0.0,0.0,0.0,0.0,1.0,0.0,0.0,0.0,0.0,1.0,5.0,0,1,0.7297752808988764,1299.0,0.004405286343612335,0,0
2599.0,3.0,2599.0,20.0,27.0,85794.0,1,2024,204,3,1,1,2,0.0,0.0,0.0,1.0,0.0,0.0,0.0,0.0,0.0,0.0,0.0,0.0,0.0,0.0,0.0,0.0,1.0,0.0,4.0,1,1,1.2834567901234568,2599.0,0.004878048780487805,1,0
699.0,2.0,699.0,40.0,41.35200840707444,124576.0,1,1135,218,3,1,0,5,0.0,0.0,1.0,0.0,0.0,0.0,0.0,0.0,0.0,0.0,0.0,0.0,0.0,0.0,0.0,0.0,0.0,0.0,0.0,2,3,0.6153169014084507,233.0,0.0045662100456621,2,1
499.0,1.0,499.0,50.0,23.0,35997.0,1,1974,105,7,2,1,0,0.0,0.0,0.0,0.0,0.0,0.0,0.0,0.0,0.0,1.0,0.0,0.0,0.0,0.0,0.0,1.0,0.0,0.0,1.0,0,1,0.25265822784810127,499.0,0.009433962264150943,0,0
1299.0,1.0,1299.0,25.0,33.0,77775.0,1,1192,24,9,6,0,4,0.0,0.0,0.0,0.0,0.0,0.0,0.0,0.0,1.0,0.0,0.0,0.0,0.0,0.0,0.0,0.0,0.0,1.0,5.0,1,1,1.0888516345347863,1299.0,0.04,1,0
2599.0,3.0,2599.0,20.0,31.0,168781.0,1,1633,202,3,3,1,4,1.0,0.0,0.0,0.0,0.0,0.0,0.0,0.0,0.0,0.0,0.0,0.0,0.0,0.0,0.0,0.0,1.0,0.0,4.0,3,3,1.5905752753977969,866.3333333333334,0.0049261083743842365,3,1
1299.0,2.0,1299.0,25.0,21.0,103820.0,1,1397,133,6,2,0,5,0.0,0.0,0.0,0.0,0.0,0.0,0.0,0.0,0.0,0.0,1.0,0.0,0.0,0.0,0.0,0.0,0.0,1.0,5.0,1,1,0.9291845493562232,1299.0,0.007462686567164179,1,0
2599.0,3.0,2599.0,20.0,41.09949772129968,109709.0,1,1906,14,10,2,1,4,0.0,0.0,0.0,0.0,0.0,0.0,0.0,0.0,0.0,0.0,0.0,0.0,1.0,0.0,0.0,0.0,1.0,0.0,4.0,1,2,1.3628736234923964,1299.5,0.06666666666666667,1,0
644.0,2.0,699.0,40.0,41.0,113506.9124925564,1,1372,39,9,5,1,2,0.0,0.0,0.0,0.0,0.0,0.0,0.0,0.0,0.0,0.0,1.0,0.0,0.0,0.0,0.0,0.0,0.0,0.0,0.0,2,2,0.4690458849235251,322.0,0.025,2,0
699.0,1.0,699.0,40.0,38.0,25105.0,1,1547,30,9,0,0,1,0.0,1.0,0.0,0.0,0.0,0.0,0.0,0.0,0.0,0.0,0.0,0.0,0.0,0.0,0.0,0.0,0.0,0.0,0.0,0,2,0.45155038759689925,349.5,0.03225806451612903,0,0
699.0,3.0,699.0,40.0,43.0,185682.0,1,1846,18,9,5,0,3,0.0,0.0,1.0,0.0,0.0,0.0,0.0,0.0,0.0,0.0,0.0,0.0,0.0,0.0,0.0,0.0,0.0,0.0,0.0,3,1,0.37845154304277207,699.0,0.05263157894736842,3,0
1999.0,2.0,1999.0,30.0,39.0,69879.0,1,1567,74,8,5,0,4,0.0,0.0,0.0,0.0,0.0,0.0,0.0,0.0,0.0,0.0,1.0,0.0,0.0,0.0,0.0,0.0,0.0,0.0,2.0,1,1,1.2748724489795917,1999.0,0.013333333333333334,1,0
499.0,2.0,499.0,50.0,38.0,140906.0,1,1123,279,1,3,0,1,0.0,0.0,0.0,0.0,0.0,0.0,0.0,0.0,0.0,0.0,0.0,0.0,0.0,1.0,0.0,1.0,0.0,0.0,1.0,2,1,0.44395017793594305,499.0,0.0035714285714285713,2,0
1299.0,3.0,1299.0,25.0,48.0,164565.0,1,1873,61,8,4,1,1,0.0,0.0,0.0,0.0,0.0,0.0,0.0,0.0,0.0,1.0,0.0,0.0,0.0,0.0,0.0,0.0,0.0,1.0,5.0,3,2,0.6931696905016008,649.5,0.016129032258064516,3,0
1299.0,3.0,1299.0,25.0,38.0,40074.0,1,2009,273,1,2,0,2,1.0,0.0,0.0,0.0,0.0,0.0,0.0,0.0,0.0,0.0,0.0,0.0,0.0,0.0,0.0,0.0,0.0,1.0,5.0,0,3,0.6462686567164179,433.0,0.0036496350364963502,0,1
499.0,3.0,499.0,50.0,20.0,44995.0,1,1811,215,3,4,1,5,0.0,0.0,0.0,0.0,0.0,0.0,0.0,0.0,0.0,0.0,1.0,0.0,0.0,0.0,0.0,1.0,0.0,0.0,1.0,0,5,0.2753863134657837,99.8,0.004629629629629629,0,1
1299.0,2.0,1299.0,25.0,26.0,161877.0,1,1787,247,2,0,1,1,0.0,0.0,0.0,0.0,0.0,0.0,0.0,0.0,0.0,0.0,0.0,0.0,0.0,1.0,0.0,0.0,0.0,1.0,5.0,3,3,0.7265100671140939,433.0,0.004032258064516129,3,1
478.0,1.0,499.0,50.0,30.0,43567.0,1,1911,266,1,2,0,0,0.0,0.0,0.0,0.0,0.0,0.0,0.0,0.0,0.0,0.0,0.0,0.0,0.0,1.0,0.0,1.0,0.0,0.0,1.0,0,1,0.25,478.0,0.003745318352059925,0,0
499.0,2.0,499.0,50.0,56.0,59279.0,1,1962,257,1,4,1,3,0.0,0.0,0.0,0.0,0.0,0.0,0.0,0.0,0.0,0.0,0.0,0.0,1.0,0.0,0.0,1.0,0.0,0.0,1.0,0,1,0.25420275089149263,499.0,0.003875968992248062,0,0
1159.0,1.0,1299.0,25.0,54.0,143257.0,1,1885,238,2,2,1,4,0.0,0.0,0.0,0.0,0.0,0.0,0.0,0.0,0.0,0.0,1.0,0.0,0.0,0.0,0.0,0.0,0.0,1.0,5.0,2,1,0.6145281018027572,1159.0,0.0041841004184100415,2,0
1999.0,3.0,1999.0,30.0,47.0,134650.0,1,1444,193,4,5,0,1,0.0,0.0,0.0,0.0,0.0,0.0,0.0,0.0,0.0,0.0,0.0,0.0,0.0,0.0,0.0,0.0,0.0,0.0,2.0,2,1,1.3833910034602077,1999.0,0.005154639175257732,2,0
483.0,2.0,499.0,50.0,63.0,188123.0,1,1475,109,6,5,1,2,0.0,0.0,0.0,0.0,0.0,0.0,0.0,1.0,0.0,0.0,0.0,0.0,0.0,0.0,0.0,1.0,0.0,0.0,1.0,3,3,0.32723577235772355,161.0,0.00909090909090909,3,1
1999.0,3.0,1999.0,30.0,19.0,120500.0,1,1719,164,5,6,1,3,0.0,0.0,0.0,0.0,1.0,0.0,0.0,0.0,0.0,0.0,0.0,0.0,0.0,0.0,0.0,0.0,0.0,0.0,2.0,2,2,1.1622093023255815,999.5,0.006060606060606061,2,0
464.0,1.0,499.0,50.0,40.0,29346.0,1,1830,17,9,6,1,4,0.0,0.0,0.0,0.0,0.0,0.0,0.0,0.0,0.0,0.0,0.0,0.0,1.0,0.0,0.0,1.0,0.0,0.0,1.0,0,2,0.2534134352812671,232.0,0.05555555555555555,0,0
699.0,1.0,699.0,40.0,50.0,157653.0,1,1599,12,10,4,1,1,0.0,0.0,0.0,0.0,0.0,0.0,0.0,0.0,1.0,0.0,0.0,0.0,0.0,0.0,0.0,0.0,0.0,0.0,0.0,2,1,0.436875,699.0,0.07692307692307693,2,0
2287.0,2.0,2599.0,20.0,40.0,190492.0,1,1254,44,9,0,1,3,0.0,0.0,0.0,0.0,0.0,0.0,0.0,0.0,0.0,0.0,0.0,0.0,0.0,1.0,0.0,0.0,1.0,0.0,4.0,3,1,1.8223107569721115,2287.0,0.022222222222222223,3,0
1999.0,1.0,1999.0,30.0,42.0,85087.0,1,1993,233,2,0,1,5,0.0,0.0,0.0,0.0,0.0,0.0,0.0,0.0,0.0,0.0,0.0,1.0,0.0,0.0,0.0,0.0,0.0,0.0,2.0,1,2,1.0025075225677031,999.5,0.004273504273504274,1,0
1299.0,3.0,1299.0,25.0,31.0,90194.0,1,2097,178,4,6,0,0,0.0,0.0,0.0,0.0,0.0,0.0,0.0,0.0,0.0,0.0,1.0,0.0,0.0,0.0,0.0,0.0,0.0,1.0,5.0,1,2,0.619161105815062,649.5,0.00558659217877095,1,0
899.0,2.0,899.0,60.0,23.0,186923.0,1,2015,224,3,2,1,2,0.0,0.0,0.0,0.0,1.0,0.0,0.0,0.0,0.0,0.0,0.0,0.0,0.0,0.0,1.0,0.0,0.0,0.0,3.0,3,1,0.4459325396825397,899.0,0.0044444444444444444,3,0
1999.0,3.0,1999.0,30.0,45.0,174960.0,1,1252,140,5,2,1,2,0.0,0.0,0.0,0.0,0.0,0.0,1.0,0.0,0.0,0.0,0.0,0.0,0.0,0.0,0.0,0.0,0.0,0.0,2.0,3,1,1.5953711093375897,1999.0,0.0070921985815602835,3,0
458.0,2.0,499.0,50.0,45.0,108668.0,1,1584,142,5,0,1,0,0.0,0.0,0.0,0.0,0.0,0.0,0.0,0.0,0.0,1.0,0.0,0.0,0.0,0.0,0.0,1.0,0.0,0.0,1.0,1,2,0.2889589905362776,229.0,0.006993006993006993,1,0
2599.0,3.0,2599.0,20.0,46.0,161559.0,1,1241,172,4,5,1,0,0.0,0.0,0.0,0.0,0.0,0.0,0.0,0.0,0.0,1.0,0.0,0.0,0.0,0.0,0.0,0.0,1.0,0.0,4.0,2,2,2.0925925925925926,1299.5,0.005780346820809248,2,0
1299.0,1.0,1299.0,25.0,62.0,101912.0,1,1323,191,4,0,1,0,0.0,0.0,0.0,0.0,0.0,0.0,0.0,0.0,1.0,0.0,0.0,0.0,0.0,0.0,0.0,0.0,0.0,1.0,5.0,1,1,0.9811178247734139,1299.0,0.005208333333333333,1,0
899.0,1.0,899.0,60.0,35.0,37297.0,1,1694,196,4,2,1,2,0.0,0.0,0.0,1.0,0.0,0.0,0.0,0.0,0.0,0.0,0.0,0.0,0.0,0.0,1.0,0.0,0.0,0.0,3.0,0,2,0.5303834808259587,449.5,0.005076142131979695,0,0
899.0,3.0,899.0,60.0,45.0,148202.0,1,1534,63,8,2,1,0,0.0,0.0,0.0,0.0,0.0,0.0,0.0,0.0,0.0,0.0,1.0,0.0,0.0,0.0,1.0,0.0,0.0,0.0,3.0,2,2,0.5856677524429967,449.5,0.015625,2,0
2261.0,3.0,2599.0,20.0,48.0,113502.54589828377,1,1246,235,2,5,0,0,0.0,0.0,0.0,0.0,0.0,0.0,0.0,0.0,0.0,1.0,0.0,0.0,0.0,0.0,0.0,0.0,1.0,0.0,4.0,1,1,1.8131515637530071,2261.0,0.00423728813559322,1,0
689.0,3.0,699.0,40.0,26.0,153241.0,1,1228,185,4,6,1,2,0.0,0.0,0.0,1.0,0.0,0.0,0.0,0.0,0.0,0.0,0.0,0.0,0.0,0.0,0.0,0.0,0.0,0.0,0.0,2,2,0.5606183889340928,344.5,0.005376344086021506,2,0
899.0,2.0,899.0,60.0,60.0,119932.0,1,2072,32,9,5,0,0,0.0,0.0,0.0,1.0,0.0,0.0,0.0,0.0,0.0,0.0,0.0,0.0,0.0,0.0,1.0,0.0,0.0,0.0,3.0,2,1,0.43367100820067533,899.0,0.030303030303030304,2,0
2599.0,3.0,2599.0,20.0,38.0,63056.0,1,1146,148,5,1,0,3,0.0,0.0,0.0,0.0,0.0,0.0,0.0,0.0,0.0,0.0,1.0,0.0,0.0,0.0,0.0,0.0,1.0,0.0,4.0,0,3,2.265911072362685,866.3333333333334,0.006711409395973154,0,1
899.0,2.0,899.0,60.0,19.0,130659.0,1,1233,80,7,6,0,5,0.0,0.0,0.0,0.0,1.0,0.0,0.0,0.0,0.0,0.0,0.0,0.0,0.0,0.0,1.0,0.0,0.0,0.0,3.0,2,3,0.7285251215559158,299.6666666666667,0.012345679012345678,2,1
1299.0,1.0,1299.0,25.0,43.0,31116.0,1,1645,232,2,1,0,0,0.0,0.0,0.0,0.0,0.0,0.0,1.0,0.0,0.0,0.0,0.0,0.0,0.0,0.0,0.0,0.0,0.0,1.0,5.0,0,2,0.7891859052247874,649.5,0.004291845493562232,0,0
899.0,1.0,899.0,60.0,40.0,123892.0,1,1122,219,3,0,1,5,0.0,0.0,0.0,0.0,0.0,0.0,1.0,0.0,0.0,0.0,0.0,0.0,0.0,0.0,1.0,0.0,0.0,0.0,3.0,2,1,0.8005342831700801,899.0,0.004545454545454545,2,0
2233.0,1.0,2599.0,20.0,41.0,49956.0,1,1668,274,1,1,1,5,0.0,0.0,0.0,0.0,0.0,0.0,0.0,0.0,0.0,0.0,0.0,0.0,1.0,0.0,0.0,0.0,1.0,0.0,4.0,0,2,1.3379269023367286,1116.5,0.0036363636363636364,0,0
1999.0,3.0,1999.0,30.0,31.0,37073.0,1,1214,132,6,3,0,1,0.0,0.0,0.0,0.0,1.0,0.0,0.0,0.0,0.0,0.0,0.0,0.0,0.0,0.0,0.0,0.0,0.0,0.0,2.0,0,2,1.6452674897119342,999.5,0.007518796992481203,0,0
499.0,2.0,499.0,50.0,20.0,49516.0,1,1173,21,9,2,0,5,0.0,0.0,0.0,0.0,0.0,0.0,0.0,0.0,0.0,0.0,0.0,1.0,0.0,0.0,0.0,1.0,0.0,0.0,1.0,0,2,0.4250425894378194,249.5,0.045454545454545456,0,0
899.0,2.0,899.0,60.0,37.0,172458.0,1,1417,33,9,4,1,5,1.0,0.0,0.0,0.0,0.0,0.0,0.0,0.0,0.0,0.0,0.0,0.0,0.0,0.0,1.0,0.0,0.0,0.0,3.0,3,2,0.6339915373765868,449.5,0.029411764705882353,3,0
1299.0,1.0,1299.0,25.0,19.0,57991.0,1,1935,8,10,1,0,3,0.0,0.0,0.0,0.0,0.0,0.0,0.0,1.0,0.0,0.0,0.0,0.0,0.0,0.0,0.0,0.0,0.0,1.0,5.0,0,1,0.6709710743801653,1299.0,0.1111111111111111,0,0
499.0,2.0,499.0,50.0,21.0,70098.0,1,1756,91,7,2,0,4,0.0,0.0,0.0,0.0,0.0,0.0,0.0,0.0,0.0,0.0,0.0,0.0,1.0,0.0,0.0,1.0,0.0,0.0,1.0,1,1,0.2840068298235629,499.0,0.010869565217391304,1,0
899.0,1.0,899.0,60.0,38.0,159401.0,1,2066,271,1,4,1,4,0.0,0.0,0.0,0.0,0.0,0.0,1.0,0.0,0.0,0.0,0.0,0.0,0.0,0.0,1.0,0.0,0.0,0.0,3.0,2,2,0.43492985002418966,449.5,0.003676470588235294,2,0
2599.0,2.0,2599.0,20.0,24.0,117756.0,1,1469,203,3,2,0,2,0.0,1.0,0.0,0.0,0.0,0.0,0.0,0.0,0.0,0.0,0.0,0.0,0.0,0.0,0.0,0.0,1.0,0.0,4.0,2,1,1.7680272108843538,2599.0,0.004901960784313725,2,0
699.0,1.0,699.0,40.0,49.0,89184.0,1,1158,38,9,6,1,0,0.0,0.0,0.0,0.0,0.0,0.0,0.0,0.0,0.0,1.0,0.0,0.0,0.0,0.0,0.0,0.0,0.0,0.0,0.0,1,1,0.6031061259706644,699.0,0.02564102564102564,1,0
2599.0,3.0,2599.0,20.0,53.0,197109.0,1,2037,11,10,5,1,3,0.0,0.0,0.0,0.0,0.0,0.0,0.0,0.0,0.0,0.0,0.0,1.0,0.0,0.0,0.0,0.0,1.0,0.0,4.0,3,1,1.275269872423945,2599.0,0.08333333333333333,3,0
899.0,1.0,899.0,60.0,27.0,47624.0,1,1512,28,9,2,1,1,0.0,1.0,0.0,0.0,0.0,0.0,0.0,0.0,0.0,0.0,0.0,0.0,0.0,0.0,1.0,0.0,0.0,0.0,3.0,0,1,0.5941837409120951,899.0,0.034482758620689655,0,0
1299.0,2.0,1299.0,25.0,39.0,85428.0,1,1411,107,6,0,1,0,0.0,0.0,0.0,0.0,0.0,0.0,0.0,0.0,0.0,0.0,1.0,0.0,0.0,0.0,0.0,0.0,0.0,1.0,5.0,1,2,0.919971671388102,649.5,0.009259259259259259,1,0
427.0,3.0,499.0,50.0,22.0,186597.0,1,2085,109,6,5,0,2,0.0,0.0,0.0,0.0,0.0,1.0,0.0,0.0,0.0,0.0,0.0,0.0,0.0,0.0,0.0,1.0,0.0,0.0,1.0,3,3,0.20469798657718122,142.33333333333334,0.00909090909090909,3,1
499.0,2.0,499.0,50.0,35.0,180081.0,1,1500,113,6,1,1,5,0.0,0.0,0.0,0.0,0.0,0.0,0.0,0.0,0.0,0.0,0.0,0.0,1.0,0.0,0.0,1.0,0.0,0.0,1.0,3,1,0.3324450366422385,499.0,0.008771929824561403,3,0
899.0,2.0,899.0,60.0,61.0,179210.0,1,1988,77,7,2,1,2,0.0,0.0,0.0,1.0,0.0,0.0,0.0,0.0,0.0,0.0,0.0,0.0,0.0,0.0,1.0,0.0,0.0,0.0,3.0,3,3,0.4519859225741579,299.6666666666667,0.01282051282051282,3,1
2599.0,3.0,2599.0,20.0,31.0,184232.0,1,1572,128,6,0,1,1,0.0,1.0,0.0,0.0,0.0,0.0,0.0,0.0,0.0,0.0,0.0,0.0,0.0,0.0,0.0,0.0,1.0,0.0,4.0,3,3,1.652256834075016,866.3333333333334,0.007751937984496124,3,1
2320.0,1.0,2599.0,20.0,43.0,109570.0,1,1822,201,3,4,1,2,0.0,0.0,0.0,0.0,0.0,0.0,1.0,0.0,0.0,0.0,0.0,0.0,0.0,0.0,0.0,0.0,1.0,0.0,4.0,1,3,1.2726275370268787,773.3333333333334,0.0049504950495049506,1,1
1223.0,2.0,1299.0,25.0,40.87479074725789,72756.0,1,1298,24,9,6,0,0,0.0,0.0,0.0,0.0,0.0,0.0,0.0,0.0,0.0,1.0,0.0,0.0,0.0,0.0,0.0,0.0,0.0,1.0,5.0,1,1,0.9414934565050038,1223.0,0.04,1,0
499.0,2.0,499.0,50.0,36.0,174297.0,1,1871,276,1,6,1,3,1.0,0.0,0.0,0.0,0.0,0.0,0.0,0.0,0.0,0.0,0.0,0.0,0.0,0.0,0.0,1.0,0.0,0.0,1.0,3,2,0.26655982905982906,249.5,0.0036101083032490976,3,0
1999.0,2.0,1999.0,30.0,37.0,60785.0,1,1321,237,2,3,1,3,0.0,0.0,0.0,1.0,0.0,0.0,0.0,0.0,0.0,0.0,0.0,0.0,0.0,0.0,0.0,0.0,0.0,0.0,2.0,0,2,1.5121028744326777,999.5,0.004201680672268907,0,0
2599.0,3.0,2599.0,20.0,28.0,124797.0,1,2088,33,9,4,0,2,0.0,0.0,0.0,0.0,0.0,0.0,0.0,0.0,0.0,0.0,0.0,0.0,1.0,0.0,0.0,0.0,1.0,0.0,4.0,2,2,1.2441359502154141,1299.5,0.029411764705882353,2,0
2599.0,2.0,2599.0,20.0,21.0,43377.0,1,1345,134,6,1,1,3,0.0,0.0,0.0,1.0,0.0,0.0,0.0,0.0,0.0,0.0,0.0,0.0,0.0,0.0,0.0,0.0,1.0,0.0,4.0,0,1,1.9309063893016345,2599.0,0.007407407407407408,0,0
899.0,3.0,899.0,60.0,50.0,57772.0,1,1482,249,2,5,1,5,0.0,0.0,0.0,0.0,0.0,0.0,0.0,0.0,0.0,0.0,0.0,0.0,0.0,0.0,1.0,0.0,0.0,0.0,3.0,0,3,0.6062036412677007,299.6666666666667,0.004,0,1
1299.0,1.0,1299.0,25.0,49.0,154153.0,1,1636,82,7,4,1,2,1.0,0.0,0.0,0.0,0.0,0.0,0.0,0.0,0.0,0.0,0.0,0.0,0.0,0.0,0.0,0.0,0.0,1.0,5.0,2,1,0.7935247403787417,1299.0,0.012048192771084338,2,0
2599.0,3.0,2599.0,20.0,62.0,161521.0,1,1172,239,2,1,1,5,0.0,0.0,0.0,0.0,0.0,0.0,0.0,0.0,0.0,1.0,0.0,0.0,0.0,0.0,0.0,0.0,1.0,0.0,4.0,2,1,2.215686274509804,2599.0,0.004166666666666667,2,0
1249.0,1.0,1299.0,25.0,40.64305979066874,46201.0,1,1996,69,8,3,1,0,0.0,0.0,0.0,0.0,0.0,0.0,0.0,0.0,0.0,0.0,0.0,0.0,0.0,0.0,0.0,0.0,0.0,1.0,5.0,0,2,0.6254381572358538,624.5,0.014285714285714285,0,0
499.0,2.0,499.0,50.0,59.0,145736.0,1,1295,29,9,1,1,2,0.0,0.0,0.0,0.0,0.0,0.0,0.0,0.0,0.0,0.0,0.0,1.0,0.0,0.0,0.0,1.0,0.0,0.0,1.0,2,2,0.38503086419753085,249.5,0.03333333333333333,2,0
2599.0,2.0,2599.0,20.0,57.0,33140.0,1,1461,75,8,4,0,1,0.0,0.0,0.0,0.0,0.0,1.0,0.0,0.0,0.0,0.0,0.0,0.0,0.0,0.0,0.0,0.0,1.0,0.0,4.0,0,2,1.777701778385773,1299.5,0.013157894736842105,0,0
1999.0,1.0,1999.0,30.0,48.0,22023.0,1,1162,7,10,2,0,5,0.0,0.0,0.0,0.0,0.0,0.0,0.0,0.0,0.0,0.0,0.0,0.0,1.0,0.0,0.0,0.0,0.0,0.0,2.0,0,2,1.7188306104901119,999.5,0.125,0,0
499.0,3.0,499.0,50.0,56.0,95769.0,1,2050,192,4,6,1,3,0.0,0.0,0.0,0.0,0.0,0.0,0.0,0.0,0.0,0.0,0.0,0.0,0.0,0.0,0.0,1.0,0.0,0.0,1.0,1,2,0.24329595319356412,249.5,0.0051813471502590676,1,0
699.0,2.0,699.0,40.0,46.0,158311.0,1,1711,48,8,3,1,5,1.0,0.0,0.0,0.0,0.0,0.0,0.0,0.0,0.0,0.0,0.0,0.0,0.0,0.0,0.0,0.0,0.0,0.0,0.0,2,3,0.40829439252336447,233.0,0.02040816326530612,2,1
2599.0,3.0,2599.0,20.0,28.0,83918.0,1,1242,65,8,0,0,3,0.0,0.0,0.0,0.0,1.0,0.0,0.0,0.0,0.0,0.0,0.0,0.0,0.0,0.0,0.0,0.0,1.0,0.0,4.0,1,1,2.090909090909091,2599.0,0.015151515151515152,1,0
2282.0,1.0,2599.0,20.0,55.0,48803.0,1,1904,212,3,0,0,0,0.0,0.0,0.0,0.0,0.0,0.0,0.0,0.0,1.0,0.0,0.0,0.0,0.0,0.0,0.0,0.0,1.0,0.0,4.0,0,2,1.1979002624671915,1141.0,0.004694835680751174,0,0
2599.0,2.0,2599.0,20.0,62.0,118989.0,1,1363,65,8,0,1,2,0.0,0.0,0.0,0.0,0.0,0.0,0.0,0.0,0.0,0.0,0.0,0.0,0.0,0.0,0.0,0.0,1.0,0.0,4.0,2,3,1.905425219941349,866.3333333333334,0.015151515151515152,2,1
499.0,2.0,499.0,50.0,64.0,113808.0,1,1989,151,5,5,1,0,0.0,0.0,0.0,0.0,0.0,0.0,0.0,0.0,0.0,0.0,0.0,0.0,0.0,0.0,0.0,1.0,0.0,0.0,1.0,2,3,0.2507537688442211,166.33333333333334,0.006578947368421052,2,1
699.0,2.0,699.0,40.0,33.0,81709.0,1,1561,167,5,3,0,3,0.0,0.0,0.0,0.0,0.0,0.0,0.0,1.0,0.0,0.0,0.0,0.0,0.0,0.0,0.0,0.0,0.0,0.0,0.0,1,1,0.4475032010243278,699.0,0.005952380952380952,1,0
499.0,2.0,499.0,50.0,49.0,25110.0,1,1280,162,5,1,0,4,0.0,0.0,0.0,0.0,0.0,0.0,0.0,0.0,0.0,1.0,0.0,0.0,0.0,0.0,0.0,1.0,0.0,0.0,1.0,0,1,0.38953942232630756,499.0,0.006134969325153374,0,0
899.0,3.0,899.0,60.0,40.0,116468.0,1,1127,71,8,1,0,0,0.0,0.0,0.0,0.0,0.0,0.0,0.0,1.0,0.0,0.0,0.0,0.0,0.0,0.0,1.0,0.0,0.0,0.0,3.0,2,4,0.7969858156028369,224.75,0.013888888888888888,2,1
499.0,1.0,499.0,50.0,59.0,152001.0,1,1758,218,3,1,1,2,0.0,0.0,0.0,0.0,1.0,0.0,0.0,0.0,0.0,0.0,0.0,0.0,0.0,0.0,0.0,1.0,0.0,0.0,1.0,2,2,0.28368391131324616,249.5,0.0045662100456621,2,0
1299.0,3.0,1299.0,25.0,19.0,188876.0,1,1561,266,1,2,1,1,0.0,0.0,0.0,0.0,0.0,0.0,0.0,0.0,0.0,0.0,0.0,0.0,0.0,0.0,0.0,0.0,0.0,1.0,5.0,3,2,0.8316261203585147,649.5,0.003745318352059925,3,0
486.0,1.0,499.0,50.0,29.0,199635.0,1,1719,135,6,0,1,2,0.0,0.0,0.0,0.0,0.0,0.0,0.0,0.0,0.0,0.0,0.0,1.0,0.0,0.0,0.0,1.0,0.0,0.0,1.0,3,1,0.28255813953488373,486.0,0.007352941176470588,3,0
899.0,2.0,899.0,60.0,64.0,198570.0,1,2029,241,2,6,1,5,0.0,0.0,0.0,0.0,0.0,0.0,0.0,1.0,0.0,0.0,0.0,0.0,0.0,0.0,1.0,0.0,0.0,0.0,3.0,3,1,0.44285714285714284,899.0,0.004132231404958678,3,0
2599.0,3.0,2599.0,20.0,19.0,130659.0,1,1215,230,2,3,0,1,0.0,0.0,0.0,0.0,1.0,0.0,0.0,0.0,0.0,0.0,0.0,0.0,0.0,0.0,0.0,0.0,1.0,0.0,4.0,2,3,2.1373355263157894,866.3333333333334,0.004329004329004329,2,1
1999.0,2.0,1999.0,30.0,34.0,197643.0,1,1715,19,9,4,0,3,0.0,0.0,1.0,0.0,0.0,0.0,0.0,0.0,0.0,0.0,0.0,0.0,0.0,0.0,0.0,0.0,0.0,0.0,2.0,3,1,1.1649184149184149,1999.0,0.05,3,0
